Timestamp,UTC,Callsign,Position,Altitude,Speed,Direction
1783954776,2026-07-13T14:59:36Z,DLH727,"31.158314,121.806091",0,2,219
1783955747,2026-07-13T15:15:47Z,DLH727,"31.158495,121.810555",0,0,67
1783955838,2026-07-13T15:17:18Z,DLH727,"31.158705,121.811272",0,10,70
1783955960,2026-07-13T15:19:20Z,DLH727,"31.135117,121.82077",475,166,162
1783955970,2026-07-13T15:19:30Z,DLH727,"31.127747,121.82357",925,161,161
1783955980,2026-07-13T15:19:40Z,DLH727,"31.120823,121.826294",1425,155,161
1783955990,2026-07-13T15:19:50Z,DLH727,"31.114014,121.82917",1900,151,158
1783956000,2026-07-13T15:20:00Z,DLH727,"31.10788,121.832169",2275,150,156
1783956005,2026-07-13T15:20:05Z,DLH727,"31.104719,121.833801",2375,152,156
1783956010,2026-07-13T15:20:10Z,DLH727,"31.101334,121.835632",2450,157,155
1783956015,2026-07-13T15:20:15Z,DLH727,"31.098104,121.837502",2500,162,152
1783956020,2026-07-13T15:20:20Z,DLH727,"31.094742,121.839615",2575,166,151
1783956025,2026-07-13T15:20:25Z,DLH727,"31.091261,121.841988",2675,170,149
1783956030,2026-07-13T15:20:30Z,DLH727,"31.087879,121.84436",2775,172,148
1783956035,2026-07-13T15:20:35Z,DLH727,"31.084465,121.846786",2875,173,149
1783956040,2026-07-13T15:20:40Z,DLH727,"31.080971,121.848869",2975,172,156
1783956045,2026-07-13T15:20:45Z,DLH727,"31.077065,121.850464",3075,170,164
1783956050,2026-07-13T15:20:50Z,DLH727,"31.07332,121.851196",3150,168,174
1783956055,2026-07-13T15:20:55Z,DLH727,"31.0697,121.851143",3250,164,186
1783956060,2026-07-13T15:21:00Z,DLH727,"31.066078,121.850082",3375,163,200
1783956065,2026-07-13T15:21:05Z,DLH727,"31.062492,121.848045",3450,164,210
1783956070,2026-07-13T15:21:10Z,DLH727,"31.059189,121.845192",3525,167,220
1783956075,2026-07-13T15:21:15Z,DLH727,"31.056349,121.842278",3575,173,222
1783956080,2026-07-13T15:21:20Z,DLH727,"31.05337,121.839096",3625,176,224
1783956085,2026-07-13T15:21:25Z,DLH727,"31.050249,121.835632",3675,182,224
1783956090,2026-07-13T15:21:30Z,DLH727,"31.047224,121.832115",3725,188,225
1783956095,2026-07-13T15:21:35Z,DLH727,"31.044291,121.828598",3800,191,227
1783956108,2026-07-13T15:21:48Z,DLH727,"31.034866,121.816566",3925,202,227
1783956115,2026-07-13T15:21:55Z,DLH727,"31.031719,121.81234",3975,214,229
1783956125,2026-07-13T15:22:05Z,DLH727,"31.024925,121.803169",4100,226,230
1783956135,2026-07-13T15:22:15Z,DLH727,"31.017975,121.793678",4275,234,229
1783956145,2026-07-13T15:22:25Z,DLH727,"31.010605,121.783821",4425,242,229
1783956155,2026-07-13T15:22:35Z,DLH727,"31.003511,121.774384",4675,247,229
1783956165,2026-07-13T15:22:45Z,DLH727,"30.995783,121.764053",5025,247,229
1783956180,2026-07-13T15:23:00Z,DLH727,"30.984797,121.749557",5600,243,228
1783956195,2026-07-13T15:23:15Z,DLH727,"30.973345,121.734505",6075,248,230
1783956205,2026-07-13T15:23:25Z,DLH727,"30.966969,121.723351",6400,252,244
1783956210,2026-07-13T15:23:30Z,DLH727,"30.964874,121.71656",6575,254,254
1783956215,2026-07-13T15:23:35Z,DLH727,"30.963802,121.709671",6700,259,265
1783956220,2026-07-13T15:23:40Z,DLH727,"30.963755,121.703247",6850,265,273
1783956225,2026-07-13T15:23:45Z,DLH727,"30.964594,121.695663",6975,271,280
1783956230,2026-07-13T15:23:50Z,DLH727,"30.965931,121.68882",7100,275,283
1783956235,2026-07-13T15:23:55Z,DLH727,"30.967575,121.681175",7275,276,284
1783956240,2026-07-13T15:24:00Z,DLH727,"30.969086,121.674339",7450,274,284
1783956245,2026-07-13T15:24:05Z,DLH727,"30.970688,121.667015",7600,276,284
1783956250,2026-07-13T15:24:10Z,DLH727,"30.972198,121.659691",7725,277,283
1783956265,2026-07-13T15:24:25Z,DLH727,"30.976419,121.638153",8050,276,282
1783956280,2026-07-13T15:24:40Z,DLH727,"30.98053,121.615913",8300,278,282
1783956295,2026-07-13T15:24:55Z,DLH727,"30.984425,121.594261",8550,282,282
1783956310,2026-07-13T15:25:10Z,DLH727,"30.988476,121.571739",8900,282,282
1783956325,2026-07-13T15:25:25Z,DLH727,"30.992571,121.549492",9450,282,282
1783956345,2026-07-13T15:25:45Z,DLH727,"30.998251,121.518784",10025,286,282
1783956360,2026-07-13T15:26:00Z,DLH727,"31.002136,121.497589",10400,288,281
1783956385,2026-07-13T15:26:25Z,DLH727,"31.009964,121.454453",10725,311,281
1783956400,2026-07-13T15:26:40Z,DLH727,"31.01473,121.427933",10975,322,282
1783956414,2026-07-13T15:26:54Z,DLH727,"31.01906,121.404312",11125,334,281
1783956435,2026-07-13T15:27:15Z,DLH727,"31.025024,121.37146",11300,349,282
1783956459,2026-07-13T15:27:39Z,DLH727,"31.034454,121.320297",11600,366,281
1783956475,2026-07-13T15:27:55Z,DLH727,"31.039915,121.290604",11900,372,282
1783956491,2026-07-13T15:28:11Z,DLH727,"31.045734,121.259018",12300,374,282
1783956506,2026-07-13T15:28:26Z,DLH727,"31.054138,121.22966",13000,374,292
1783956512,2026-07-13T15:28:32Z,DLH727,"31.05835,121.220291",13150,380,299
1783956516,2026-07-13T15:28:36Z,DLH727,"31.063145,121.211502",13250,384,302
1783956520,2026-07-13T15:28:40Z,DLH727,"31.06752,121.204742",13325,388,302
1783956527,2026-07-13T15:28:47Z,DLH727,"31.072037,121.198647",13425,391,312
1783956535,2026-07-13T15:28:55Z,DLH727,"31.083256,121.186562",13625,397,321
1783956540,2026-07-13T15:29:00Z,DLH727,"31.090517,121.180351",13750,400,326
1783956545,2026-07-13T15:29:05Z,DLH727,"31.098358,121.174782",13875,404,331
1783956550,2026-07-13T15:29:10Z,DLH727,"31.107742,121.169418",14025,407,336
1783956555,2026-07-13T15:29:15Z,DLH727,"31.116121,121.165634",14150,410,340
1783956560,2026-07-13T15:29:20Z,DLH727,"31.125244,121.162498",14275,412,346
1783956573,2026-07-13T15:29:33Z,DLH727,"31.154022,121.157875",14700,414,355
1783956575,2026-07-13T15:29:35Z,DLH727,"31.158157,121.157501",14775,414,355
1783956583,2026-07-13T15:29:43Z,DLH727,"31.172821,121.1558",15000,414,353
1783956589,2026-07-13T15:29:49Z,DLH727,"31.183868,121.154266",15175,412,353
1783956591,2026-07-13T15:29:51Z,DLH727,"31.187532,121.153709",15225,412,353
1783956594,2026-07-13T15:29:54Z,DLH727,"31.194376,121.152779",15325,412,352
1783956596,2026-07-13T15:29:56Z,DLH727,"31.196915,121.152382",15375,411,352
1783956598,2026-07-13T15:29:58Z,DLH727,"31.201859,121.15168",15450,412,353
1783956601,2026-07-13T15:30:01Z,DLH727,"31.206293,121.151077",15525,410,353
1783956632,2026-07-13T15:30:32Z,DLH727,"31.264437,121.143112",16350,409,353
1783956663,2026-07-13T15:31:03Z,DLH727,"31.322393,121.134979",17125,410,353
1783956698,2026-07-13T15:31:38Z,DLH727,"31.388077,121.12561",18000,408,352
1783956729,2026-07-13T15:32:09Z,DLH727,"31.447403,121.115921",18650,407,347
1783956734,2026-07-13T15:32:14Z,DLH727,"31.458298,121.112259",18750,406,342
1783956737,2026-07-13T15:32:17Z,DLH727,"31.461365,121.110962",18775,405,340
1783956739,2026-07-13T15:32:19Z,DLH727,"31.465118,121.109299",18825,404,338
1783956741,2026-07-13T15:32:21Z,DLH727,"31.469879,121.106926",18875,404,336
1783956743,2026-07-13T15:32:23Z,DLH727,"31.473177,121.105148",18900,402,335
1783956745,2026-07-13T15:32:25Z,DLH727,"31.475876,121.103699",18925,403,334
1783956749,2026-07-13T15:32:29Z,DLH727,"31.481602,121.100479",18975,403,334
1783956751,2026-07-13T15:32:31Z,DLH727,"31.48514,121.09845",19000,404,334
1783956753,2026-07-13T15:32:33Z,DLH727,"31.489426,121.095993",19050,404,334
1783956755,2026-07-13T15:32:35Z,DLH727,"31.492636,121.094162",19075,404,334
1783956757,2026-07-13T15:32:37Z,DLH727,"31.496592,121.091965",19125,404,334
1783956759,2026-07-13T15:32:39Z,DLH727,"31.499588,121.090286",19150,406,334
1783956762,2026-07-13T15:32:42Z,DLH727,"31.502701,121.088509",19175,405,334
1783956793,2026-07-13T15:33:13Z,DLH727,"31.557529,121.059067",19650,413,335
1783956825,2026-07-13T15:33:45Z,DLH727,"31.614029,121.02932",20250,414,335
1783956857,2026-07-13T15:34:17Z,DLH727,"31.668686,121.000351",20925,413,335
1783956890,2026-07-13T15:34:50Z,DLH727,"31.728973,120.96814",21175,426,335
1783956921,2026-07-13T15:35:21Z,DLH727,"31.785828,120.937668",21450,435,335
1783956953,2026-07-13T15:35:53Z,DLH727,"31.843174,120.907005",21700,444,335
1783956984,2026-07-13T15:36:24Z,DLH727,"31.901413,120.875809",21950,451,335
1783957015,2026-07-13T15:36:55Z,DLH727,"31.961563,120.843567",22225,456,335
1783957047,2026-07-13T15:37:27Z,DLH727,"32.023132,120.810501",22500,464,335
1783957077,2026-07-13T15:37:57Z,DLH727,"32.082451,120.778534",22750,470,335
1783957109,2026-07-13T15:38:29Z,DLH727,"32.1465,120.743866",23100,472,334
1783957123,2026-07-13T15:38:43Z,DLH727,"32.171127,120.727219",23200,469,325
1783957125,2026-07-13T15:38:45Z,DLH727,"32.174698,120.724258",23200,468,323
1783957127,2026-07-13T15:38:47Z,DLH727,"32.179886,120.71962",23225,467,322
1783957129,2026-07-13T15:38:49Z,DLH727,"32.181564,120.718048",23250,468,320
1783957131,2026-07-13T15:38:51Z,DLH727,"32.186588,120.713013",23275,466,319
1783957133,2026-07-13T15:38:53Z,DLH727,"32.190079,120.709366",23275,466,318
1783957135,2026-07-13T15:38:55Z,DLH727,"32.193295,120.705833",23300,466,317
1783957137,2026-07-13T15:38:57Z,DLH727,"32.196533,120.702286",23325,466,316
1783957140,2026-07-13T15:39:00Z,DLH727,"32.199509,120.698929",23350,466,316
1783957142,2026-07-13T15:39:02Z,DLH727,"32.202324,120.695801",23375,466,316
1783957144,2026-07-13T15:39:04Z,DLH727,"32.206512,120.69104",23400,466,316
1783957146,2026-07-13T15:39:06Z,DLH727,"32.20982,120.687393",23425,466,316
1783957148,2026-07-13T15:39:08Z,DLH727,"32.213264,120.683525",23450,466,316
1783957150,2026-07-13T15:39:10Z,DLH727,"32.2164,120.680038",23450,468,316
1783957182,2026-07-13T15:39:42Z,DLH727,"32.268814,120.624283",23825,470,318
1783957214,2026-07-13T15:40:14Z,DLH727,"32.319775,120.570915",24275,470,318
1783957245,2026-07-13T15:40:45Z,DLH727,"32.3703,120.51738",24575,472,317
1783957276,2026-07-13T15:41:16Z,DLH727,"32.421074,120.463242",24825,478,317
1783957308,2026-07-13T15:41:48Z,DLH727,"32.472839,120.408028",25075,480,317
1783957340,2026-07-13T15:42:20Z,DLH727,"32.526489,120.350777",25375,482,317
1783957372,2026-07-13T15:42:52Z,DLH727,"32.579041,120.294632",25725,483,317
1783957404,2026-07-13T15:43:24Z,DLH727,"32.632462,120.237396",26150,482,317
1783957436,2026-07-13T15:43:56Z,DLH727,"32.686203,120.179611",26425,484,317
1783957474,2026-07-13T15:44:34Z,DLH727,"32.745251,120.116219",26700,486,317
1783957509,2026-07-13T15:45:09Z,DLH727,"32.804169,120.052773",27025,488,318
1783957554,2026-07-13T15:45:54Z,DLH727,"32.879242,119.97171",27250,492,317
1783957583,2026-07-13T15:46:23Z,DLH727,"32.928589,119.918297",27350,498,318
1783957618,2026-07-13T15:46:58Z,DLH727,"32.988235,119.853699",27625,498,317
1783957653,2026-07-13T15:47:33Z,DLH727,"33.04747,119.789429",27900,498,317
1783957687,2026-07-13T15:48:07Z,DLH727,"33.106022,119.725761",28325,494,317
1783957722,2026-07-13T15:48:42Z,DLH727,"33.163956,119.662804",28825,488,317
1783957757,2026-07-13T15:49:17Z,DLH727,"33.22261,119.598679",29050,489,318
1783957792,2026-07-13T15:49:52Z,DLH727,"33.2808,119.535118",29250,490,317
1783957826,2026-07-13T15:50:26Z,DLH727,"33.337555,119.472916",29425,492,317
1783957861,2026-07-13T15:51:01Z,DLH727,"33.396389,119.408272",29550,494,317
1783957896,2026-07-13T15:51:36Z,DLH727,"33.455605,119.34314",29825,494,317
1783957931,2026-07-13T15:52:11Z,DLH727,"33.514351,119.278397",30075,492,318
1783957966,2026-07-13T15:52:46Z,DLH727,"33.572845,119.213882",30100,491,318
1783957996,2026-07-13T15:53:16Z,DLH727,"33.623611,119.157715",30100,493,318
1783958036,2026-07-13T15:53:56Z,DLH727,"33.690079,119.084007",30100,494,317
1783958066,2026-07-13T15:54:26Z,DLH727,"33.740982,119.027451",30100,495,318
1783958101,2026-07-13T15:55:01Z,DLH727,"33.79985,118.962029",30100,495,318
1783958136,2026-07-13T15:55:36Z,DLH727,"33.855625,118.899933",30100,492,316
1783958165,2026-07-13T15:56:05Z,DLH727,"33.906418,118.843201",30100,491,317
1783958200,2026-07-13T15:56:40Z,DLH727,"33.965012,118.777618",30100,490,318
1783958244,2026-07-13T15:57:24Z,DLH727,"34.037319,118.696518",30100,488,316
1783958279,2026-07-13T15:57:59Z,DLH727,"34.09523,118.631462",30100,486,316
1783958309,2026-07-13T15:58:29Z,DLH727,"34.144363,118.576172",30100,486,316
1783958343,2026-07-13T15:59:03Z,DLH727,"34.200623,118.512657",30100,484,317
1783958378,2026-07-13T15:59:38Z,DLH727,"34.258072,118.447838",30100,482,316
1783958408,2026-07-13T16:00:08Z,DLH727,"34.306534,118.39296",30100,480,316
1783958443,2026-07-13T16:00:43Z,DLH727,"34.363358,118.328468",30100,480,316
1783958476,2026-07-13T16:01:16Z,DLH727,"34.416534,118.268112",30100,480,316
1783958516,2026-07-13T16:01:56Z,DLH727,"34.481991,118.193657",30100,482,317
1783958546,2026-07-13T16:02:26Z,DLH727,"34.530807,118.137947",30100,483,317
1783958581,2026-07-13T16:03:01Z,DLH727,"34.587616,118.072929",30100,485,317
1783958616,2026-07-13T16:03:36Z,DLH727,"34.642685,118.009926",30100,486,316
1783958645,2026-07-13T16:04:05Z,DLH727,"34.692535,117.952805",30100,486,316
1783958680,2026-07-13T16:04:40Z,DLH727,"34.749008,117.887878",30100,482,316
1783958723,2026-07-13T16:05:23Z,DLH727,"34.816605,117.804276",30100,486,313
1783958756,2026-07-13T16:05:56Z,DLH727,"34.867447,117.737617",30100,486,312
1783958791,2026-07-13T16:06:31Z,DLH727,"34.920555,117.668152",30100,486,312
1783958826,2026-07-13T16:07:06Z,DLH727,"34.974834,117.596802",30100,488,313
1783958856,2026-07-13T16:07:36Z,DLH727,"35.020828,117.53643",30100,490,313
1783958899,2026-07-13T16:08:19Z,DLH727,"35.088272,117.453323",30100,488,323
1783958904,2026-07-13T16:08:24Z,DLH727,"35.098434,117.444801",30100,488,326
1783958909,2026-07-13T16:08:29Z,DLH727,"35.106766,117.438751",30100,488,330
1783958914,2026-07-13T16:08:34Z,DLH727,"35.117752,117.431885",30100,488,334
1783958919,2026-07-13T16:08:39Z,DLH727,"35.128418,117.426193",30100,488,337
1783958929,2026-07-13T16:08:49Z,DLH727,"35.150429,117.417351",30100,489,345
1783958934,2026-07-13T16:08:54Z,DLH727,"35.160461,117.414421",30100,488,347
1783958939,2026-07-13T16:08:59Z,DLH727,"35.17231,117.411346",30100,490,348
1783958944,2026-07-13T16:09:04Z,DLH727,"35.183529,117.408592",30100,490,349
1783958949,2026-07-13T16:09:09Z,DLH727,"35.194096,117.405914",30100,490,348
1783958982,2026-07-13T16:09:42Z,DLH727,"35.26807,117.384361",30100,490,346
1783959017,2026-07-13T16:10:17Z,DLH727,"35.341995,117.361801",30100,488,346
1783959045,2026-07-13T16:10:45Z,DLH727,"35.40564,117.342911",30100,488,346
1783959075,2026-07-13T16:11:15Z,DLH727,"35.471882,117.323402",30100,489,346
1783959119,2026-07-13T16:11:59Z,DLH727,"35.569149,117.294792",30100,489,346
1783959153,2026-07-13T16:12:33Z,DLH727,"35.640793,117.273499",30100,482,346
1783959182,2026-07-13T16:13:02Z,DLH727,"35.705849,117.254219",30100,482,346
1783959217,2026-07-13T16:13:37Z,DLH727,"35.781876,117.231613",30100,484,346
1783959247,2026-07-13T16:14:07Z,DLH727,"35.847565,117.212105",30100,483,346
1783959276,2026-07-13T16:14:36Z,DLH727,"35.910831,117.193222",30100,482,346
1783959315,2026-07-13T16:15:15Z,DLH727,"35.995262,117.168022",30100,484,346
1783959345,2026-07-13T16:15:45Z,DLH727,"36.061481,117.148079",30100,482,346
1783959380,2026-07-13T16:16:20Z,DLH727,"36.136127,117.125481",30100,480,346
1783959422,2026-07-13T16:17:02Z,DLH727,"36.2276,117.097778",30100,482,347
1783959452,2026-07-13T16:17:32Z,DLH727,"36.292831,117.07798",30100,481,347
1783959486,2026-07-13T16:18:06Z,DLH727,"36.366562,117.055588",30100,484,346
1783959515,2026-07-13T16:18:35Z,DLH727,"36.429611,117.036438",30100,485,346
1783959550,2026-07-13T16:19:10Z,DLH727,"36.505463,117.013268",30100,484,346
1783959585,2026-07-13T16:19:45Z,DLH727,"36.582191,116.989845",30100,485,347
1783959620,2026-07-13T16:20:20Z,DLH727,"36.65905,116.966293",30100,484,346
1783959655,2026-07-13T16:20:55Z,DLH727,"36.73439,116.943169",30100,484,346
1783959699,2026-07-13T16:21:39Z,DLH727,"36.830612,116.913589",30100,486,347
1783959734,2026-07-13T16:22:14Z,DLH727,"36.906799,116.890114",30100,486,346
1783959769,2026-07-13T16:22:49Z,DLH727,"36.983517,116.866409",30100,485,346
1783959809,2026-07-13T16:23:29Z,DLH727,"37.070206,116.839539",30100,486,346
1783959844,2026-07-13T16:24:04Z,DLH727,"37.146931,116.815758",30100,488,346
1783959879,2026-07-13T16:24:39Z,DLH727,"37.221401,116.79261",30100,488,346
1783959912,2026-07-13T16:25:12Z,DLH727,"37.293091,116.767311",30100,487,343
1783959949,2026-07-13T16:25:49Z,DLH727,"37.375031,116.734589",30100,485,343
1783959983,2026-07-13T16:26:23Z,DLH727,"37.447601,116.706749",30100,484,344
1783960018,2026-07-13T16:26:58Z,DLH727,"37.522964,116.678207",30100,484,344
1783960051,2026-07-13T16:27:31Z,DLH727,"37.593891,116.651253",30100,486,344
1783960086,2026-07-13T16:28:06Z,DLH727,"37.669281,116.622559",30100,489,344
1783960115,2026-07-13T16:28:35Z,DLH727,"37.732269,116.59848",30100,490,343
1783960158,2026-07-13T16:29:18Z,DLH727,"37.826389,116.562492",30100,491,343
1783960193,2026-07-13T16:29:53Z,DLH727,"37.902786,116.53228",30100,490,340
1783960228,2026-07-13T16:30:28Z,DLH727,"37.975029,116.492462",30100,490,333
1783960256,2026-07-13T16:30:56Z,DLH727,"38.03027,116.452393",30100,489,328
1783960297,2026-07-13T16:31:37Z,DLH727,"38.102829,116.387291",30100,492,324
1783960331,2026-07-13T16:32:11Z,DLH727,"38.171021,116.333633",30100,493,335
1783960336,2026-07-13T16:32:16Z,DLH727,"38.181976,116.327393",30100,493,337
1783960341,2026-07-13T16:32:21Z,DLH727,"38.192852,116.321693",30100,494,338
1783960346,2026-07-13T16:32:26Z,DLH727,"38.201839,116.31739",30100,494,340
1783960375,2026-07-13T16:32:55Z,DLH727,"38.267384,116.295059",30100,495,350
1783960385,2026-07-13T16:33:05Z,DLH727,"38.290146,116.290749",30125,496,353
1783960390,2026-07-13T16:33:10Z,DLH727,"38.300758,116.28933",30100,496,355
1783960395,2026-07-13T16:33:15Z,DLH727,"38.311981,116.2883",30100,496,356
1783960409,2026-07-13T16:33:29Z,DLH727,"38.34425,116.287537",30100,497,1
1783960414,2026-07-13T16:33:34Z,DLH727,"38.356201,116.288124",30100,497,3
1783960419,2026-07-13T16:33:39Z,DLH727,"38.367191,116.289108",30100,497,4
1783960424,2026-07-13T16:33:44Z,DLH727,"38.37891,116.290627",30125,498,6
1783960429,2026-07-13T16:33:49Z,DLH727,"38.390533,116.292564",30125,498,8
1783960434,2026-07-13T16:33:54Z,DLH727,"38.401829,116.294884",30125,500,10
1783960439,2026-07-13T16:33:59Z,DLH727,"38.413742,116.297867",30100,500,12
1783960449,2026-07-13T16:34:09Z,DLH727,"38.435669,116.304688",30100,500,15
1783960454,2026-07-13T16:34:14Z,DLH727,"38.447388,116.308853",30100,501,16
1783960487,2026-07-13T16:34:47Z,DLH727,"38.520809,116.334709",30125,502,15
1783960517,2026-07-13T16:35:17Z,DLH727,"38.588242,116.357513",30100,501,14
1783960554,2026-07-13T16:35:54Z,DLH727,"38.675274,116.387512",30100,500,15
1783960590,2026-07-13T16:36:30Z,DLH727,"38.754181,116.415314",30100,500,15
1783960624,2026-07-13T16:37:04Z,DLH727,"38.82811,116.441467",30100,502,15
1783960655,2026-07-13T16:37:35Z,DLH727,"38.901283,116.467285",30100,502,15
1783960686,2026-07-13T16:38:06Z,DLH727,"38.970646,116.491882",30100,503,15
1783960718,2026-07-13T16:38:38Z,DLH727,"39.037903,116.515678",30100,504,15
1783960749,2026-07-13T16:39:09Z,DLH727,"39.113934,116.542725",30100,505,15
1783960780,2026-07-13T16:39:40Z,DLH727,"39.183151,116.567451",30100,506,16
1783960816,2026-07-13T16:40:16Z,DLH727,"39.264038,116.603752",30100,508,20
1783960848,2026-07-13T16:40:48Z,DLH727,"39.331661,116.635376",30100,507,19
1783960879,2026-07-13T16:41:19Z,DLH727,"39.402325,116.668091",30100,508,19
1783960912,2026-07-13T16:41:52Z,DLH727,"39.474152,116.701553",30100,510,19
1783960942,2026-07-13T16:42:22Z,DLH727,"39.541611,116.733093",30100,512,19
1783960973,2026-07-13T16:42:53Z,DLH727,"39.610382,116.765381",30100,510,19
1783961004,2026-07-13T16:43:24Z,DLH727,"39.679047,116.795357",30100,506,16
1783961037,2026-07-13T16:43:57Z,DLH727,"39.751831,116.816254",30100,502,9
1783961068,2026-07-13T16:44:28Z,DLH727,"39.825066,116.827209",30100,500,3
1783961102,2026-07-13T16:45:02Z,DLH727,"39.901245,116.828377",30100,496,357
1783961134,2026-07-13T16:45:34Z,DLH727,"39.968353,116.820686",30100,492,352
1783961169,2026-07-13T16:46:09Z,DLH727,"40.052078,116.803589",30100,494,351
1783961203,2026-07-13T16:46:43Z,DLH727,"40.131775,116.788025",30100,494,351
1783961230,2026-07-13T16:47:10Z,DLH727,"40.188408,116.776802",30100,492,351
1783961277,2026-07-13T16:47:57Z,DLH727,"40.297012,116.754768",30100,488,350
1783961314,2026-07-13T16:48:34Z,DLH727,"40.378784,116.729004",30100,484,342
1783961344,2026-07-13T16:49:04Z,DLH727,"40.43821,116.704018",30100,485,343
1783961378,2026-07-13T16:49:38Z,DLH727,"40.51162,116.674683",30100,486,343
1783961408,2026-07-13T16:50:08Z,DLH727,"40.574524,116.649414",30100,486,343
1783961441,2026-07-13T16:50:41Z,DLH727,"40.647491,116.619751",30100,488,343
1783961471,2026-07-13T16:51:11Z,DLH727,"40.711761,116.593567",30100,490,343
1783961506,2026-07-13T16:51:46Z,DLH727,"40.789398,116.569443",30100,495,351
1783961541,2026-07-13T16:52:21Z,DLH727,"40.869419,116.558037",30100,498,357
1783961576,2026-07-13T16:52:56Z,DLH727,"40.948002,116.55127",30100,495,356
1783961610,2026-07-13T16:53:30Z,DLH727,"41.027,116.543465",30100,495,356
1783961640,2026-07-13T16:54:00Z,DLH727,"41.096649,116.536797",30100,496,355
1783961683,2026-07-13T16:54:43Z,DLH727,"41.19278,116.515694",30100,490,346
1783961717,2026-07-13T16:55:17Z,DLH727,"41.26577,116.48616",30100,485,340
1783961751,2026-07-13T16:55:51Z,DLH727,"41.335361,116.446709",30100,481,334
1783961780,2026-07-13T16:56:20Z,DLH727,"41.391548,116.405319",30100,480,329
1783961815,2026-07-13T16:56:55Z,DLH727,"41.45879,116.351639",30100,482,330
1783961858,2026-07-13T16:57:38Z,DLH727,"41.539398,116.287979",30100,481,330
1783961893,2026-07-13T16:58:13Z,DLH727,"41.607319,116.233948",30100,480,330
1783961921,2026-07-13T16:58:41Z,DLH727,"41.660709,116.191277",30100,478,330
1783961956,2026-07-13T16:59:16Z,DLH727,"41.723751,116.140823",30100,477,329
1783961991,2026-07-13T16:59:51Z,DLH727,"41.794739,116.083923",30100,478,329
1783962028,2026-07-13T17:00:28Z,DLH727,"41.85841,116.029228",30100,476,325
1783962063,2026-07-13T17:01:03Z,DLH727,"41.921028,115.958839",30100,469,317
1783962093,2026-07-13T17:01:33Z,DLH727,"41.965591,115.895729",30100,466,311
1783962128,2026-07-13T17:02:08Z,DLH727,"42.009338,115.818703",30100,465,305
1783962156,2026-07-13T17:02:36Z,DLH727,"42.040741,115.749458",30100,462,299
1783962199,2026-07-13T17:03:19Z,DLH727,"42.085461,115.638",30100,465,299
1783962233,2026-07-13T17:03:53Z,DLH727,"42.12067,115.551201",30100,464,299
1783962268,2026-07-13T17:04:28Z,DLH727,"42.15514,115.46537",30100,463,299
1783962297,2026-07-13T17:04:57Z,DLH727,"42.182381,115.386269",30100,458,292
1783962332,2026-07-13T17:05:32Z,DLH727,"42.204491,115.292",30100,452,285
1783962367,2026-07-13T17:06:07Z,DLH727,"42.217812,115.195869",30100,451,278
1783962395,2026-07-13T17:06:35Z,DLH727,"42.222092,115.117432",30100,452,272
1783962425,2026-07-13T17:07:05Z,DLH727,"42.220181,115.03347",30100,452,266
1783962460,2026-07-13T17:07:40Z,DLH727,"42.212959,114.935257",30100,454,265
1783962495,2026-07-13T17:08:15Z,DLH727,"42.206451,114.839188",30100,454,265
1783962532,2026-07-13T17:08:52Z,DLH727,"42.198719,114.730743",30100,455,265
1783962567,2026-07-13T17:09:27Z,DLH727,"42.191669,114.63353",30100,455,265
1783962596,2026-07-13T17:09:56Z,DLH727,"42.18581,114.554688",30100,455,265
1783962649,2026-07-13T17:10:49Z,DLH727,"42.174412,114.402573",30100,455,265
1783962683,2026-07-13T17:11:23Z,DLH727,"42.167271,114.307381",30100,455,265
1783962717,2026-07-13T17:11:57Z,DLH727,"42.159801,114.21067",30100,455,265
1783962751,2026-07-13T17:12:31Z,DLH727,"42.152401,114.115311",30125,455,264
1783962785,2026-07-13T17:13:05Z,DLH727,"42.144859,114.01931",30100,456,264
1783962829,2026-07-13T17:13:49Z,DLH727,"42.135132,113.896217",30100,456,264
1783962869,2026-07-13T17:14:29Z,DLH727,"42.125889,113.781837",30100,456,264
1783962909,2026-07-13T17:15:09Z,DLH727,"42.116909,113.671112",30100,456,264
1783962944,2026-07-13T17:15:44Z,DLH727,"42.108719,113.571602",30100,455,264
1783962978,2026-07-13T17:16:18Z,DLH727,"42.099049,113.479187",30100,453,259
1783963012,2026-07-13T17:16:52Z,DLH727,"42.081161,113.384087",30100,453,256
1783963042,2026-07-13T17:17:22Z,DLH727,"42.06583,113.302689",30100,454,256
1783963077,2026-07-13T17:17:57Z,DLH727,"42.047661,113.20536",30250,456,256
1783963107,2026-07-13T17:18:27Z,DLH727,"42.032162,113.123863",30575,454,256
1783963142,2026-07-13T17:19:02Z,DLH727,"42.014599,113.031647",30850,454,256
1783963177,2026-07-13T17:19:37Z,DLH727,"41.995838,112.933769",31525,445,256
1783963211,2026-07-13T17:20:11Z,DLH727,"41.97871,112.844566",32325,432,256
1783963246,2026-07-13T17:20:46Z,DLH727,"41.963879,112.750877",32625,431,262
1783963281,2026-07-13T17:21:21Z,DLH727,"41.958981,112.65892",32800,435,270
1783963316,2026-07-13T17:21:56Z,DLH727,"41.962891,112.564697",33025,438,277
1783963359,2026-07-13T17:22:39Z,DLH727,"41.98027,112.449631",33500,438,286
1783963394,2026-07-13T17:23:14Z,DLH727,"41.999149,112.358391",33850,436,285
1783963428,2026-07-13T17:23:48Z,DLH727,"42.016708,112.269409",34100,436,285
1783963463,2026-07-13T17:24:23Z,DLH727,"42.03474,112.178772",34125,439,285
1783963498,2026-07-13T17:24:58Z,DLH727,"42.053429,112.085518",34100,440,286
1783963533,2026-07-13T17:25:33Z,DLH727,"42.071819,111.993317",34100,437,285
1783963568,2026-07-13T17:26:08Z,DLH727,"42.09021,111.900612",34100,436,285
1783963603,2026-07-13T17:26:43Z,DLH727,"42.10725,111.814041",34100,434,285
1783963638,2026-07-13T17:27:18Z,DLH727,"42.125431,111.721222",34100,435,285
1783963673,2026-07-13T17:27:53Z,DLH727,"42.143742,111.627098",34100,436,285
1783963708,2026-07-13T17:28:28Z,DLH727,"42.161709,111.534737",34100,436,285
1783963742,2026-07-13T17:29:02Z,DLH727,"42.177719,111.451828",34100,435,285
1783963776,2026-07-13T17:29:36Z,DLH727,"42.192711,111.355629",34100,432,278
1783963816,2026-07-13T17:30:16Z,DLH727,"42.19672,111.249733",34100,429,269
1783963851,2026-07-13T17:30:51Z,DLH727,"42.190849,111.157623",34100,426,262
1783963886,2026-07-13T17:31:26Z,DLH727,"42.180611,111.065842",34100,426,263
1783963939,2026-07-13T17:32:19Z,DLH727,"42.16626,110.928894",34100,380,261
1783963970,2026-07-13T17:32:50Z,DLH727,"42.156555,110.839813",34100,425,261
1783964002,2026-07-13T17:33:22Z,DLH727,"42.147324,110.756493",34100,426,261
1783964035,2026-07-13T17:33:55Z,DLH727,"42.137695,110.669594",34100,428,261
1783964067,2026-07-13T17:34:27Z,DLH727,"42.128147,110.584099",34100,429,261
1783964098,2026-07-13T17:34:58Z,DLH727,"42.119068,110.503365",34100,430,261
1783964129,2026-07-13T17:35:29Z,DLH727,"42.109772,110.421089",34100,430,261
1783964161,2026-07-13T17:36:01Z,DLH727,"42.100113,110.336189",34100,431,261
1783964194,2026-07-13T17:36:34Z,DLH727,"42.090206,110.250099",34100,431,261
1783964226,2026-07-13T17:37:06Z,DLH727,"42.080109,110.16291",34100,432,261
1783964270,2026-07-13T17:37:50Z,DLH727,"42.066788,110.047989",34100,432,261
1783964304,2026-07-13T17:38:24Z,DLH727,"42.056221,109.958199",34100,433,260
1783964335,2026-07-13T17:38:55Z,DLH727,"42.046539,109.876122",34100,433,260
1783964368,2026-07-13T17:39:28Z,DLH727,"42.03616,109.788673",34100,432,260
1783964399,2026-07-13T17:39:59Z,DLH727,"42.026321,109.706787",34100,432,260
1783964430,2026-07-13T17:40:30Z,DLH727,"42.016479,109.624825",34100,431,260
1783964461,2026-07-13T17:41:01Z,DLH727,"42.006454,109.542183",34100,430,260
1783964494,2026-07-13T17:41:34Z,DLH727,"41.995937,109.455826",34100,429,260
1783964524,2026-07-13T17:42:04Z,DLH727,"41.985992,109.374641",34100,429,260
1783964556,2026-07-13T17:42:36Z,DLH727,"41.975826,109.292442",34100,428,260
1783964587,2026-07-13T17:43:07Z,DLH727,"41.965816,109.211769",34100,427,260
1783964619,2026-07-13T17:43:39Z,DLH727,"41.955532,109.129433",34100,426,260
1783964652,2026-07-13T17:44:12Z,DLH727,"41.944473,109.041618",34100,425,260
1783964683,2026-07-13T17:44:43Z,DLH727,"41.934311,108.96122",34100,427,260
1783964715,2026-07-13T17:45:15Z,DLH727,"41.923737,108.878342",34100,427,260
1783964746,2026-07-13T17:45:46Z,DLH727,"41.913307,108.797035",34100,428,260
1783964783,2026-07-13T17:46:23Z,DLH727,"41.90062,108.69873",34100,429,260
1783964815,2026-07-13T17:46:55Z,DLH727,"41.889984,108.616203",34100,429,260
1783964846,2026-07-13T17:47:26Z,DLH727,"41.879379,108.534996",34100,429,260
1783964877,2026-07-13T17:47:57Z,DLH727,"41.868896,108.454971",34100,428,260
1783964910,2026-07-13T17:48:30Z,DLH727,"41.857498,108.368828",34100,427,259
1783964943,2026-07-13T17:49:03Z,DLH727,"41.8461,108.283058",34100,427,259
1783964974,2026-07-13T17:49:34Z,DLH727,"41.835098,108.200768",34100,426,259
1783965007,2026-07-13T17:50:07Z,DLH727,"41.823929,108.117607",34100,424,259
1783965037,2026-07-13T17:50:37Z,DLH727,"41.813095,108.037369",34100,422,259
1783965070,2026-07-13T17:51:10Z,DLH727,"41.802048,107.95562",34100,421,259
1783965100,2026-07-13T17:51:40Z,DLH727,"41.791203,107.87661",34100,420,259
1783965131,2026-07-13T17:52:11Z,DLH727,"41.78054,107.798874",34100,422,259
1783965162,2026-07-13T17:52:42Z,DLH727,"41.769463,107.718712",34100,424,259
1783965194,2026-07-13T17:53:14Z,DLH727,"41.757751,107.634308",34100,424,259
1783965225,2026-07-13T17:53:45Z,DLH727,"41.746929,107.556915",34100,424,259
1783965258,2026-07-13T17:54:18Z,DLH727,"41.734779,107.470436",34100,426,259
1783965290,2026-07-13T17:54:50Z,DLH727,"41.723049,107.387207",34100,427,259
1783965321,2026-07-13T17:55:21Z,DLH727,"41.7117,107.307152",34100,425,259
1783965353,2026-07-13T17:55:53Z,DLH727,"41.700191,107.226242",34100,425,259
1783965386,2026-07-13T17:56:26Z,DLH727,"41.68808,107.141914",34100,426,259
1783965419,2026-07-13T17:56:59Z,DLH727,"41.675751,107.056465",34100,428,259
1783965452,2026-07-13T17:57:32Z,DLH727,"41.663315,106.970695",34100,427,258
1783965482,2026-07-13T17:58:02Z,DLH727,"41.65173,106.891098",34100,427,258
1783965513,2026-07-13T17:58:33Z,DLH727,"41.640289,106.813141",34100,426,258
1783965545,2026-07-13T17:59:05Z,DLH727,"41.627804,106.728348",34100,426,258
1783965576,2026-07-13T17:59:36Z,DLH727,"41.616302,106.650467",34100,426,258
1783965608,2026-07-13T18:00:08Z,DLH727,"41.603851,106.566948",34100,427,258
1783965639,2026-07-13T18:00:39Z,DLH727,"41.591812,106.486481",34100,428,258
1783965671,2026-07-13T18:01:11Z,DLH727,"41.579178,106.402466",34100,430,258
1783965702,2026-07-13T18:01:42Z,DLH727,"41.567093,106.322372",34100,431,258
1783965734,2026-07-13T18:02:14Z,DLH727,"41.554764,106.241371",34100,432,258
1783965764,2026-07-13T18:02:44Z,DLH727,"41.542694,106.16214",34100,432,258
1783965796,2026-07-13T18:03:16Z,DLH727,"41.526215,106.078056",34100,430,251
1783965828,2026-07-13T18:03:48Z,DLH727,"41.503098,106.000153",34100,430,247
1783965859,2026-07-13T18:04:19Z,DLH727,"41.480347,105.924995",34100,430,248
1783965890,2026-07-13T18:04:50Z,DLH727,"41.457329,105.847908",34100,429,248
1783965921,2026-07-13T18:05:21Z,DLH727,"41.434704,105.773109",34100,429,247
1783965953,2026-07-13T18:05:53Z,DLH727,"41.410637,105.694099",34100,429,247
1783965985,2026-07-13T18:06:25Z,DLH727,"41.386597,105.615318",34100,430,247
1783966016,2026-07-13T18:06:56Z,DLH727,"41.363201,105.539536",34100,430,247
1783966047,2026-07-13T18:07:27Z,DLH727,"41.339813,105.464294",34100,432,247
1783966080,2026-07-13T18:08:00Z,DLH727,"41.315018,105.384857",34100,432,247
1783966113,2026-07-13T18:08:33Z,DLH727,"41.289688,105.303894",34100,433,247
1783966145,2026-07-13T18:09:05Z,DLH727,"41.264835,105.224556",34100,435,247
1783966178,2026-07-13T18:09:38Z,DLH727,"41.239418,105.143532",34100,437,247
1783966210,2026-07-13T18:10:10Z,DLH727,"41.214523,105.064514",34100,437,247
1783966243,2026-07-13T18:10:43Z,DLH727,"41.188522,104.982361",34100,441,247
1783966274,2026-07-13T18:11:14Z,DLH727,"41.164143,104.905449",34100,443,247
1783966306,2026-07-13T18:11:46Z,DLH727,"41.13826,104.824158",34100,443,247
1783966337,2026-07-13T18:12:17Z,DLH727,"41.114044,104.748047",34100,444,247
1783966370,2026-07-13T18:12:50Z,DLH727,"41.087517,104.665123",34100,442,247
1783966401,2026-07-13T18:13:21Z,DLH727,"41.063683,104.586037",34100,444,249
1783966432,2026-07-13T18:13:52Z,DLH727,"41.044456,104.505577",34100,446,255
1783966465,2026-07-13T18:14:25Z,DLH727,"41.031654,104.420052",34100,445,261
1783966496,2026-07-13T18:14:56Z,DLH727,"41.025787,104.333984",34100,446,267
1783966527,2026-07-13T18:15:27Z,DLH727,"41.026768,104.249458",34100,447,273
1783966560,2026-07-13T18:16:00Z,DLH727,"41.035172,104.161255",34100,452,280
1783966590,2026-07-13T18:16:30Z,DLH727,"41.050369,104.077171",34100,457,286
1783966622,2026-07-13T18:17:02Z,DLH727,"41.072899,103.993401",34100,461,291
1783966654,2026-07-13T18:17:34Z,DLH727,"41.097061,103.909485",34100,459,290
1783966686,2026-07-13T18:18:06Z,DLH727,"41.121037,103.824547",34100,457,290
1783966718,2026-07-13T18:18:38Z,DLH727,"41.144173,103.742836",34100,456,290
1783966751,2026-07-13T18:19:11Z,DLH727,"41.168518,103.656921",34100,455,290
1783966799,2026-07-13T18:19:59Z,DLH727,"41.201057,103.541527",34100,453,290
1783966832,2026-07-13T18:20:32Z,DLH727,"41.225739,103.453369",34100,455,290
1783966860,2026-07-13T18:21:00Z,DLH727,"41.24762,103.375427",34100,457,290
1783966895,2026-07-13T18:21:35Z,DLH727,"41.273117,103.283936",34100,457,290
1783966939,2026-07-13T18:22:19Z,DLH727,"41.305161,103.168518",34100,459,290
1783966969,2026-07-13T18:22:49Z,DLH727,"41.327316,103.088623",34100,457,290
1783966997,2026-07-13T18:23:17Z,DLH727,"41.347595,103.015137",34100,457,290
1783967032,2026-07-13T18:23:52Z,DLH727,"41.372177,102.926636",34100,459,290
1783967066,2026-07-13T18:24:26Z,DLH727,"41.399372,102.833817",34100,459,291
1783967100,2026-07-13T18:25:00Z,DLH727,"41.425255,102.744392",34100,455,290
1783967143,2026-07-13T18:25:43Z,DLH727,"41.457607,102.631721",34100,455,290
1783967177,2026-07-13T18:26:17Z,DLH727,"41.48291,102.543762",34100,455,290
1783967212,2026-07-13T18:26:52Z,DLH727,"41.509781,102.450134",34100,455,290
1783967241,2026-07-13T18:27:21Z,DLH727,"41.531158,102.375099",34100,449,290
1783967275,2026-07-13T18:27:55Z,DLH727,"41.556152,102.287331",34100,447,290
1783967317,2026-07-13T18:28:37Z,DLH727,"41.586502,102.179909",34100,445,290
1783967346,2026-07-13T18:29:06Z,DLH727,"41.60783,102.104248",34100,445,290
1783967380,2026-07-13T18:29:40Z,DLH727,"41.631958,102.018608",34100,437,290
1783967419,2026-07-13T18:30:19Z,DLH727,"41.659836,101.919044",34100,435,290
1783967454,2026-07-13T18:30:54Z,DLH727,"41.684551,101.830742",34100,443,290
1783967489,2026-07-13T18:31:29Z,DLH727,"41.708862,101.743202",34100,447,290
1783967521,2026-07-13T18:32:01Z,DLH727,"41.731659,101.660904",34125,441,290
1783967554,2026-07-13T18:32:34Z,DLH727,"41.755096,101.576408",34100,441,290
1783967580,2026-07-13T18:33:00Z,DLH727,"41.774414,101.50631",34100,441,290
1783967615,2026-07-13T18:33:35Z,DLH727,"41.79879,101.417793",34400,443,290
1783967658,2026-07-13T18:34:18Z,DLH727,"41.828953,101.306206",34650,443,288
1783967692,2026-07-13T18:34:52Z,DLH727,"41.845295,101.219727",35000,439,280
1783967727,2026-07-13T18:35:27Z,DLH727,"41.85358,101.123718",35525,433,272
1783967762,2026-07-13T18:36:02Z,DLH727,"41.855629,101.027588",35725,432,271
1783967793,2026-07-13T18:36:33Z,DLH727,"41.857819,100.944878",35900,433,272
1783967826,2026-07-13T18:37:06Z,DLH727,"41.860016,100.856361",36100,432,271
1783967860,2026-07-13T18:37:40Z,DLH727,"41.861984,100.766663",36100,430,271
1783967895,2026-07-13T18:38:15Z,DLH727,"41.863953,100.673279",36100,432,271
1783967930,2026-07-13T18:38:50Z,DLH727,"41.865875,100.579712",36100,430,271
1783967974,2026-07-13T18:39:34Z,DLH727,"41.868164,100.462852",36100,428,271
1783968009,2026-07-13T18:40:09Z,DLH727,"41.869873,100.368668",36100,426,271
1783968044,2026-07-13T18:40:44Z,DLH727,"41.871506,100.27977",36100,428,271
1783968079,2026-07-13T18:41:19Z,DLH727,"41.873108,100.184761",36100,428,271
1783968114,2026-07-13T18:41:54Z,DLH727,"41.874619,100.091568",36100,428,271
1783968154,2026-07-13T18:42:34Z,DLH727,"41.876266,99.985321",36100,430,271
1783968189,2026-07-13T18:43:09Z,DLH727,"41.877602,99.892166",36100,430,271
1783968218,2026-07-13T18:43:38Z,DLH727,"41.878674,99.815132",36100,430,271
1783968252,2026-07-13T18:44:12Z,DLH727,"41.879837,99.726158",36100,428,270
1783968285,2026-07-13T18:44:45Z,DLH727,"41.880905,99.637245",36100,428,270
1783968320,2026-07-13T18:45:20Z,DLH727,"41.881977,99.544243",36100,428,270
1783968359,2026-07-13T18:45:59Z,DLH727,"41.883141,99.43898",36100,430,270
1783968388,2026-07-13T18:46:28Z,DLH727,"41.883865,99.363724",36100,430,270
1783968421,2026-07-13T18:47:01Z,DLH727,"41.884644,99.275703",36100,430,270
1783968456,2026-07-13T18:47:36Z,DLH727,"41.885468,99.182846",36100,430,270
1783968491,2026-07-13T18:48:11Z,DLH727,"41.886166,99.08876",36100,430,270
1783968526,2026-07-13T18:48:46Z,DLH727,"41.886772,98.995186",36100,430,270
1783968561,2026-07-13T18:49:21Z,DLH727,"41.887299,98.901733",36100,430,270
1783968604,2026-07-13T18:50:04Z,DLH727,"41.887894,98.788063",36100,430,270
1783968639,2026-07-13T18:50:39Z,DLH727,"41.88826,98.695099",36100,428,270
1783968673,2026-07-13T18:51:13Z,DLH727,"41.88858,98.60498",36100,428,270
1783968704,2026-07-13T18:51:44Z,DLH727,"41.888763,98.523956",36100,430,270
1783968737,2026-07-13T18:52:17Z,DLH727,"41.888947,98.433876",36100,432,270
1783968771,2026-07-13T18:52:51Z,DLH727,"41.889038,98.342369",36100,430,270
1783968806,2026-07-13T18:53:26Z,DLH727,"41.889042,98.252853",36100,428,270
1783968841,2026-07-13T18:54:01Z,DLH727,"41.888947,98.158783",36100,426,270
1783968875,2026-07-13T18:54:35Z,DLH727,"41.888851,98.068268",36100,426,270
1783968910,2026-07-13T18:55:10Z,DLH727,"41.88863,97.9748",36100,427,270
1783968945,2026-07-13T18:55:45Z,DLH727,"41.888351,97.882751",36100,428,269
1783968980,2026-07-13T18:56:20Z,DLH727,"41.888031,97.79454",36100,430,270
1783969019,2026-07-13T18:56:59Z,DLH727,"41.88752,97.6866",36100,430,270
1783969053,2026-07-13T18:57:33Z,DLH727,"41.88707,97.599358",36100,428,269
1783969082,2026-07-13T18:58:02Z,DLH727,"41.886539,97.519058",36100,428,270
1783969117,2026-07-13T18:58:37Z,DLH727,"41.885929,97.426888",36100,429,270
1783969150,2026-07-13T18:59:10Z,DLH727,"41.885239,97.339302",36100,430,269
1783969185,2026-07-13T18:59:45Z,DLH727,"41.884415,97.246048",36100,428,269
1783969220,2026-07-13T19:00:20Z,DLH727,"41.883545,97.152908",36100,428,269
1783969255,2026-07-13T19:00:55Z,DLH727,"41.882584,97.058586",36100,428,269
1783969290,2026-07-13T19:01:30Z,DLH727,"41.881577,96.967079",36100,428,269
1783969325,2026-07-13T19:02:05Z,DLH727,"41.880489,96.875008",36100,428,270
1783969365,2026-07-13T19:02:45Z,DLH727,"41.879181,96.76886",36100,431,270
1783969408,2026-07-13T19:03:28Z,DLH727,"41.87764,96.65403",36100,431,269
1783969436,2026-07-13T19:03:56Z,DLH727,"41.87653,96.57972",36100,431,269
1783969471,2026-07-13T19:04:31Z,DLH727,"41.875092,96.485191",36100,431,269
1783969507,2026-07-13T19:05:07Z,DLH727,"41.87355,96.389313",36100,430,268
1783969541,2026-07-13T19:05:41Z,DLH727,"41.872063,96.299576",36100,430,268
1783969575,2026-07-13T19:06:15Z,DLH727,"41.870499,96.209587",36100,430,269
1783969618,2026-07-13T19:06:58Z,DLH727,"41.87009,96.0951",36100,429,270
1783969652,2026-07-13T19:07:32Z,DLH727,"41.869732,96.00518",36100,428,270
1783969680,2026-07-13T19:08:00Z,DLH727,"41.86927,95.93338",36100,428,270
1783969715,2026-07-13T19:08:35Z,DLH727,"41.868622,95.84922",36100,429,270
1783969753,2026-07-13T19:09:13Z,DLH727,"41.867661,95.735741",36100,430,270
1783969793,2026-07-13T19:09:53Z,DLH727,"41.86665,95.632118",36100,429,270
1783969828,2026-07-13T19:10:28Z,DLH727,"41.86573,95.538582",36100,429,270
1783969863,2026-07-13T19:11:03Z,DLH727,"41.865372,95.444038",36100,429,272
1783969898,2026-07-13T19:11:38Z,DLH727,"41.87355,95.351173",36100,430,280
1783969928,2026-07-13T19:12:08Z,DLH727,"41.88858,95.275192",36100,434,292
1783969933,2026-07-13T19:12:13Z,DLH727,"41.892132,95.263603",36100,435,293
1783969938,2026-07-13T19:12:18Z,DLH727,"41.896591,95.250473",36100,437,296
1783969948,2026-07-13T19:12:28Z,DLH727,"41.90588,95.226929",36100,439,301
1783969953,2026-07-13T19:12:33Z,DLH727,"41.911011,95.215508",36100,441,303
1783969958,2026-07-13T19:12:38Z,DLH727,"41.915451,95.206429",36100,442,304
1783969963,2026-07-13T19:12:43Z,DLH727,"41.923359,95.191422",36100,444,307
1783969968,2026-07-13T19:12:48Z,DLH727,"41.92923,95.181297",36100,445,308
1783969973,2026-07-13T19:12:53Z,DLH727,"41.935612,95.171112",36100,448,311
1783969978,2026-07-13T19:12:58Z,DLH727,"41.940811,95.1632",36100,449,313
1783969982,2026-07-13T19:13:02Z,DLH727,"41.945251,95.156898",36100,450,314
1783969987,2026-07-13T19:13:07Z,DLH727,"41.955872,95.142853",36100,453,317
1783969992,2026-07-13T19:13:12Z,DLH727,"41.963581,95.133492",36100,455,320
1783970012,2026-07-13T19:13:32Z,DLH727,"41.995941,95.096313",36100,454,317
1783970032,2026-07-13T19:13:52Z,DLH727,"42.02367,95.054962",36100,448,310
1783970037,2026-07-13T19:13:57Z,DLH727,"42.030289,95.044388",36100,448,310
1783970072,2026-07-13T19:14:32Z,DLH727,"42.077591,94.970879",36100,451,312
1783970102,2026-07-13T19:15:02Z,DLH727,"42.118839,94.908012",36100,449,312
1783970137,2026-07-13T19:15:37Z,DLH727,"42.16795,94.832672",36100,448,312
1783970173,2026-07-13T19:16:13Z,DLH727,"42.213428,94.762573",36100,448,312
1783970207,2026-07-13T19:16:47Z,DLH727,"42.261978,94.687538",36100,449,312
1783970241,2026-07-13T19:17:21Z,DLH727,"42.30928,94.614128",36100,451,311
1783970281,2026-07-13T19:18:01Z,DLH727,"42.361229,94.533463",36100,453,311
1783970316,2026-07-13T19:18:36Z,DLH727,"42.4119,94.454582",36100,454,311
1783970350,2026-07-13T19:19:10Z,DLH727,"42.45763,94.383171",36100,453,311
1783970385,2026-07-13T19:19:45Z,DLH727,"42.506519,94.306702",36100,453,311
1783970428,2026-07-13T19:20:28Z,DLH727,"42.565128,94.214661",36100,452,311
1783970473,2026-07-13T19:21:13Z,DLH727,"42.623569,94.12262",36100,454,311
1783970503,2026-07-13T19:21:43Z,DLH727,"42.667221,94.053642",36100,456,311
1783970537,2026-07-13T19:22:17Z,DLH727,"42.714561,93.978577",36100,458,311
1783970572,2026-07-13T19:22:52Z,DLH727,"42.759911,93.906731",36100,460,311
1783970595,2026-07-13T19:23:15Z,DLH727,"42.79504,93.850769",36100,461,311
1783970630,2026-07-13T19:23:50Z,DLH727,"42.842579,93.77269",36100,458,308
1783970660,2026-07-13T19:24:20Z,DLH727,"42.876942,93.701241",36100,453,300
1783970695,2026-07-13T19:24:55Z,DLH727,"42.909618,93.611229",36100,449,294
1783970725,2026-07-13T19:25:25Z,DLH727,"42.930908,93.531532",36100,448,289
1783970774,2026-07-13T19:26:14Z,DLH727,"42.96339,93.401123",36100,449,289
1783970808,2026-07-13T19:26:48Z,DLH727,"42.986012,93.310478",36100,450,289
1783970838,2026-07-13T19:27:18Z,DLH727,"43.005749,93.230698",36100,451,289
1783970871,2026-07-13T19:27:51Z,DLH727,"43.027069,93.143532",36100,451,289
1783970911,2026-07-13T19:28:31Z,DLH727,"43.053699,93.034912",36100,453,289
1783970941,2026-07-13T19:29:01Z,DLH727,"43.072601,92.957283",36100,451,289
1783970976,2026-07-13T19:29:36Z,DLH727,"43.097118,92.856133",36100,452,289
1783971011,2026-07-13T19:30:11Z,DLH727,"43.12001,92.761658",36100,454,289
1783971049,2026-07-13T19:30:49Z,DLH727,"43.1451,92.657608",36100,458,289
1783971084,2026-07-13T19:31:24Z,DLH727,"43.168121,92.561348",36100,460,289
1783971119,2026-07-13T19:31:59Z,DLH727,"43.190601,92.467453",36100,459,289
1783971157,2026-07-13T19:32:37Z,DLH727,"43.21537,92.362984",36100,462,289
1783971199,2026-07-13T19:33:19Z,DLH727,"43.243149,92.245361",36100,463,288
1783971233,2026-07-13T19:33:53Z,DLH727,"43.265491,92.150574",36100,462,288
1783971267,2026-07-13T19:34:27Z,DLH727,"43.288231,92.053528",36100,462,288
1783971301,2026-07-13T19:35:01Z,DLH727,"43.310211,91.959137",36100,461,288
1783971335,2026-07-13T19:35:35Z,DLH727,"43.332279,91.864227",36100,460,288
1783971379,2026-07-13T19:36:19Z,DLH727,"43.360619,91.741531",36100,460,288
1783971414,2026-07-13T19:36:54Z,DLH727,"43.383049,91.643829",36100,462,288
1783971449,2026-07-13T19:37:29Z,DLH727,"43.405209,91.54718",36100,463,288
1783971484,2026-07-13T19:38:04Z,DLH727,"43.427509,91.449211",36100,461,288
1783971519,2026-07-13T19:38:39Z,DLH727,"43.449718,91.351448",36100,461,288
1783971554,2026-07-13T19:39:14Z,DLH727,"43.471218,91.255966",36100,463,288
1783971583,2026-07-13T19:39:43Z,DLH727,"43.490162,91.171829",36100,462,288
1783971613,2026-07-13T19:40:13Z,DLH727,"43.509022,91.087708",36100,461,288
1783971653,2026-07-13T19:40:53Z,DLH727,"43.53397,90.975868",36100,460,288
1783971681,2026-07-13T19:41:21Z,DLH727,"43.551479,90.897018",36100,460,287
1783971716,2026-07-13T19:41:56Z,DLH727,"43.571781,90.804939",36100,461,287
1783971745,2026-07-13T19:42:25Z,DLH727,"43.59124,90.716599",36100,461,287
1783971780,2026-07-13T19:43:00Z,DLH727,"43.612518,90.619637",36100,461,287
1783971824,2026-07-13T19:43:44Z,DLH727,"43.639561,90.495628",36100,462,287
1783971864,2026-07-13T19:44:24Z,DLH727,"43.66404,90.382561",36100,464,287
1783971899,2026-07-13T19:44:59Z,DLH727,"43.685349,90.283661",36100,463,287
1783971933,2026-07-13T19:45:33Z,DLH727,"43.70631,90.185944",36100,464,287
1783971962,2026-07-13T19:46:02Z,DLH727,"43.72414,90.102798",36100,464,287
1783971992,2026-07-13T19:46:32Z,DLH727,"43.742668,90.018639",36100,465,288
1783972027,2026-07-13T19:47:07Z,DLH727,"43.76553,89.92028",36100,464,288
1783972056,2026-07-13T19:47:36Z,DLH727,"43.784039,89.839287",36100,463,288
1783972091,2026-07-13T19:48:11Z,DLH727,"43.80629,89.74099",36100,459,288
1783972131,2026-07-13T19:48:51Z,DLH727,"43.831558,89.62851",36100,458,287
1783972161,2026-07-13T19:49:21Z,DLH727,"43.850189,89.544899",36100,460,288
1783972201,2026-07-13T19:50:01Z,DLH727,"43.876011,89.4319",36100,461,289
1783972241,2026-07-13T19:50:41Z,DLH727,"43.901958,89.320892",36100,460,288
1783972271,2026-07-13T19:51:11Z,DLH727,"43.92157,89.235672",36100,460,288
1783972306,2026-07-13T19:51:46Z,DLH727,"43.94392,89.13797",36100,461,288
1783972341,2026-07-13T19:52:21Z,DLH727,"43.96637,89.039459",36100,460,288
1783972376,2026-07-13T19:52:56Z,DLH727,"43.988621,88.941292",36100,458,288
1783972406,2026-07-13T19:53:26Z,DLH727,"44.007511,88.85788",36100,457,288
1783972441,2026-07-13T19:54:01Z,DLH727,"44.030499,88.759689",36100,458,290
1783972476,2026-07-13T19:54:36Z,DLH727,"44.056141,88.662292",36100,458,291
1783972516,2026-07-13T19:55:16Z,DLH727,"44.084412,88.552223",36100,458,290
1783972551,2026-07-13T19:55:51Z,DLH727,"44.108711,88.455566",36100,459,290
1783972586,2026-07-13T19:56:26Z,DLH727,"44.132999,88.358498",36100,457,289
1783972621,2026-07-13T19:57:01Z,DLH727,"44.152039,88.258667",36100,453,281
1783972656,2026-07-13T19:57:36Z,DLH727,"44.160782,88.157997",36100,452,274
1783972691,2026-07-13T19:58:11Z,DLH727,"44.16032,88.057343",36100,451,267
1783972731,2026-07-13T19:58:51Z,DLH727,"44.14851,87.942429",36100,450,258
1783972761,2026-07-13T19:59:21Z,DLH727,"44.131569,87.858253",36100,450,252
1783972796,2026-07-13T19:59:56Z,DLH727,"44.103821,87.764999",36100,451,245
1783972836,2026-07-13T20:00:36Z,DLH727,"44.061359,87.664574",36100,454,236
1783972876,2026-07-13T20:01:16Z,DLH727,"44.01067,87.571762",36100,456,233
1783972911,2026-07-13T20:01:51Z,DLH727,"43.966282,87.490646",36100,457,234
1783972946,2026-07-13T20:02:26Z,DLH727,"43.925159,87.405403",36100,454,239
1783972981,2026-07-13T20:03:01Z,DLH727,"43.885731,87.319008",36100,453,238
1783973011,2026-07-13T20:03:31Z,DLH727,"43.852249,87.24688",36100,455,238
1783973046,2026-07-13T20:04:06Z,DLH727,"43.81245,87.161148",36100,456,238
1783973080,2026-07-13T20:04:40Z,DLH727,"43.77335,87.076851",36100,458,238
1783973119,2026-07-13T20:05:19Z,DLH727,"43.728432,86.981178",36100,458,237
1783973154,2026-07-13T20:05:54Z,DLH727,"43.689548,86.898911",36100,458,237
1783973188,2026-07-13T20:06:28Z,DLH727,"43.65115,86.81115",36100,460,244
1783973198,2026-07-13T20:06:38Z,DLH727,"43.642441,86.78447",36100,460,248
1783973208,2026-07-13T20:06:48Z,DLH727,"43.634861,86.756927",36100,461,251
1783973213,2026-07-13T20:06:53Z,DLH727,"43.631611,86.743263",36100,461,253
1783973223,2026-07-13T20:07:03Z,DLH727,"43.625778,86.714828",36100,462,256
1783973238,2026-07-13T20:07:18Z,DLH727,"43.619171,86.6716",36100,463,261
1783973253,2026-07-13T20:07:33Z,DLH727,"43.615082,86.626747",36100,464,266
1783973263,2026-07-13T20:07:43Z,DLH727,"43.613911,86.597054",36100,465,269
1783973278,2026-07-13T20:07:58Z,DLH727,"43.614441,86.55278",36100,466,274
1783973283,2026-07-13T20:08:03Z,DLH727,"43.61517,86.539047",36100,466,275
1783973288,2026-07-13T20:08:08Z,DLH727,"43.61623,86.5243",36100,466,277
1783973298,2026-07-13T20:08:18Z,DLH727,"43.6194,86.49366",36100,468,280
1783973331,2026-07-13T20:08:51Z,DLH727,"43.63015,86.399689",36100,466,279
1783973374,2026-07-13T20:09:34Z,DLH727,"43.643051,86.270531",36100,469,278
1783973403,2026-07-13T20:10:03Z,DLH727,"43.651939,86.185318",36100,471,279
1783973443,2026-07-13T20:10:43Z,DLH727,"43.664322,86.066238",36100,472,279
1783973472,2026-07-13T20:11:12Z,DLH727,"43.673721,85.979767",36100,472,279
1783973507,2026-07-13T20:11:47Z,DLH727,"43.685211,85.875267",36100,474,279
1783973542,2026-07-13T20:12:22Z,DLH727,"43.69537,85.772369",36100,475,277
1783973571,2026-07-13T20:12:51Z,DLH727,"43.701832,85.68129",36100,476,276
1783973606,2026-07-13T20:13:26Z,DLH727,"43.709518,85.576981",36100,476,276
1783973640,2026-07-13T20:14:00Z,DLH727,"43.717442,85.474586",36100,476,277
1783973670,2026-07-13T20:14:30Z,DLH727,"43.724419,85.383453",36100,475,276
1783973705,2026-07-13T20:15:05Z,DLH727,"43.727539,85.276733",36100,474,269
1783973749,2026-07-13T20:15:49Z,DLH727,"43.717159,85.145348",36100,475,260
1783973784,2026-07-13T20:16:24Z,DLH727,"43.698582,85.04248",36100,475,253
1783973819,2026-07-13T20:16:59Z,DLH727,"43.67112,84.944",36100,474,246
1783973854,2026-07-13T20:17:34Z,DLH727,"43.636211,84.853363",36100,474,239
1783973887,2026-07-13T20:18:07Z,DLH727,"43.595539,84.76712",36100,475,238
1783973932,2026-07-13T20:18:52Z,DLH727,"43.542068,84.652786",36100,474,238
1783973972,2026-07-13T20:19:32Z,DLH727,"43.493988,84.543716",36100,474,242
1783974011,2026-07-13T20:20:11Z,DLH727,"43.472061,84.478455",36075,10,247
1783974035,2026-07-13T20:20:35Z,DLH727,"43.445621,84.372322",36100,475,255
1783974080,2026-07-13T20:21:20Z,DLH727,"43.426849,84.241119",36100,476,263
1783974115,2026-07-13T20:21:55Z,DLH727,"43.422298,84.135979",36100,476,270
1783974145,2026-07-13T20:22:25Z,DLH727,"43.425701,84.044632",36100,475,276
1783974187,2026-07-13T20:23:07Z,DLH727,"43.437881,83.911659",36100,475,276
1783974220,2026-07-13T20:23:40Z,DLH727,"43.445759,83.819412",36100,477,277
1783974255,2026-07-13T20:24:15Z,DLH727,"43.454929,83.714119",36100,480,277
1783974299,2026-07-13T20:24:59Z,DLH727,"43.466572,83.580261",36100,481,277
1783974333,2026-07-13T20:25:33Z,DLH727,"43.475647,83.473869",36100,480,276
1783974364,2026-07-13T20:26:04Z,DLH727,"43.48328,83.380806",36100,480,275
1783974396,2026-07-13T20:26:36Z,DLH727,"43.486954,83.282623",36100,481,272
1783974427,2026-07-13T20:27:07Z,DLH727,"43.490265,83.185799",36100,480,272
1783974458,2026-07-13T20:27:38Z,DLH727,"43.493683,83.09005",36100,479,272
1783974489,2026-07-13T20:28:09Z,DLH727,"43.496922,82.996933",36100,479,272
1783974522,2026-07-13T20:28:42Z,DLH727,"43.500183,82.8983",36100,478,272
1783974552,2026-07-13T20:29:12Z,DLH727,"43.503204,82.805618",36100,480,272
1783974583,2026-07-13T20:29:43Z,DLH727,"43.506092,82.712929",36100,482,272
1783974615,2026-07-13T20:30:15Z,DLH727,"43.509109,82.61393",36100,484,272
1783974645,2026-07-13T20:30:45Z,DLH727,"43.511959,82.520142",36100,484,272
1783974678,2026-07-13T20:31:18Z,DLH727,"43.514877,82.420197",36100,484,272
1783974710,2026-07-13T20:31:50Z,DLH727,"43.517624,82.32164",36100,483,272
1783974742,2026-07-13T20:32:22Z,DLH727,"43.52037,82.221809",36100,481,272
1783974773,2026-07-13T20:32:53Z,DLH727,"43.522842,82.128677",36100,480,272
1783974806,2026-07-13T20:33:26Z,DLH727,"43.525364,82.029289",36100,482,272
1783974836,2026-07-13T20:33:56Z,DLH727,"43.527695,81.935204",36100,484,271
1783974867,2026-07-13T20:34:27Z,DLH727,"43.529984,81.838432",36100,484,271
1783974900,2026-07-13T20:35:00Z,DLH727,"43.532272,81.740456",36100,481,271
1783974931,2026-07-13T20:35:31Z,DLH727,"43.534443,81.643913",36100,479,271
1783974962,2026-07-13T20:36:02Z,DLH727,"43.536396,81.548897",36100,480,271
1783974993,2026-07-13T20:36:33Z,DLH727,"43.538261,81.455383",36100,479,271
1783975026,2026-07-13T20:37:06Z,DLH727,"43.540169,81.356964",36100,479,271
1783975058,2026-07-13T20:37:38Z,DLH727,"43.541977,81.257629",36100,478,271
1783975091,2026-07-13T20:38:11Z,DLH727,"43.543716,81.159073",36100,477,271
1783975122,2026-07-13T20:38:42Z,DLH727,"43.545288,81.064583",36100,478,271
1783975154,2026-07-13T20:39:14Z,DLH727,"43.546917,80.965965",36100,479,271
1783975185,2026-07-13T20:39:45Z,DLH727,"43.548267,80.872261",36100,478,271
1783975216,2026-07-13T20:40:16Z,DLH727,"43.549664,80.777962",36100,477,271
1783975249,2026-07-13T20:40:49Z,DLH727,"43.551315,80.679314",36100,475,272
1783975279,2026-07-13T20:41:19Z,DLH727,"43.555672,80.587265",36100,473,274
1783975310,2026-07-13T20:41:50Z,DLH727,"43.560516,80.496445",36125,472,273
1783975343,2026-07-13T20:42:23Z,DLH727,"43.565323,80.396927",36450,473,273
1783975374,2026-07-13T20:42:54Z,DLH727,"43.569588,80.303062",36800,472,273
1783975406,2026-07-13T20:43:26Z,DLH727,"43.573826,80.208237",37025,475,273
1783975439,2026-07-13T20:43:59Z,DLH727,"43.578201,80.108772",37400,470,273
1783975471,2026-07-13T20:44:31Z,DLH727,"43.582344,80.013359",37800,462,273
1783975503,2026-07-13T20:45:03Z,DLH727,"43.586426,79.919281",38000,464,273
1783975535,2026-07-13T20:45:35Z,DLH727,"43.590397,79.822609",38000,468,273
1783975567,2026-07-13T20:46:07Z,DLH727,"43.594254,79.727211",38000,469,273
1783975598,2026-07-13T20:46:38Z,DLH727,"43.597939,79.635971",38000,469,273
1783975629,2026-07-13T20:47:09Z,DLH727,"43.601486,79.545357",38000,469,273
1783975662,2026-07-13T20:47:42Z,DLH727,"43.605247,79.447105",38000,469,273
1783975694,2026-07-13T20:48:14Z,DLH727,"43.608925,79.349739",38000,469,272
1783975725,2026-07-13T20:48:45Z,DLH727,"43.612278,79.256416",38000,468,272
1783975757,2026-07-13T20:49:17Z,DLH727,"43.615677,79.161858",38000,468,272
1783975788,2026-07-13T20:49:48Z,DLH727,"43.618927,79.069115",38000,468,272
1783975820,2026-07-13T20:50:20Z,DLH727,"43.622192,78.973129",38000,469,272
1783975852,2026-07-13T20:50:52Z,DLH727,"43.625244,78.881073",38000,468,272
1783975883,2026-07-13T20:51:23Z,DLH727,"43.628246,78.788651",38000,467,272
1783975916,2026-07-13T20:51:56Z,DLH727,"43.631317,78.691147",38000,468,272
1783975946,2026-07-13T20:52:26Z,DLH727,"43.634109,78.599525",38000,470,272
1783975979,2026-07-13T20:52:59Z,DLH727,"43.637043,78.501892",38000,469,272
1783976011,2026-07-13T20:53:31Z,DLH727,"43.639847,78.405716",38000,467,272
1783976043,2026-07-13T20:54:03Z,DLH727,"43.642536,78.310936",38000,466,272
1783976075,2026-07-13T20:54:35Z,DLH727,"43.645145,78.216637",38000,466,272
1783976108,2026-07-13T20:55:08Z,DLH727,"43.647705,78.119919",38000,468,272
1783976140,2026-07-13T20:55:40Z,DLH727,"43.650238,78.022537",38000,469,271
1783976173,2026-07-13T20:56:13Z,DLH727,"43.652618,77.925194",38000,471,271
1783976204,2026-07-13T20:56:44Z,DLH727,"43.654907,77.832321",38000,470,271
1783976234,2026-07-13T20:57:14Z,DLH727,"43.657013,77.741554",38000,469,271
1783976266,2026-07-13T20:57:46Z,DLH727,"43.659157,77.645348",38000,468,271
1783976299,2026-07-13T20:58:19Z,DLH727,"43.661224,77.549873",38000,467,271
1783976330,2026-07-13T20:58:50Z,DLH727,"43.663158,77.45433",38000,466,271
1783976361,2026-07-13T20:59:21Z,DLH727,"43.664978,77.364891",38000,465,271
1783976393,2026-07-13T20:59:53Z,DLH727,"43.666836,77.268349",38000,466,271
1783976425,2026-07-13T21:00:25Z,DLH727,"43.66856,77.173531",38000,467,271
1783976458,2026-07-13T21:00:58Z,DLH727,"43.670235,77.076675",38000,468,271
1783976490,2026-07-13T21:01:30Z,DLH727,"43.671864,76.980614",38000,468,271
1783976521,2026-07-13T21:02:01Z,DLH727,"43.67326,76.888992",38000,469,271
1783976554,2026-07-13T21:02:34Z,DLH727,"43.674751,76.790382",38000,470,271
1783976584,2026-07-13T21:03:04Z,DLH727,"43.676006,76.700722",38000,471,271
1783976615,2026-07-13T21:03:35Z,DLH727,"43.677265,76.605179",38000,472,270
1783976647,2026-07-13T21:04:07Z,DLH727,"43.678482,76.509621",38000,473,270
1783976679,2026-07-13T21:04:39Z,DLH727,"43.679592,76.414558",38000,475,270
1783976711,2026-07-13T21:05:11Z,DLH727,"43.680664,76.317314",38000,476,270
1783976743,2026-07-13T21:05:43Z,DLH727,"43.681595,76.221611",38000,474,270
1783976773,2026-07-13T21:06:13Z,DLH727,"43.682419,76.131233",38000,473,270
1783976805,2026-07-13T21:06:45Z,DLH727,"43.683224,76.034348",38000,472,270
1783976835,2026-07-13T21:07:15Z,DLH727,"43.683922,75.942734",38000,472,270
1783976867,2026-07-13T21:07:47Z,DLH727,"43.68457,75.845779",38000,472,270
1783976898,2026-07-13T21:08:18Z,DLH727,"43.68512,75.753159",38000,473,270
1783976930,2026-07-13T21:08:50Z,DLH727,"43.685623,75.657349",38000,474,270
1783976962,2026-07-13T21:09:22Z,DLH727,"43.686016,75.559647",38000,474,270
1783976994,2026-07-13T21:09:54Z,DLH727,"43.686344,75.463974",38000,476,270
1783977027,2026-07-13T21:10:27Z,DLH727,"43.686584,75.364677",38000,476,270
1783977059,2026-07-13T21:10:59Z,DLH727,"43.686722,75.267906",38000,474,270
1783977089,2026-07-13T21:11:29Z,DLH727,"43.68676,75.177811",38000,473,270
1783977121,2026-07-13T21:12:01Z,DLH727,"43.68681,75.078079",38000,474,270
1783977153,2026-07-13T21:12:33Z,DLH727,"43.686722,74.982582",38000,476,269
1783977186,2026-07-13T21:13:06Z,DLH727,"43.686577,74.883202",38000,478,269
1783977218,2026-07-13T21:13:38Z,DLH727,"43.686295,74.786026",38000,478,269
1783977250,2026-07-13T21:14:10Z,DLH727,"43.685944,74.687866",38000,478,269
1783977282,2026-07-13T21:14:42Z,DLH727,"43.685532,74.591736",38000,477,269
1783977313,2026-07-13T21:15:13Z,DLH727,"43.685028,74.497078",38000,476,269
1783977345,2026-07-13T21:15:45Z,DLH727,"43.684479,74.400307",38000,475,269
1783977378,2026-07-13T21:16:18Z,DLH727,"43.683781,74.300926",38000,475,269
1783977410,2026-07-13T21:16:50Z,DLH727,"43.683132,74.204208",38000,475,270
1783977441,2026-07-13T21:17:21Z,DLH727,"43.685715,74.109489",38000,475,272
1783977473,2026-07-13T21:17:53Z,DLH727,"43.688736,74.011635",38000,477,272
1783977506,2026-07-13T21:18:26Z,DLH727,"43.691483,73.91346",38000,478,272
1783977536,2026-07-13T21:18:56Z,DLH727,"43.694046,73.82148",38000,479,272
1783977567,2026-07-13T21:19:27Z,DLH727,"43.695099,73.726501",38000,481,267
1783977599,2026-07-13T21:19:59Z,DLH727,"43.689926,73.628998",38000,482,265
1783977632,2026-07-13T21:20:32Z,DLH727,"43.684708,73.528175",38000,484,266
1783977662,2026-07-13T21:21:02Z,DLH727,"43.680058,73.435822",38000,483,265
1783977695,2026-07-13T21:21:35Z,DLH727,"43.674656,73.334328",38000,482,265
1783977725,2026-07-13T21:22:05Z,DLH727,"43.669769,73.243103",38000,481,265
1783977757,2026-07-13T21:22:37Z,DLH727,"43.664337,73.143654",38000,480,265
1783977788,2026-07-13T21:23:08Z,DLH727,"43.659119,73.050201",38000,479,265
1783977821,2026-07-13T21:23:41Z,DLH727,"43.653477,72.950462",38000,479,265
1783977852,2026-07-13T21:24:12Z,DLH727,"43.647938,72.853416",38000,479,265
1783977883,2026-07-13T21:24:43Z,DLH727,"43.642582,72.761993",38000,480,265
1783977916,2026-07-13T21:25:16Z,DLH727,"43.636734,72.662552",38000,477,265
1783977946,2026-07-13T21:25:46Z,DLH727,"43.631195,72.57032",38000,476,265
1783977978,2026-07-13T21:26:18Z,DLH727,"43.625381,72.473549",38000,474,265
1783978010,2026-07-13T21:26:50Z,DLH727,"43.619522,72.377869",38000,476,265
1783978042,2026-07-13T21:27:22Z,DLH727,"43.613388,72.280075",38000,475,265
1783978073,2026-07-13T21:27:53Z,DLH727,"43.607574,72.188026",38000,476,264
1783978105,2026-07-13T21:28:25Z,DLH727,"43.601292,72.090324",38000,476,264
1783978136,2026-07-13T21:28:56Z,DLH727,"43.595242,71.9972",38000,477,264
1783978168,2026-07-13T21:29:28Z,DLH727,"43.588909,71.900681",38000,476,264
1783978200,2026-07-13T21:30:00Z,DLH727,"43.582443,71.804085",38000,476,264
1783978232,2026-07-13T21:30:32Z,DLH727,"43.575989,71.708145",38000,478,264
1783978262,2026-07-13T21:31:02Z,DLH727,"43.569717,71.615723",38000,478,264
1783978294,2026-07-13T21:31:34Z,DLH727,"43.562931,71.517921",38000,478,264
1783978326,2026-07-13T21:32:06Z,DLH727,"43.556229,71.422508",38000,479,264
1783978359,2026-07-13T21:32:39Z,DLH727,"43.549107,71.322655",38000,480,264
1783978391,2026-07-13T21:33:11Z,DLH727,"43.542114,71.224304",38000,481,264
1783978423,2026-07-13T21:33:43Z,DLH727,"43.535095,71.12706",38000,481,264
1783978455,2026-07-13T21:34:15Z,DLH727,"43.527969,71.030762",38000,480,264
1783978487,2026-07-13T21:34:47Z,DLH727,"43.520569,70.931526",38000,480,264
1783978519,2026-07-13T21:35:19Z,DLH727,"43.513309,70.83461",38000,479,264
1783978550,2026-07-13T21:35:50Z,DLH727,"43.506233,70.743187",38000,478,263
1783978582,2026-07-13T21:36:22Z,DLH727,"43.498642,70.645363",38025,479,263
1783978614,2026-07-13T21:36:54Z,DLH727,"43.491009,70.549423",38000,477,263
1783978644,2026-07-13T21:37:24Z,DLH727,"43.483746,70.45787",38000,477,263
1783978675,2026-07-13T21:37:55Z,DLH727,"43.476158,70.363312",38000,478,263
1783978706,2026-07-13T21:38:26Z,DLH727,"43.468735,70.272575",38000,479,263
1783978738,2026-07-13T21:38:58Z,DLH727,"43.460587,70.173508",38000,480,263
1783978770,2026-07-13T21:39:30Z,DLH727,"43.452484,70.076042",38000,480,263
1783978803,2026-07-13T21:40:03Z,DLH727,"43.444317,69.97879",38000,478,263
1783978834,2026-07-13T21:40:34Z,DLH727,"43.436371,69.885506",38000,476,263
1783978865,2026-07-13T21:41:05Z,DLH727,"43.428268,69.790268",38000,475,263
1783978896,2026-07-13T21:41:36Z,DLH727,"43.420578,69.700905",38000,474,263
1783978928,2026-07-13T21:42:08Z,DLH727,"43.412567,69.604332",38000,474,263
1783978960,2026-07-13T21:42:40Z,DLH727,"43.404602,69.508324",38000,475,263
1783978993,2026-07-13T21:43:13Z,DLH727,"43.396183,69.409462",38000,474,263
1783979024,2026-07-13T21:43:44Z,DLH727,"43.388214,69.316833",38000,473,263
1783979057,2026-07-13T21:44:17Z,DLH727,"43.379883,69.221024",38000,472,263
1783979087,2026-07-13T21:44:47Z,DLH727,"43.371883,69.128853",38000,472,263
1783979118,2026-07-13T21:45:18Z,DLH727,"43.364456,69.039238",38000,470,263
1783979151,2026-07-13T21:45:51Z,DLH727,"43.356567,68.942413",38000,469,263
1783979182,2026-07-13T21:46:22Z,DLH727,"43.348698,68.849098",38000,469,263
1783979214,2026-07-13T21:46:54Z,DLH727,"43.340561,68.753525",38000,468,263
1783979245,2026-07-13T21:47:25Z,DLH727,"43.332779,68.662766",38000,469,263
1783979278,2026-07-13T21:47:58Z,DLH727,"43.324448,68.567146",38000,470,263
1783979311,2026-07-13T21:48:31Z,DLH727,"43.313599,68.469345",38000,473,259
1783979341,2026-07-13T21:49:01Z,DLH727,"43.301773,68.38002",38000,473,259
1783979374,2026-07-13T21:49:34Z,DLH727,"43.285034,68.285271",38000,475,255
1783979405,2026-07-13T21:50:05Z,DLH727,"43.268097,68.195076",38000,474,255
1783979436,2026-07-13T21:50:36Z,DLH727,"43.251389,68.103996",38000,471,255
1783979466,2026-07-13T21:51:06Z,DLH727,"43.235321,68.01738",38000,468,255
1783979498,2026-07-13T21:51:38Z,DLH727,"43.218212,67.92598",38000,466,255
1783979531,2026-07-13T21:52:11Z,DLH727,"43.200569,67.832336",38000,466,255
1783979561,2026-07-13T21:52:41Z,DLH727,"43.184235,67.74572",38000,466,255
1783979593,2026-07-13T21:53:13Z,DLH727,"43.166588,67.652893",38000,467,255
1783979624,2026-07-13T21:53:44Z,DLH727,"43.150154,67.566765",38000,467,255
1783979655,2026-07-13T21:54:15Z,DLH727,"43.133102,67.477966",38000,467,255
1783979687,2026-07-13T21:54:47Z,DLH727,"43.115799,67.388176",38000,467,255
1783979719,2026-07-13T21:55:19Z,DLH727,"43.0979,67.295731",38000,467,255
1783979752,2026-07-13T21:55:52Z,DLH727,"43.079765,67.202194",38000,468,255
1783979784,2026-07-13T21:56:24Z,DLH727,"43.06192,67.110687",38000,468,255
1783979814,2026-07-13T21:56:54Z,DLH727,"43.044853,67.023796",38000,467,255
1783979846,2026-07-13T21:57:26Z,DLH727,"43.027115,66.933548",38000,465,255
1783979878,2026-07-13T21:57:58Z,DLH727,"43.00882,66.841072",38000,465,254
1783979910,2026-07-13T21:58:30Z,DLH727,"42.991272,66.75293",38000,466,254
1783979942,2026-07-13T21:59:02Z,DLH727,"42.973068,66.66288",38000,465,254
1783979973,2026-07-13T21:59:33Z,DLH727,"42.955147,66.575188",38000,465,254
1783980005,2026-07-13T22:00:05Z,DLH727,"42.93671,66.483505",38000,468,254
1783980038,2026-07-13T22:00:38Z,DLH727,"42.917999,66.39019",38000,468,254
1783980070,2026-07-13T22:01:10Z,DLH727,"42.899368,66.298019",38000,469,254
1783980103,2026-07-13T22:01:43Z,DLH727,"42.8806,66.205788",38000,470,254
1783980136,2026-07-13T22:02:16Z,DLH727,"42.861485,66.11219",38000,469,254
1783980168,2026-07-13T22:02:48Z,DLH727,"42.842209,66.018677",38000,468,254
1783980199,2026-07-13T22:03:19Z,DLH727,"42.824295,65.932854",38000,467,254
1783980231,2026-07-13T22:03:51Z,DLH727,"42.805016,65.840614",38000,467,254
1783980264,2026-07-13T22:04:24Z,DLH727,"42.785751,65.748993",38000,468,254
1783980297,2026-07-13T22:04:57Z,DLH727,"42.766376,65.657173",38000,468,254
1783980329,2026-07-13T22:05:29Z,DLH727,"42.74678,65.564552",38000,466,254
1783980360,2026-07-13T22:06:00Z,DLH727,"42.728577,65.478897",38000,465,253
1783980392,2026-07-13T22:06:32Z,DLH727,"42.709351,65.388901",38000,464,253
1783980425,2026-07-13T22:07:05Z,DLH727,"42.689938,65.298393",38000,465,253
1783980456,2026-07-13T22:07:36Z,DLH727,"42.67141,65.212349",38000,465,253
1783980486,2026-07-13T22:08:06Z,DLH727,"42.652817,65.126518",38000,465,253
1783980517,2026-07-13T22:08:37Z,DLH727,"42.633865,65.039063",38000,466,253
1783980550,2026-07-13T22:09:10Z,DLH727,"42.613873,64.947342",38000,466,253
1783980582,2026-07-13T22:09:42Z,DLH727,"42.594086,64.857147",38000,466,253
1783980613,2026-07-13T22:10:13Z,DLH727,"42.575409,64.772079",38000,466,253
1783980645,2026-07-13T22:10:45Z,DLH727,"42.555222,64.680756",38000,467,253
1783980676,2026-07-13T22:11:16Z,DLH727,"42.535942,64.593864",38000,467,253
1783980709,2026-07-13T22:11:49Z,DLH727,"42.515945,64.503975",38000,467,253
1783980741,2026-07-13T22:12:21Z,DLH727,"42.495491,64.41246",38000,468,253
1783980774,2026-07-13T22:12:54Z,DLH727,"42.475101,64.321754",38000,468,253
1783980806,2026-07-13T22:13:26Z,DLH727,"42.454834,64.231689",38000,467,252
1783980838,2026-07-13T22:13:58Z,DLH727,"42.434326,64.140869",38000,465,253
1783980870,2026-07-13T22:14:30Z,DLH727,"42.41478,64.053535",38000,466,253
1783980901,2026-07-13T22:15:01Z,DLH727,"42.395031,63.965981",38000,466,253
1783980933,2026-07-13T22:15:33Z,DLH727,"42.374771,63.877884",38000,466,252
1783980964,2026-07-13T22:16:04Z,DLH727,"42.35495,63.792301",38000,466,252
1783980996,2026-07-13T22:16:36Z,DLH727,"42.333893,63.701538",38000,467,252
1783981027,2026-07-13T22:17:07Z,DLH727,"42.314209,63.616894",38000,467,252
1783981058,2026-07-13T22:17:38Z,DLH727,"42.293964,63.530357",38000,467,252
1783981089,2026-07-13T22:18:09Z,DLH727,"42.273899,63.444702",38000,468,252
1783981121,2026-07-13T22:18:41Z,DLH727,"42.252766,63.355026",38000,469,252
1783981153,2026-07-13T22:19:13Z,DLH727,"42.23177,63.266304",38000,469,252
1783981186,2026-07-13T22:19:46Z,DLH727,"42.210495,63.176624",38000,468,252
1783981216,2026-07-13T22:20:16Z,DLH727,"42.190201,63.091175",38000,467,252
1783981248,2026-07-13T22:20:48Z,DLH727,"42.169624,63.005314",38000,468,252
1783981278,2026-07-13T22:21:18Z,DLH727,"42.148907,62.918892",38000,468,252
1783981311,2026-07-13T22:21:51Z,DLH727,"42.127579,62.829937",38000,469,252
1783981342,2026-07-13T22:22:22Z,DLH727,"42.106594,62.743046",38000,471,251
1783981375,2026-07-13T22:22:55Z,DLH727,"42.084248,62.650623",38000,472,251
1783981407,2026-07-13T22:23:27Z,DLH727,"42.06274,62.562283",38000,473,251
1783981438,2026-07-13T22:23:58Z,DLH727,"42.041519,62.475128",38000,472,251
1783981469,2026-07-13T22:24:29Z,DLH727,"42.020782,62.39061",38000,471,251
1783981501,2026-07-13T22:25:01Z,DLH727,"41.998219,62.298996",38000,470,251
1783981533,2026-07-13T22:25:33Z,DLH727,"41.976837,62.212269",38000,469,251
1783981563,2026-07-13T22:26:03Z,DLH727,"41.956329,62.12962",38000,470,251
1783981596,2026-07-13T22:26:36Z,DLH727,"41.933258,62.03661",38000,472,251
1783981627,2026-07-13T22:27:07Z,DLH727,"41.912285,61.952351",38000,473,251
1783981658,2026-07-13T22:27:38Z,DLH727,"41.890823,61.866512",38000,472,251
1783981691,2026-07-13T22:28:11Z,DLH727,"41.867844,61.774937",38000,471,251
1783981721,2026-07-13T22:28:41Z,DLH727,"41.847107,61.692539",38000,471,251
1783981753,2026-07-13T22:29:13Z,DLH727,"41.824112,61.60194",38000,472,251
1783981785,2026-07-13T22:29:45Z,DLH727,"41.801971,61.514824",38000,472,251
1783981816,2026-07-13T22:30:16Z,DLH727,"41.779751,61.427944",38000,472,251
1783981847,2026-07-13T22:30:47Z,DLH727,"41.758118,61.343475",38000,473,251
1783981878,2026-07-13T22:31:18Z,DLH727,"41.735962,61.257267",38000,472,250
1783981909,2026-07-13T22:31:49Z,DLH727,"41.713989,61.172062",38000,472,250
1783981940,2026-07-13T22:32:20Z,DLH727,"41.691673,61.085964",38000,471,250
1783981971,2026-07-13T22:32:51Z,DLH727,"41.669468,61.0005",38000,472,250
1783982004,2026-07-13T22:33:24Z,DLH727,"41.646145,60.911076",38000,471,250
1783982035,2026-07-13T22:33:55Z,DLH727,"41.623661,60.82523",38000,471,250
1783982066,2026-07-13T22:34:26Z,DLH727,"41.601082,60.739258",38000,470,250
1783982097,2026-07-13T22:34:57Z,DLH727,"41.578949,60.655457",38000,470,250
1783982128,2026-07-13T22:35:28Z,DLH727,"41.557983,60.570873",38000,469,253
1783982161,2026-07-13T22:36:01Z,DLH727,"41.537678,60.479546",38000,470,253
1783982192,2026-07-13T22:36:32Z,DLH727,"41.5177,60.392593",38000,471,252
1783982223,2026-07-13T22:37:03Z,DLH727,"41.498108,60.309128",38000,471,252
1783982256,2026-07-13T22:37:36Z,DLH727,"41.476276,60.216896",38000,471,252
1783982286,2026-07-13T22:38:06Z,DLH727,"41.45649,60.133541",38000,473,252
1783982318,2026-07-13T22:38:38Z,DLH727,"41.435349,60.045776",38000,474,252
1783982349,2026-07-13T22:39:09Z,DLH727,"41.414173,59.958397",38000,475,252
1783982382,2026-07-13T22:39:42Z,DLH727,"41.392136,59.867435",38000,474,252
1783982412,2026-07-13T22:40:12Z,DLH727,"41.371719,59.783478",38000,474,252
1783982443,2026-07-13T22:40:43Z,DLH727,"41.351578,59.697815",38000,472,254
1783982474,2026-07-13T22:41:14Z,DLH727,"41.337982,59.609863",38000,468,261
1783982505,2026-07-13T22:41:45Z,DLH727,"41.3302,59.5224",38000,469,263
1783982536,2026-07-13T22:42:16Z,DLH727,"41.32177,59.434349",38000,469,262
1783982568,2026-07-13T22:42:48Z,DLH727,"41.312668,59.340698",38000,467,262
1783982599,2026-07-13T22:43:19Z,DLH727,"41.304173,59.252262",38000,465,262
1783982630,2026-07-13T22:43:50Z,DLH727,"41.295746,59.164371",38000,464,262
1783982662,2026-07-13T22:44:22Z,DLH727,"41.286942,59.073914",38000,464,262
1783982694,2026-07-13T22:44:54Z,DLH727,"41.278244,58.985413",38000,466,262
1783982726,2026-07-13T22:45:26Z,DLH727,"41.269135,58.89325",38000,467,262
1783982759,2026-07-13T22:45:59Z,DLH727,"41.259933,58.801392",38000,468,262
1783982790,2026-07-13T22:46:30Z,DLH727,"41.251144,58.713684",38000,468,262
1783982821,2026-07-13T22:47:01Z,DLH727,"41.242302,58.626354",38000,467,262
1783982853,2026-07-13T22:47:33Z,DLH727,"41.232788,58.533447",38000,466,262
1783982884,2026-07-13T22:48:04Z,DLH727,"41.223907,58.447327",38000,465,262
1783982915,2026-07-13T22:48:35Z,DLH727,"41.21479,58.359436",38000,465,262
1783982947,2026-07-13T22:49:07Z,DLH727,"41.205341,58.268425",38000,466,262
1783982978,2026-07-13T22:49:38Z,DLH727,"41.195938,58.179443",38000,468,262
1783983010,2026-07-13T22:50:10Z,DLH727,"41.186279,58.088623",38000,469,261
1783983043,2026-07-13T22:50:43Z,DLH727,"41.176437,57.996826",38000,469,261
1783983073,2026-07-13T22:51:13Z,DLH727,"41.167076,57.909435",38000,469,261
1783983104,2026-07-13T22:51:44Z,DLH727,"41.157486,57.820919",38000,469,261
1783983135,2026-07-13T22:52:15Z,DLH727,"41.147964,57.734192",38000,469,261
1783983168,2026-07-13T22:52:48Z,DLH727,"41.137886,57.642143",38000,469,261
1783983198,2026-07-13T22:53:18Z,DLH727,"41.128098,57.554016",38000,470,261
1783983229,2026-07-13T22:53:49Z,DLH727,"41.118301,57.466553",38000,468,261
1783983261,2026-07-13T22:54:21Z,DLH727,"41.108047,57.375038",38000,467,261
1783983292,2026-07-13T22:54:52Z,DLH727,"41.09816,57.287781",38000,465,261
1783983323,2026-07-13T22:55:23Z,DLH727,"41.08831,57.201691",38000,464,261
1783983354,2026-07-13T22:55:54Z,DLH727,"41.078487,57.116047",38000,463,261
1783983385,2026-07-13T22:56:25Z,DLH727,"41.068405,57.02887",38000,463,261
1783983417,2026-07-13T22:56:57Z,DLH727,"41.057865,56.938332",38000,464,261
1783983449,2026-07-13T22:57:29Z,DLH727,"41.047531,56.850342",38000,465,261
1783983479,2026-07-13T22:57:59Z,DLH727,"41.037289,56.763485",38000,464,261
1783983510,2026-07-13T22:58:30Z,DLH727,"41.026951,56.676594",38000,464,261
1783983541,2026-07-13T22:59:01Z,DLH727,"41.016724,56.591064",38000,464,260
1783983572,2026-07-13T22:59:32Z,DLH727,"41.00766,56.503967",38000,465,264
1783983603,2026-07-13T23:00:03Z,DLH727,"41.00563,56.416481",38000,465,270
1783983636,2026-07-13T23:00:36Z,DLH727,"41.004887,56.32391",38000,464,268
1783983668,2026-07-13T23:01:08Z,DLH727,"41.00349,56.233959",38000,463,268
1783983699,2026-07-13T23:01:39Z,DLH727,"41.002213,56.146057",38000,462,269
1783983731,2026-07-13T23:02:11Z,DLH727,"41.000931,56.054867",38000,461,268
1783983763,2026-07-13T23:02:43Z,DLH727,"40.999603,55.964355",38000,462,268
1783983794,2026-07-13T23:03:14Z,DLH727,"40.998276,55.878052",38000,463,268
1783983825,2026-07-13T23:03:45Z,DLH727,"40.996811,55.789429",38000,463,268
1783983856,2026-07-13T23:04:16Z,DLH727,"40.995346,55.702209",38000,462,268
1783983889,2026-07-13T23:04:49Z,DLH727,"40.993946,55.609299",38000,462,268
1783983923,2026-07-13T23:05:23Z,DLH727,"40.992371,55.512756",38000,460,268
1783983957,2026-07-13T23:05:57Z,DLH727,"40.990723,55.419067",38000,461,268
1783983988,2026-07-13T23:06:28Z,DLH727,"40.989105,55.331207",38000,464,268
1783984019,2026-07-13T23:06:59Z,DLH727,"40.987427,55.242004",38000,465,268
1783984051,2026-07-13T23:07:31Z,DLH727,"40.985661,55.153801",38000,466,268
1783984082,2026-07-13T23:08:02Z,DLH727,"40.983765,55.06189",38000,467,268
1783984114,2026-07-13T23:08:34Z,DLH727,"40.981842,54.972107",38000,466,268
1783984145,2026-07-13T23:09:05Z,DLH727,"40.979874,54.882813",38000,465,268
1783984176,2026-07-13T23:09:36Z,DLH727,"40.977859,54.797485",38000,462,268
1783984208,2026-07-13T23:10:08Z,DLH727,"40.975559,54.7048",38000,462,268
1783984239,2026-07-13T23:10:39Z,DLH727,"40.973324,54.618156",38000,461,268
1783984272,2026-07-13T23:11:12Z,DLH727,"40.970951,54.526958",38000,460,268
1783984303,2026-07-13T23:11:43Z,DLH727,"40.968567,54.440002",38000,459,267
1783984335,2026-07-13T23:12:15Z,DLH727,"40.966095,54.349976",38000,458,267
1783984368,2026-07-13T23:12:48Z,DLH727,"40.963531,54.25946",38000,457,267
1783984398,2026-07-13T23:13:18Z,DLH727,"40.96106,54.175415",38000,458,267
1783984431,2026-07-13T23:13:51Z,DLH727,"40.958313,54.083984",38000,459,267
1783984461,2026-07-13T23:14:21Z,DLH727,"40.955658,53.997803",38000,460,267
1783984493,2026-07-13T23:14:53Z,DLH727,"40.952843,53.909039",38000,462,267
1783984523,2026-07-13T23:15:23Z,DLH727,"40.950096,53.824768",38000,461,267
1783984554,2026-07-13T23:15:54Z,DLH727,"40.947208,53.736629",38000,459,267
1783984587,2026-07-13T23:16:27Z,DLH727,"40.944138,53.646301",38000,458,267
1783984619,2026-07-13T23:16:59Z,DLH727,"40.941017,53.555603",38000,459,267
1783984650,2026-07-13T23:17:30Z,DLH727,"40.937897,53.468525",38000,460,267
1783984682,2026-07-13T23:18:02Z,DLH727,"40.934692,53.38031",38000,460,267
1783984714,2026-07-13T23:18:34Z,DLH727,"40.931305,53.287964",38000,462,267
1783984747,2026-07-13T23:19:07Z,DLH727,"40.927891,53.197922",38000,463,267
1783984777,2026-07-13T23:19:37Z,DLH727,"40.924576,53.112488",38000,463,267
1783984809,2026-07-13T23:20:09Z,DLH727,"40.920906,53.020954",38000,462,266
1783984842,2026-07-13T23:20:42Z,DLH727,"40.917183,52.929943",38000,462,266
1783984874,2026-07-13T23:21:14Z,DLH727,"40.913273,52.837124",38000,464,266
1783984907,2026-07-13T23:21:47Z,DLH727,"40.909286,52.744812",38000,468,266
1783984939,2026-07-13T23:22:19Z,DLH727,"40.905304,52.654602",38000,467,266
1783984970,2026-07-13T23:22:50Z,DLH727,"40.897156,52.566772",38000,468,259
1783985002,2026-07-13T23:23:22Z,DLH727,"40.882324,52.475464",38000,468,258
1783985035,2026-07-13T23:23:55Z,DLH727,"40.868271,52.38501",38000,467,258
1783985067,2026-07-13T23:24:27Z,DLH727,"40.854012,52.293736",38000,467,258
1783985098,2026-07-13T23:24:58Z,DLH727,"40.842186,52.20853",38000,469,265
1783985103,2026-07-13T23:25:03Z,DLH727,"40.841816,52.196293",38000,470,269
1783985105,2026-07-13T23:25:05Z,DLH727,"40.841812,52.190369",38000,470,270
1783985107,2026-07-13T23:25:07Z,DLH727,"40.841999,52.183125",38000,470,272
1783985109,2026-07-13T23:25:09Z,DLH727,"40.84227,52.177246",38000,471,274
1783985111,2026-07-13T23:25:11Z,DLH727,"40.842697,52.171387",38000,471,275
1783985113,2026-07-13T23:25:13Z,DLH727,"40.843166,52.16552",38000,472,276
1783985115,2026-07-13T23:25:15Z,DLH727,"40.843781,52.159241",38000,471,277
1783985117,2026-07-13T23:25:17Z,DLH727,"40.844467,52.15271",38000,472,277
1783985119,2026-07-13T23:25:19Z,DLH727,"40.845028,52.147419",38000,472,278
1783985122,2026-07-13T23:25:22Z,DLH727,"40.845749,52.140747",38000,471,278
1783985124,2026-07-13T23:25:24Z,DLH727,"40.846344,52.135376",38000,471,278
1783985126,2026-07-13T23:25:26Z,DLH727,"40.847122,52.128506",38000,471,278
1783985128,2026-07-13T23:25:28Z,DLH727,"40.847775,52.122574",38000,472,278
1783985130,2026-07-13T23:25:30Z,DLH727,"40.848331,52.117142",38000,472,277
1783985163,2026-07-13T23:26:03Z,DLH727,"40.856323,52.023987",38000,469,275
1783985195,2026-07-13T23:26:35Z,DLH727,"40.863144,51.932678",38000,467,275
1783985227,2026-07-13T23:27:07Z,DLH727,"40.870258,51.842049",38000,466,275
1783985260,2026-07-13T23:27:40Z,DLH727,"40.877518,51.750488",38000,464,275
1783985292,2026-07-13T23:28:12Z,DLH727,"40.884705,51.658875",38000,464,275
1783985325,2026-07-13T23:28:45Z,DLH727,"40.891766,51.567638",38000,462,275
1783985357,2026-07-13T23:29:17Z,DLH727,"40.898655,51.477314",38000,463,275
1783985387,2026-07-13T23:29:47Z,DLH727,"40.904938,51.393738",38000,463,275
1783985419,2026-07-13T23:30:19Z,DLH727,"40.911758,51.302246",38000,462,275
1783985451,2026-07-13T23:30:51Z,DLH727,"40.918259,51.21344",38000,462,275
1783985483,2026-07-13T23:31:23Z,DLH727,"40.924805,51.124084",38000,462,275
1783985514,2026-07-13T23:31:54Z,DLH727,"40.931194,51.035301",38000,460,275
1783985546,2026-07-13T23:32:26Z,DLH727,"40.937431,50.947475",38000,461,275
1783985577,2026-07-13T23:32:57Z,DLH727,"40.943619,50.860413",38000,460,275
1783985609,2026-07-13T23:33:29Z,DLH727,"40.949799,50.771606",38000,457,275
1783985641,2026-07-13T23:34:01Z,DLH727,"40.956009,50.681179",38000,458,275
1783985674,2026-07-13T23:34:34Z,DLH727,"40.962105,50.591793",38000,456,275
1783985705,2026-07-13T23:35:05Z,DLH727,"40.968063,50.503025",38000,455,275
1783985737,2026-07-13T23:35:37Z,DLH727,"40.973785,50.417358",38000,455,275
1783985768,2026-07-13T23:36:08Z,DLH727,"40.979553,50.330139",38000,454,274
1783985800,2026-07-13T23:36:40Z,DLH727,"40.985184,50.243164",38000,454,274
1783985832,2026-07-13T23:37:12Z,DLH727,"40.990921,50.153961",38000,454,274
1783985864,2026-07-13T23:37:44Z,DLH727,"40.996555,50.06551",38000,455,274
1783985895,2026-07-13T23:38:15Z,DLH727,"41.001907,49.979866",38000,454,274
1783985926,2026-07-13T23:38:46Z,DLH727,"41.007259,49.894161",38000,454,274
1783985958,2026-07-13T23:39:18Z,DLH727,"41.01265,49.805725",38000,455,274
1783985989,2026-07-13T23:39:49Z,DLH727,"41.017914,49.718811",38000,456,274
1783986021,2026-07-13T23:40:21Z,DLH727,"41.023228,49.630051",38000,456,274
1783986053,2026-07-13T23:40:53Z,DLH727,"41.028351,49.542973",38000,456,274
1783986084,2026-07-13T23:41:24Z,DLH727,"41.033379,49.456081",38000,456,274
1783986115,2026-07-13T23:41:55Z,DLH727,"41.038422,49.36853",38000,457,274
1783986147,2026-07-13T23:42:27Z,DLH727,"41.04343,49.2798",38000,457,274
1783986179,2026-07-13T23:42:59Z,DLH727,"41.048321,49.192596",38000,456,274
1783986211,2026-07-13T23:43:31Z,DLH727,"41.053162,49.104065",38000,456,274
1783986242,2026-07-13T23:44:02Z,DLH727,"41.057968,49.015625",38000,455,274
1783986274,2026-07-13T23:44:34Z,DLH727,"41.062706,48.927299",38000,454,274
1783986306,2026-07-13T23:45:06Z,DLH727,"41.067261,48.840576",38000,456,273
1783986337,2026-07-13T23:45:37Z,DLH727,"41.071793,48.752991",38000,457,273
1783986369,2026-07-13T23:46:09Z,DLH727,"41.076344,48.664566",38000,458,273
1783986400,2026-07-13T23:46:40Z,DLH727,"41.080673,48.577671",38000,458,273
1783986431,2026-07-13T23:47:11Z,DLH727,"41.085068,48.489075",38000,461,273
1783986463,2026-07-13T23:47:43Z,DLH727,"41.089417,48.400513",38000,464,273
1783986494,2026-07-13T23:48:14Z,DLH727,"41.093754,48.310192",38000,464,273
1783986526,2026-07-13T23:48:46Z,DLH727,"41.097931,48.22168",38000,462,273
1783986558,2026-07-13T23:49:18Z,DLH727,"41.102089,48.132664",38000,460,273
1783986589,2026-07-13T23:49:49Z,DLH727,"41.106136,48.044525",38000,458,273
1783986621,2026-07-13T23:50:21Z,DLH727,"41.1129,47.956177",38000,458,279
1783986652,2026-07-13T23:50:52Z,DLH727,"41.126389,47.870804",38000,458,282
1783986684,2026-07-13T23:51:24Z,DLH727,"41.140263,47.782848",38000,459,281
1783986715,2026-07-13T23:51:55Z,DLH727,"41.153435,47.697205",38000,459,281
1783986747,2026-07-13T23:52:27Z,DLH727,"41.166981,47.609814",38000,458,281
1783986778,2026-07-13T23:52:58Z,DLH727,"41.180557,47.521912",38000,460,281
1783986810,2026-07-13T23:53:30Z,DLH727,"41.193878,47.435486",38000,461,281
1783986842,2026-07-13T23:54:02Z,DLH727,"41.207336,47.347412",38000,461,281
1783986873,2026-07-13T23:54:33Z,DLH727,"41.220562,47.260563",38000,460,281
1783986904,2026-07-13T23:55:04Z,DLH727,"41.233429,47.175659",38000,458,281
1783986936,2026-07-13T23:55:36Z,DLH727,"41.24654,47.088837",38000,456,281
1783986967,2026-07-13T23:56:07Z,DLH727,"41.259388,47.003258",38000,458,281
1783986999,2026-07-13T23:56:39Z,DLH727,"41.272614,46.914429",38000,458,281
1783987030,2026-07-13T23:57:10Z,DLH727,"41.285179,46.829849",38000,457,281
1783987061,2026-07-13T23:57:41Z,DLH727,"41.296715,46.744583",38000,461,280
1783987092,2026-07-13T23:58:12Z,DLH727,"41.312614,46.660709",38000,458,286
1783987124,2026-07-13T23:58:44Z,DLH727,"41.332039,46.576145",38000,456,286
1783987155,2026-07-13T23:59:15Z,DLH727,"41.35062,46.492367",38000,454,286
1783987183,2026-07-13T23:59:43Z,DLH727,"41.367737,46.418797",38000,250,299
1783987185,2026-07-13T23:59:45Z,DLH727,"41.36871,46.412487",38000,260,288
1783987187,2026-07-13T23:59:47Z,DLH727,"41.369804,46.40662",38000,461,285
1783987189,2026-07-13T23:59:49Z,DLH727,"41.371002,46.401272",38000,458,286
1783987191,2026-07-13T23:59:51Z,DLH727,"41.372242,46.395638",38000,457,286
1783987193,2026-07-13T23:59:53Z,DLH727,"41.373474,46.390236",38000,455,286
1783987195,2026-07-13T23:59:55Z,DLH727,"41.374676,46.384911",38000,456,286
1783987197,2026-07-13T23:59:57Z,DLH727,"41.375885,46.379318",38000,457,286
1783987199,2026-07-13T23:59:59Z,DLH727,"41.377068,46.373466",38000,460,286
1783987201,2026-07-14T00:00:01Z,DLH727,"41.378391,46.367043",38000,460,285
1783987203,2026-07-14T00:00:03Z,DLH727,"41.379593,46.362148",38000,455,286
1783987205,2026-07-14T00:00:05Z,DLH727,"41.380707,46.357048",38000,458,286
1783987207,2026-07-14T00:00:07Z,DLH727,"41.382084,46.351303",38000,456,286
1783987210,2026-07-14T00:00:10Z,DLH727,"41.383308,46.345428",38000,458,286
1783987212,2026-07-14T00:00:12Z,DLH727,"41.38446,46.339752",38000,458,285
1783987214,2026-07-14T00:00:14Z,DLH727,"41.385685,46.334045",38000,458,285
1783987245,2026-07-14T00:00:45Z,DLH727,"41.404388,46.249893",38000,460,285
1783987276,2026-07-14T00:01:16Z,DLH727,"41.423141,46.165485",38000,457,286
1783987308,2026-07-14T00:01:48Z,DLH727,"41.44191,46.080269",38000,454,286
1783987339,2026-07-14T00:02:19Z,DLH727,"41.460342,45.996395",38000,454,286
1783987371,2026-07-14T00:02:51Z,DLH727,"41.478603,45.912037",38000,455,286
1783987402,2026-07-14T00:03:22Z,DLH727,"41.496971,45.826614",38000,460,285
1783987434,2026-07-14T00:03:54Z,DLH727,"41.515884,45.740711",38000,454,286
1783987466,2026-07-14T00:04:26Z,DLH727,"41.534168,45.654972",38000,461,285
1783987497,2026-07-14T00:04:57Z,DLH727,"41.553047,45.569748",38000,452,286
1783987529,2026-07-14T00:05:29Z,DLH727,"41.57103,45.485458",38000,450,285
1783987547,2026-07-14T00:05:47Z,DLH727,"41.580276,45.435429",38000,250,256
1783987549,2026-07-14T00:05:49Z,DLH727,"41.582111,45.430447",38000,460,285
1783987551,2026-07-14T00:05:51Z,DLH727,"41.582684,45.423565",38000,474,280
1783987553,2026-07-14T00:05:53Z,DLH727,"41.583176,45.418026",38000,310,275
1783987555,2026-07-14T00:05:55Z,DLH727,"41.585102,45.41341",38000,457,289
1783987557,2026-07-14T00:05:57Z,DLH727,"41.5863,45.407032",38000,458,285
1783987559,2026-07-14T00:05:59Z,DLH727,"41.58728,45.401958",38000,260,283
1783987561,2026-07-14T00:06:01Z,DLH727,"41.588833,45.396053",38000,453,288
1783987563,2026-07-14T00:06:03Z,DLH727,"41.590202,45.390251",38000,452,287
1783987565,2026-07-14T00:06:05Z,DLH727,"41.59156,45.385273",38000,447,288
1783987567,2026-07-14T00:06:07Z,DLH727,"41.593029,45.379662",38000,451,288
1783987569,2026-07-14T00:06:09Z,DLH727,"41.594608,45.373962",38000,448,289
1783987571,2026-07-14T00:06:11Z,DLH727,"41.595612,45.369122",38000,447,288
1783987573,2026-07-14T00:06:13Z,DLH727,"41.596752,45.363697",38000,453,287
1783987575,2026-07-14T00:06:15Z,DLH727,"41.597687,45.357864",38000,460,285
1783987578,2026-07-14T00:06:18Z,DLH727,"41.599045,45.351925",38000,456,286
1783987580,2026-07-14T00:06:20Z,DLH727,"41.599979,45.346397",38000,459,284
1783987582,2026-07-14T00:06:22Z,DLH727,"41.601326,45.340736",38000,457,285
1783987584,2026-07-14T00:06:24Z,DLH727,"41.602524,45.335346",38000,458,286
1783987586,2026-07-14T00:06:26Z,DLH727,"41.603741,45.329777",38000,458,286
1783987588,2026-07-14T00:06:28Z,DLH727,"41.604599,45.324146",38000,458,284
1783987590,2026-07-14T00:06:30Z,DLH727,"41.605755,45.318184",38000,462,284
1783987592,2026-07-14T00:06:32Z,DLH727,"41.606899,45.312366",38000,461,284
1783987594,2026-07-14T00:06:34Z,DLH727,"41.608139,45.30685",38000,461,285
1783987596,2026-07-14T00:06:36Z,DLH727,"41.609482,45.300915",38000,458,286
1783987598,2026-07-14T00:06:38Z,DLH727,"41.610706,45.295097",38000,457,285
1783987600,2026-07-14T00:06:40Z,DLH727,"41.611866,45.289196",38000,457,285
1783987603,2026-07-14T00:06:43Z,DLH727,"41.612949,45.28418",38000,458,285
1783987605,2026-07-14T00:06:45Z,DLH727,"41.614124,45.27821",38000,455,285
1783987615,2026-07-14T00:06:55Z,DLH727,"41.619495,45.247936",38000,350,273
1783987617,2026-07-14T00:06:57Z,DLH727,"41.621086,45.243259",38000,468,283
1783987619,2026-07-14T00:06:59Z,DLH727,"41.622173,45.237804",38000,471,284
1783987622,2026-07-14T00:07:02Z,DLH727,"41.624039,45.231945",38000,330,289
1783987624,2026-07-14T00:07:04Z,DLH727,"41.631111,45.200226",38000,330,299
1783987628,2026-07-14T00:07:08Z,DLH727,"41.623363,45.201305",38000,470,271
1783987630,2026-07-14T00:07:10Z,DLH727,"41.625584,45.201057",38000,780,253
1783987632,2026-07-14T00:07:12Z,DLH727,"41.621788,45.173603",38000,210,256
1783987634,2026-07-14T00:07:14Z,DLH727,"41.636444,45.175247",38000,210,304
1783987637,2026-07-14T00:07:17Z,DLH727,"41.632519,45.188007",38000,470,283
1783987639,2026-07-14T00:07:19Z,DLH727,"41.633659,45.184574",38000,442,287
1783987641,2026-07-14T00:07:21Z,DLH727,"41.635105,45.178356",38000,454,287
1783987645,2026-07-14T00:07:25Z,DLH727,"41.636902,45.169529",38000,453,289
1783987647,2026-07-14T00:07:27Z,DLH727,"41.642982,45.144039",38000,435,286
1783987650,2026-07-14T00:07:30Z,DLH727,"41.63961,45.1549",38000,280,23
1783987652,2026-07-14T00:07:32Z,DLH727,"41.641151,45.149426",38000,280,64
1783987654,2026-07-14T00:07:34Z,DLH727,"41.642319,45.143215",38000,330,272
1783987656,2026-07-14T00:07:36Z,DLH727,"41.636684,45.116112",38000,290,250
1783987659,2026-07-14T00:07:39Z,DLH727,"41.648331,45.115234",38000,630,311
1783987661,2026-07-14T00:07:41Z,DLH727,"41.646782,45.123589",38000,160,275
1783987663,2026-07-14T00:07:43Z,DLH727,"41.647682,45.118576",38000,240,295
1783987675,2026-07-14T00:07:55Z,DLH727,"41.660095,45.073471",38000,380,292
1783987677,2026-07-14T00:07:57Z,DLH727,"41.656059,45.079918",38000,530,40
1783987679,2026-07-14T00:07:59Z,DLH727,"41.652943,45.067009",38000,620,244
1783987681,2026-07-14T00:08:01Z,DLH727,"41.658436,45.068367",38000,510,107
1783987684,2026-07-14T00:08:04Z,DLH727,"41.664337,45.050903",38000,210,289
1783987688,2026-07-14T00:08:08Z,DLH727,"41.662601,45.049103",38000,670,45
1783987690,2026-07-14T00:08:10Z,DLH727,"41.666443,45.035965",38000,90,164
1783987692,2026-07-14T00:08:12Z,DLH727,"41.660446,45.031681",38000,450,196
1783987694,2026-07-14T00:08:14Z,DLH727,"41.660217,45.021496",38000,350,262
1783987696,2026-07-14T00:08:16Z,DLH727,"41.662071,45.022449",38000,190,276
1783987698,2026-07-14T00:08:18Z,DLH727,"41.670269,45.013687",38000,700,286
1783987700,2026-07-14T00:08:20Z,DLH727,"41.664448,45.005955",38000,800,246
1783987703,2026-07-14T00:08:23Z,DLH727,"41.667118,45.004795",38000,410,173
1783987707,2026-07-14T00:08:27Z,DLH727,"41.674274,44.992165",38000,250,276
1783987709,2026-07-14T00:08:29Z,DLH727,"41.674042,44.993755",38000,510,26
1783987711,2026-07-14T00:08:31Z,DLH727,"41.674046,44.989834",38000,360,132
1783987715,2026-07-14T00:08:35Z,DLH727,"41.679413,44.972008",38000,434,281
1783987717,2026-07-14T00:08:37Z,DLH727,"41.673939,44.967598",38000,150,284
1783987719,2026-07-14T00:08:39Z,DLH727,"41.68103,44.96143",38000,530,293
1783987721,2026-07-14T00:08:41Z,DLH727,"41.682331,44.955822",38000,700,283
1783987723,2026-07-14T00:08:43Z,DLH727,"41.683006,44.950527",38000,250,257
1783987725,2026-07-14T00:08:45Z,DLH727,"41.683407,44.948387",38000,160,281
1783987727,2026-07-14T00:08:47Z,DLH727,"41.686344,44.939632",38000,720,293
1783987729,2026-07-14T00:08:49Z,DLH727,"41.687374,44.934193",38000,210,309
1783987731,2026-07-14T00:08:51Z,DLH727,"41.688316,44.927891",38000,290,280
1783987733,2026-07-14T00:08:53Z,DLH727,"41.690338,44.923424",38000,447,303
1783987735,2026-07-14T00:08:55Z,DLH727,"41.690723,44.91703",38000,350,263
1783987738,2026-07-14T00:08:58Z,DLH727,"41.692516,44.912235",38000,440,303
1783987741,2026-07-14T00:09:01Z,DLH727,"41.694038,44.904007",38000,439,286
1783987743,2026-07-14T00:09:03Z,DLH727,"41.693668,44.900211",38000,270,292
1783987745,2026-07-14T00:09:05Z,DLH727,"41.696087,44.892815",38000,300,295
1783987748,2026-07-14T00:09:08Z,DLH727,"41.69833,44.883545",38000,440,352
1783987750,2026-07-14T00:09:10Z,DLH727,"41.698147,44.878231",38000,250,7
1783987752,2026-07-14T00:09:12Z,DLH727,"41.698734,44.874405",38000,210,291
1783987754,2026-07-14T00:09:14Z,DLH727,"41.697605,44.865685",38000,580,255
1783987757,2026-07-14T00:09:17Z,DLH727,"41.700146,44.856964",38000,610,308
1783987759,2026-07-14T00:09:19Z,DLH727,"41.702477,44.857315",38000,260,17
1783987761,2026-07-14T00:09:21Z,DLH727,"41.701344,44.849171",38000,360,226
1783987763,2026-07-14T00:09:23Z,DLH727,"41.701633,44.843643",38000,70,279
1783987765,2026-07-14T00:09:25Z,DLH727,"41.703453,44.837936",38000,310,252
1783987767,2026-07-14T00:09:27Z,DLH727,"41.705025,44.82933",38000,450,288
1783987771,2026-07-14T00:09:31Z,DLH727,"41.710938,44.825249",38000,240,323
1783987774,2026-07-14T00:09:34Z,DLH727,"41.704086,44.818962",38000,110,267
1783987776,2026-07-14T00:09:36Z,DLH727,"41.713615,44.811409",38000,550,358
1783987778,2026-07-14T00:09:38Z,DLH727,"41.714897,44.805664",38000,466,284
1783987780,2026-07-14T00:09:40Z,DLH727,"41.7117,44.795757",38000,250,268
1783987782,2026-07-14T00:09:42Z,DLH727,"41.715542,44.792965",38000,170,245
1783987784,2026-07-14T00:09:44Z,DLH727,"41.717178,44.785961",38000,320,285
1783987787,2026-07-14T00:09:47Z,DLH727,"41.71991,44.781944",38000,270,290
1783987789,2026-07-14T00:09:49Z,DLH727,"41.721191,44.775532",38000,442,285
1783987791,2026-07-14T00:09:51Z,DLH727,"41.721756,44.770672",38000,290,283
1783987793,2026-07-14T00:09:53Z,DLH727,"41.723232,44.765331",38000,270,279
1783987795,2026-07-14T00:09:55Z,DLH727,"41.724472,44.758984",38000,452,283
1783987797,2026-07-14T00:09:57Z,DLH727,"41.724045,44.753052",38000,290,243
1783987799,2026-07-14T00:09:59Z,DLH727,"41.721855,44.742046",38000,910,249
1783987801,2026-07-14T00:10:01Z,DLH727,"41.726521,44.742397",38000,435,292
1783987804,2026-07-14T00:10:04Z,DLH727,"41.728233,44.734142",38000,670,285
1783987807,2026-07-14T00:10:07Z,DLH727,"41.729454,44.727936",38000,190,279
1783987809,2026-07-14T00:10:09Z,DLH727,"41.731121,44.719681",38000,350,282
1783987812,2026-07-14T00:10:12Z,DLH727,"41.731083,44.708195",38000,650,268
1783987814,2026-07-14T00:10:14Z,DLH727,"41.734936,44.702713",38000,150,310
1783987816,2026-07-14T00:10:16Z,DLH727,"41.737072,44.703945",38000,420,35
1783987819,2026-07-14T00:10:19Z,DLH727,"41.737358,44.688171",38000,340,309
1783987823,2026-07-14T00:10:23Z,DLH727,"41.736172,44.680344",38000,170,285
1783987825,2026-07-14T00:10:25Z,DLH727,"41.737427,44.674522",38000,457,282
1783987827,2026-07-14T00:10:27Z,DLH727,"41.739353,44.668098",38000,370,286
1783987829,2026-07-14T00:10:29Z,DLH727,"41.73951,44.663486",38000,280,264
1783987831,2026-07-14T00:10:31Z,DLH727,"41.742577,44.657768",38000,340,301
1783987835,2026-07-14T00:10:35Z,DLH727,"41.745064,44.645382",38000,310,280
1783987838,2026-07-14T00:10:38Z,DLH727,"41.747734,44.636208",38000,360,320
1783987841,2026-07-14T00:10:41Z,DLH727,"41.749451,44.630714",38000,160,284
1783987844,2026-07-14T00:10:44Z,DLH727,"41.74966,44.622631",38000,453,266
1783987846,2026-07-14T00:10:46Z,DLH727,"41.751751,44.617142",38000,486,293
1783987848,2026-07-14T00:10:48Z,DLH727,"41.752628,44.61153",38000,300,276
1783987850,2026-07-14T00:10:50Z,DLH727,"41.753574,44.605717",38000,476,286
1783987852,2026-07-14T00:10:52Z,DLH727,"41.754898,44.599323",38000,450,285
1783987854,2026-07-14T00:10:54Z,DLH727,"41.756134,44.593494",38000,450,285
1783987857,2026-07-14T00:10:57Z,DLH727,"41.757195,44.587505",38000,457,284
1783987859,2026-07-14T00:10:59Z,DLH727,"41.75835,44.581955",38000,455,285
1783987861,2026-07-14T00:11:01Z,DLH727,"41.759624,44.576088",38000,462,285
1783987863,2026-07-14T00:11:03Z,DLH727,"41.760948,44.569592",38000,449,285
1783987865,2026-07-14T00:11:05Z,DLH727,"41.761784,44.564194",38000,452,283
1783987867,2026-07-14T00:11:07Z,DLH727,"41.762844,44.558681",38000,457,283
1783987869,2026-07-14T00:11:09Z,DLH727,"41.764061,44.551975",38000,458,283
1783987871,2026-07-14T00:11:11Z,DLH727,"41.765148,44.54705",38000,453,284
1783987874,2026-07-14T00:11:14Z,DLH727,"41.766155,44.54129",38000,448,284
1783987876,2026-07-14T00:11:16Z,DLH727,"41.76749,44.535275",38000,460,285
1783987878,2026-07-14T00:11:18Z,DLH727,"41.768932,44.529118",38000,459,286
1783987886,2026-07-14T00:11:26Z,DLH727,"41.77351,44.506237",38000,350,288
1783987888,2026-07-14T00:11:28Z,DLH727,"41.774658,44.501312",38000,454,289
1783987892,2026-07-14T00:11:32Z,DLH727,"41.776295,44.492073",38000,454,11
1783987894,2026-07-14T00:11:34Z,DLH727,"41.77953,44.487659",38000,230,336
1783987898,2026-07-14T00:11:38Z,DLH727,"41.781956,44.476105",38000,300,312
1783987901,2026-07-14T00:11:41Z,DLH727,"41.786873,44.469845",38000,780,10
1783987903,2026-07-14T00:11:43Z,DLH727,"41.782578,44.460857",38000,452,284
1783987905,2026-07-14T00:11:45Z,DLH727,"41.784397,44.455048",38000,449,286
1783987907,2026-07-14T00:11:47Z,DLH727,"41.785912,44.449654",38000,459,287
1783987909,2026-07-14T00:11:49Z,DLH727,"41.785717,44.443645",38000,350,245
1783987911,2026-07-14T00:11:51Z,DLH727,"41.787449,44.43808",38000,444,295
1783987914,2026-07-14T00:11:54Z,DLH727,"41.788349,44.432289",38000,454,285
1783987916,2026-07-14T00:11:56Z,DLH727,"41.789268,44.426853",38000,454,284
1783987918,2026-07-14T00:11:58Z,DLH727,"41.790672,44.4207",38000,450,285
1783987920,2026-07-14T00:12:00Z,DLH727,"41.791714,44.415916",38000,453,285
1783987922,2026-07-14T00:12:02Z,DLH727,"41.793446,44.408848",38000,454,286
1783987924,2026-07-14T00:12:04Z,DLH727,"41.794353,44.404251",38000,453,286
1783987926,2026-07-14T00:12:06Z,DLH727,"41.795612,44.398056",38000,451,285
1783987929,2026-07-14T00:12:09Z,DLH727,"41.796356,44.391685",38000,453,282
1783987931,2026-07-14T00:12:11Z,DLH727,"41.797176,44.386227",38000,456,282
1783987933,2026-07-14T00:12:13Z,DLH727,"41.798515,44.379688",38000,452,283
1783987935,2026-07-14T00:12:15Z,DLH727,"41.799522,44.375568",38000,449,285
1783987937,2026-07-14T00:12:17Z,DLH727,"41.800663,44.370026",38000,453,285
1783987939,2026-07-14T00:12:19Z,DLH727,"41.801834,44.36446",38000,447,285
1783987941,2026-07-14T00:12:21Z,DLH727,"41.802944,44.35881",38000,452,285
1783987943,2026-07-14T00:12:23Z,DLH727,"41.804176,44.352577",38000,453,284
1783987945,2026-07-14T00:12:25Z,DLH727,"41.80529,44.346996",38000,444,288
1783987947,2026-07-14T00:12:27Z,DLH727,"41.806828,44.340794",38000,439,287
1783987950,2026-07-14T00:12:30Z,DLH727,"41.807869,44.33514",38000,454,285
1783987952,2026-07-14T00:12:32Z,DLH727,"41.808216,44.329048",38000,530,247
1783987954,2026-07-14T00:12:34Z,DLH727,"41.809765,44.32412",38000,450,284
1783987956,2026-07-14T00:12:36Z,DLH727,"41.810925,44.318756",38000,453,285
1783987958,2026-07-14T00:12:38Z,DLH727,"41.812004,44.313293",38000,450,285
1783987960,2026-07-14T00:12:40Z,DLH727,"41.813087,44.30788",38000,451,284
1783987962,2026-07-14T00:12:42Z,DLH727,"41.814056,44.301453",38000,459,283
1783987964,2026-07-14T00:12:44Z,DLH727,"41.814892,44.296165",38000,454,282
1783987966,2026-07-14T00:12:46Z,DLH727,"41.81583,44.290764",38000,453,282
1783987968,2026-07-14T00:12:48Z,DLH727,"41.817192,44.284485",38000,454,284
1783987970,2026-07-14T00:12:50Z,DLH727,"41.818378,44.278664",38000,456,284
1783987972,2026-07-14T00:12:52Z,DLH727,"41.819454,44.273033",38000,455,284
1783987974,2026-07-14T00:12:54Z,DLH727,"41.820557,44.266991",38000,453,284
1783987976,2026-07-14T00:12:56Z,DLH727,"41.821575,44.26189",38000,451,284
1783987978,2026-07-14T00:12:58Z,DLH727,"41.822582,44.256104",38000,457,283
1783987981,2026-07-14T00:13:01Z,DLH727,"41.823624,44.250519",38000,456,283
1783987991,2026-07-14T00:13:11Z,DLH727,"41.829647,44.223339",38000,457,285
1783987993,2026-07-14T00:13:13Z,DLH727,"41.830475,44.217396",38000,457,283
1783987995,2026-07-14T00:13:15Z,DLH727,"41.83136,44.211937",38000,455,282
1783987997,2026-07-14T00:13:17Z,DLH727,"41.832397,44.206554",38000,454,283
1783987999,2026-07-14T00:13:19Z,DLH727,"41.833508,44.20097",38000,452,284
1783988001,2026-07-14T00:13:21Z,DLH727,"41.83469,44.194847",38000,454,284
1783988003,2026-07-14T00:13:23Z,DLH727,"41.835865,44.189663",38000,452,285
1783988005,2026-07-14T00:13:25Z,DLH727,"41.837154,44.183838",38000,454,285
1783988007,2026-07-14T00:13:27Z,DLH727,"41.838688,44.177193",38000,456,286
1783988010,2026-07-14T00:13:30Z,DLH727,"41.839954,44.171936",38000,458,286
1783988012,2026-07-14T00:13:32Z,DLH727,"41.841072,44.164902",38000,455,284
1783988014,2026-07-14T00:13:34Z,DLH727,"41.841579,44.161022",38000,452,283
1783988016,2026-07-14T00:13:36Z,DLH727,"41.842564,44.155388",38000,452,283
1783988018,2026-07-14T00:13:38Z,DLH727,"41.843605,44.149303",38000,454,283
1783988020,2026-07-14T00:13:40Z,DLH727,"41.844372,44.144352",38000,455,282
1783988049,2026-07-14T00:14:09Z,DLH727,"41.861019,44.064651",38000,452,288
1783988051,2026-07-14T00:14:11Z,DLH727,"41.862366,44.058487",38000,456,287
1783988053,2026-07-14T00:14:13Z,DLH727,"41.863384,44.053024",38000,453,286
1783988055,2026-07-14T00:14:15Z,DLH727,"41.864361,44.047218",38000,454,285
1783988058,2026-07-14T00:14:18Z,DLH727,"41.865501,44.041401",38000,458,285
1783988060,2026-07-14T00:14:20Z,DLH727,"41.866478,44.036045",38000,453,284
1783988062,2026-07-14T00:14:22Z,DLH727,"41.867428,44.030483",38000,453,284
1783988064,2026-07-14T00:14:24Z,DLH727,"41.868431,44.025021",38000,451,284
1783988066,2026-07-14T00:14:26Z,DLH727,"41.869507,44.018848",38000,455,283
1783988068,2026-07-14T00:14:28Z,DLH727,"41.870872,44.013031",38000,459,284
1783988070,2026-07-14T00:14:30Z,DLH727,"41.871773,44.00771",38000,457,284
1783988072,2026-07-14T00:14:32Z,DLH727,"41.872616,44.001389",38000,454,283
1783988074,2026-07-14T00:14:34Z,DLH727,"41.873737,43.995411",38000,450,283
1783988077,2026-07-14T00:14:37Z,DLH727,"41.875118,43.989239",38000,449,284
1783988091,2026-07-14T00:14:51Z,DLH727,"41.882736,43.950085",38000,453,285
1783988093,2026-07-14T00:14:53Z,DLH727,"41.884075,43.944321",38000,453,285
1783988095,2026-07-14T00:14:55Z,DLH727,"41.884903,43.939018",38000,452,284
1783988097,2026-07-14T00:14:57Z,DLH727,"41.886147,43.932285",38000,454,284
1783988099,2026-07-14T00:14:59Z,DLH727,"41.886864,43.927719",38000,456,283
1783988101,2026-07-14T00:15:01Z,DLH727,"41.887943,43.92207",38000,456,283
1783988104,2026-07-14T00:15:04Z,DLH727,"41.889008,43.916363",38000,453,284
1783988106,2026-07-14T00:15:06Z,DLH727,"41.890175,43.910267",38000,454,284
1783988126,2026-07-14T00:15:26Z,DLH727,"41.901703,43.854893",38000,454,282
1783988128,2026-07-14T00:15:28Z,DLH727,"41.902386,43.850071",38000,450,281
1783988130,2026-07-14T00:15:30Z,DLH727,"41.903038,43.843998",38000,447,280
1783988133,2026-07-14T00:15:33Z,DLH727,"41.903805,43.837444",38000,446,279
1783988138,2026-07-14T00:15:38Z,DLH727,"41.904411,43.823242",38000,446,285
1783988140,2026-07-14T00:15:40Z,DLH727,"41.904293,43.818207",38000,441,283
1783988142,2026-07-14T00:15:42Z,DLH727,"41.90472,43.812725",38000,441,286
1783988146,2026-07-14T00:15:46Z,DLH727,"41.901684,43.800488",38000,330,284
1783988148,2026-07-14T00:15:48Z,DLH727,"41.90266,43.795002",38000,320,241
1783988150,2026-07-14T00:15:50Z,DLH727,"41.903748,43.789814",38000,451,261
1783988152,2026-07-14T00:15:52Z,DLH727,"41.903744,43.784203",38000,439,266
1783988154,2026-07-14T00:15:54Z,DLH727,"41.903172,43.778004",38000,442,264
1783988156,2026-07-14T00:15:56Z,DLH727,"41.902721,43.772804",38000,446,264
1783988158,2026-07-14T00:15:58Z,DLH727,"41.902264,43.767376",38000,439,263
1783988161,2026-07-14T00:16:01Z,DLH727,"41.901642,43.761017",38000,445,263
1783988163,2026-07-14T00:16:03Z,DLH727,"41.901131,43.755569",38000,445,263
1783988165,2026-07-14T00:16:05Z,DLH727,"41.900734,43.750179",38000,438,263
1783988167,2026-07-14T00:16:07Z,DLH727,"41.900414,43.744476",38000,443,264
1783988169,2026-07-14T00:16:09Z,DLH727,"41.900112,43.738602",38000,440,265
1783988171,2026-07-14T00:16:11Z,DLH727,"41.899769,43.733234",38000,440,265
1783988173,2026-07-14T00:16:13Z,DLH727,"41.899395,43.727345",38000,445,265
1783988175,2026-07-14T00:16:15Z,DLH727,"41.898888,43.721687",38000,449,264
1783988177,2026-07-14T00:16:17Z,DLH727,"41.898273,43.715794",38000,448,263
1783988179,2026-07-14T00:16:19Z,DLH727,"41.897728,43.709099",38000,452,263
1783988211,2026-07-14T00:16:51Z,DLH727,"41.894463,43.623672",38000,450,267
1783988219,2026-07-14T00:16:59Z,DLH727,"41.893204,43.600758",38000,449,263
1783988221,2026-07-14T00:17:01Z,DLH727,"41.893108,43.595291",38000,441,266
1783988223,2026-07-14T00:17:03Z,DLH727,"41.893002,43.588696",38000,442,267
1783988225,2026-07-14T00:17:05Z,DLH727,"41.8927,43.582314",38000,441,267
1783988227,2026-07-14T00:17:07Z,DLH727,"41.892582,43.578205",38000,442,267
1783988229,2026-07-14T00:17:09Z,DLH727,"41.892399,43.571571",38000,443,267
1783988232,2026-07-14T00:17:12Z,DLH727,"41.891998,43.566158",38000,443,266
1783988234,2026-07-14T00:17:14Z,DLH727,"41.891727,43.56065",38000,444,266
1783988236,2026-07-14T00:17:16Z,DLH727,"41.891281,43.555206",38000,441,265
1783988238,2026-07-14T00:17:18Z,DLH727,"41.890999,43.549664",38000,443,265
1783988240,2026-07-14T00:17:20Z,DLH727,"41.890591,43.544018",38000,446,265
1783988242,2026-07-14T00:17:22Z,DLH727,"41.890251,43.538113",38000,446,265
1783988244,2026-07-14T00:17:24Z,DLH727,"41.890045,43.532963",38000,446,265
1783988246,2026-07-14T00:17:26Z,DLH727,"41.889656,43.527344",38000,442,265
1783988277,2026-07-14T00:17:57Z,DLH727,"41.885227,43.44194",38000,438,266
1783988309,2026-07-14T00:18:29Z,DLH727,"41.880875,43.356373",38000,441,266
1783988315,2026-07-14T00:18:35Z,DLH727,"41.883656,43.327759",38000,434,287
1783988317,2026-07-14T00:18:37Z,DLH727,"41.879951,43.334167",38000,423,269
1783988319,2026-07-14T00:18:39Z,DLH727,"41.879471,43.328316",38000,434,265
1783988321,2026-07-14T00:18:41Z,DLH727,"41.879066,43.32283",38000,444,265
1783988323,2026-07-14T00:18:43Z,DLH727,"41.87973,43.317905",38000,240,302
1783988325,2026-07-14T00:18:45Z,DLH727,"41.878712,43.312187",38000,431,265
1783988327,2026-07-14T00:18:47Z,DLH727,"41.878212,43.30637",38000,438,264
1783988329,2026-07-14T00:18:49Z,DLH727,"41.87767,43.2994",38000,440,264
1783988332,2026-07-14T00:18:52Z,DLH727,"41.877491,43.294285",38000,442,265
1783988334,2026-07-14T00:18:54Z,DLH727,"41.877224,43.288486",38000,438,265
1783988336,2026-07-14T00:18:56Z,DLH727,"41.876984,43.282425",38000,436,266
1783988338,2026-07-14T00:18:58Z,DLH727,"41.876522,43.275852",38000,437,265
1783988341,2026-07-14T00:19:01Z,DLH727,"41.876179,43.269058",38000,439,265
1783988343,2026-07-14T00:19:03Z,DLH727,"41.876076,43.264187",38000,431,266
1783988345,2026-07-14T00:19:05Z,DLH727,"41.875809,43.258053",38000,437,267
1783988347,2026-07-14T00:19:07Z,DLH727,"41.875645,43.25219",38000,440,267
1783988349,2026-07-14T00:19:09Z,DLH727,"41.875267,43.247009",38000,440,266
1783988351,2026-07-14T00:19:11Z,DLH727,"41.874722,43.241146",38000,446,264
1783988353,2026-07-14T00:19:13Z,DLH727,"41.874245,43.235508",38000,444,264
1783988355,2026-07-14T00:19:15Z,DLH727,"41.874073,43.229111",38000,432,265
1783988357,2026-07-14T00:19:17Z,DLH727,"41.873901,43.223366",38000,433,266
1783988360,2026-07-14T00:19:20Z,DLH727,"41.87373,43.219017",38000,438,266
1783988377,2026-07-14T00:19:37Z,DLH727,"41.871189,43.169765",38000,436,265
1783988409,2026-07-14T00:20:09Z,DLH727,"41.866959,43.086029",38000,436,266
1783988440,2026-07-14T00:20:40Z,DLH727,"41.862614,43.001648",38000,444,265
1783988471,2026-07-14T00:21:11Z,DLH727,"41.858295,42.915909",38000,447,265
1783988497,2026-07-14T00:21:37Z,DLH727,"41.854851,42.844654",38000,310,268
1783988499,2026-07-14T00:21:39Z,DLH727,"41.854565,42.84034",38000,432,266
1783988501,2026-07-14T00:21:41Z,DLH727,"41.854115,42.834335",38000,442,265
1783988503,2026-07-14T00:21:43Z,DLH727,"41.853897,42.828896",38000,443,266
1783988505,2026-07-14T00:21:45Z,DLH727,"41.853638,42.822964",38000,443,266
1783988507,2026-07-14T00:21:47Z,DLH727,"41.853329,42.816929",38025,438,266
1783988509,2026-07-14T00:21:49Z,DLH727,"41.85302,42.811462",38050,437,265
1783988511,2026-07-14T00:21:51Z,DLH727,"41.852859,42.805878",38075,441,266
1783988514,2026-07-14T00:21:54Z,DLH727,"41.852615,42.799797",38100,440,266
1783988516,2026-07-14T00:21:56Z,DLH727,"41.852428,42.794384",38125,436,267
1783988518,2026-07-14T00:21:58Z,DLH727,"41.852154,42.789043",38150,437,266
1783988520,2026-07-14T00:22:00Z,DLH727,"41.851894,42.783455",38175,230,267
1783988522,2026-07-14T00:22:02Z,DLH727,"41.852455,42.776604",38200,410,282
1783988524,2026-07-14T00:22:04Z,DLH727,"41.851192,42.772186",38225,460,264
1783988526,2026-07-14T00:22:06Z,DLH727,"41.850941,42.765774",38250,240,269
1783988528,2026-07-14T00:22:08Z,DLH727,"41.850513,42.760002",38250,433,266
1783988530,2026-07-14T00:22:10Z,DLH727,"41.850315,42.755013",38275,435,266
1783988533,2026-07-14T00:22:13Z,DLH727,"41.850712,42.746376",38300,510,277
1783988535,2026-07-14T00:22:15Z,DLH727,"41.849689,42.743092",38325,430,261
1783988537,2026-07-14T00:22:17Z,DLH727,"41.849442,42.737152",38325,443,265
1783988539,2026-07-14T00:22:19Z,DLH727,"41.849201,42.731865",38350,280,267
1783988541,2026-07-14T00:22:21Z,DLH727,"41.848907,42.726048",38375,446,266
1783988543,2026-07-14T00:22:23Z,DLH727,"41.84866,42.720993",38400,442,266
1783988545,2026-07-14T00:22:25Z,DLH727,"41.848335,42.714153",38425,438,266
1783988547,2026-07-14T00:22:27Z,DLH727,"41.847992,42.709698",38450,230,262
1783988549,2026-07-14T00:22:29Z,DLH727,"41.84771,42.703217",38475,439,265
1783988551,2026-07-14T00:22:31Z,DLH727,"41.84745,42.697666",38525,438,266
1783988553,2026-07-14T00:22:33Z,DLH727,"41.847191,42.691864",38550,439,266
1783988555,2026-07-14T00:22:35Z,DLH727,"41.846977,42.686306",38600,440,266
1783988558,2026-07-14T00:22:38Z,DLH727,"41.846737,42.680801",38625,438,266
1783988560,2026-07-14T00:22:40Z,DLH727,"41.846302,42.674355",38650,300,263
1783988562,2026-07-14T00:22:42Z,DLH727,"41.846291,42.66938",38700,270,271
1783988564,2026-07-14T00:22:44Z,DLH727,"41.846001,42.664318",38725,423,271
1783988566,2026-07-14T00:22:46Z,DLH727,"41.846363,42.658081",38775,260,270
1783988568,2026-07-14T00:22:48Z,DLH727,"41.84494,42.650776",38825,429,255
1783988570,2026-07-14T00:22:50Z,DLH727,"41.84507,42.646938",38850,190,246
1783988572,2026-07-14T00:22:52Z,DLH727,"41.845421,42.640392",38900,510,276
1783988574,2026-07-14T00:22:54Z,DLH727,"41.844456,42.6348",38925,280,267
1783988576,2026-07-14T00:22:56Z,DLH727,"41.844826,42.628941",38975,360,267
1783988579,2026-07-14T00:22:59Z,DLH727,"41.843918,42.623932",39000,427,259
1783988581,2026-07-14T00:23:01Z,DLH727,"41.844074,42.617882",39050,200,266
1783988583,2026-07-14T00:23:03Z,DLH727,"41.843552,42.612991",39075,220,257
1783988585,2026-07-14T00:23:05Z,DLH727,"41.843479,42.607025",39100,310,276
1783988587,2026-07-14T00:23:07Z,DLH727,"41.843319,42.601135",39150,435,281
1783988589,2026-07-14T00:23:09Z,DLH727,"41.84293,42.595795",39175,428,265
1783988591,2026-07-14T00:23:11Z,DLH727,"41.842941,42.589111",39200,360,278
1783988594,2026-07-14T00:23:14Z,DLH727,"41.842079,42.584003",39225,310,256
1783988596,2026-07-14T00:23:16Z,DLH727,"41.84269,42.578423",39275,270,283
1783988598,2026-07-14T00:23:18Z,DLH727,"41.841702,42.57325",39300,710,320
1783988600,2026-07-14T00:23:20Z,DLH727,"41.841434,42.565979",39325,410,269
1783988602,2026-07-14T00:23:22Z,DLH727,"41.841408,42.562309",39350,180,263
1783988604,2026-07-14T00:23:24Z,DLH727,"41.840969,42.556282",39400,433,266
1783988606,2026-07-14T00:23:26Z,DLH727,"41.840733,42.551022",39425,230,257
1783988608,2026-07-14T00:23:28Z,DLH727,"41.840645,42.544827",39450,300,275
1783988610,2026-07-14T00:23:30Z,DLH727,"41.840569,42.5392",39475,240,260
1783988613,2026-07-14T00:23:33Z,DLH727,"41.839779,42.533772",39500,80,265
1783988615,2026-07-14T00:23:35Z,DLH727,"41.840084,42.527798",39550,280,269
1783988617,2026-07-14T00:23:37Z,DLH727,"41.838161,42.523022",39575,310,231
1783988619,2026-07-14T00:23:39Z,DLH727,"41.838852,42.517185",39600,433,265
1783988621,2026-07-14T00:23:41Z,DLH727,"41.83902,42.511719",39625,280,267
1783988623,2026-07-14T00:23:43Z,DLH727,"41.838345,42.505966",39675,420,267
1783988625,2026-07-14T00:23:45Z,DLH727,"41.838856,42.499809",39700,320,280
1783988628,2026-07-14T00:23:48Z,DLH727,"41.837852,42.494442",39725,436,267
1783988630,2026-07-14T00:23:50Z,DLH727,"41.83812,42.488758",39750,260,279
1783988632,2026-07-14T00:23:52Z,DLH727,"41.837643,42.483242",39800,410,267
1783988634,2026-07-14T00:23:54Z,DLH727,"41.837368,42.476765",39825,350,269
1783988636,2026-07-14T00:23:56Z,DLH727,"41.837257,42.472054",39850,290,270
1783988638,2026-07-14T00:23:58Z,DLH727,"41.836658,42.465427",39875,416,265
1783988640,2026-07-14T00:24:00Z,DLH727,"41.836391,42.461273",39900,220,261
1783988642,2026-07-14T00:24:02Z,DLH727,"41.835583,42.455715",39925,70,277
1783988645,2026-07-14T00:24:05Z,DLH727,"41.835751,42.4482",39950,400,280
1783988647,2026-07-14T00:24:07Z,DLH727,"41.834442,42.44442",39975,393,250
1783988649,2026-07-14T00:24:09Z,DLH727,"41.834267,42.438698",39975,416,261
1783988651,2026-07-14T00:24:11Z,DLH727,"41.83395,42.433323",39975,420,263
1783988653,2026-07-14T00:24:13Z,DLH727,"41.834751,42.428013",40000,420,272
1783988655,2026-07-14T00:24:15Z,DLH727,"41.833515,42.422558",40000,270,238
1783988657,2026-07-14T00:24:17Z,DLH727,"41.83358,42.416168",40000,450,267
1783988659,2026-07-14T00:24:19Z,DLH727,"41.833527,42.411499",40000,424,269
1783988661,2026-07-14T00:24:21Z,DLH727,"41.833347,42.406155",40000,425,268
1783988664,2026-07-14T00:24:24Z,DLH727,"41.832848,42.400017",40000,280,267
1783988666,2026-07-14T00:24:26Z,DLH727,"41.832542,42.39447",40000,426,265
1783988668,2026-07-14T00:24:28Z,DLH727,"41.832031,42.38908",40000,434,264
1783988670,2026-07-14T00:24:30Z,DLH727,"41.831696,42.383572",40000,435,264
1783988672,2026-07-14T00:24:32Z,DLH727,"41.831085,42.377991",40000,436,263
1783988674,2026-07-14T00:24:34Z,DLH727,"41.830688,42.372337",40000,430,264
1783988676,2026-07-14T00:24:36Z,DLH727,"41.830532,42.366859",40000,426,265
1783988678,2026-07-14T00:24:38Z,DLH727,"41.830162,42.360371",40000,426,265
1783988680,2026-07-14T00:24:40Z,DLH727,"41.829754,42.355507",40000,430,264
1783988682,2026-07-14T00:24:42Z,DLH727,"41.82943,42.349545",40000,426,265
1783988685,2026-07-14T00:24:45Z,DLH727,"41.829002,42.343346",40000,426,264
1783988687,2026-07-14T00:24:47Z,DLH727,"41.828846,42.338741",40000,426,265
1783988689,2026-07-14T00:24:49Z,DLH727,"41.828918,42.333866",40000,419,268
1783988691,2026-07-14T00:24:51Z,DLH727,"41.829052,42.328274",40000,280,271
1783988693,2026-07-14T00:24:53Z,DLH727,"41.82869,42.322918",40000,426,267
1783988695,2026-07-14T00:24:55Z,DLH727,"41.828262,42.317059",40000,428,265
1783988697,2026-07-14T00:24:57Z,DLH727,"41.827415,42.31089",40000,442,262
1783988699,2026-07-14T00:24:59Z,DLH727,"41.827232,42.305603",40000,443,264
1783988701,2026-07-14T00:25:01Z,DLH727,"41.826744,42.300018",40000,435,263
1783988704,2026-07-14T00:25:04Z,DLH727,"41.826099,42.294044",40000,431,262
1783988706,2026-07-14T00:25:06Z,DLH727,"41.825546,42.288578",40000,424,262
1783988708,2026-07-14T00:25:08Z,DLH727,"41.825123,42.282574",40000,427,263
1783988710,2026-07-14T00:25:10Z,DLH727,"41.824696,42.276821",40000,427,263
1783988714,2026-07-14T00:25:14Z,DLH727,"41.824757,42.267612",40000,190,257
1783988716,2026-07-14T00:25:16Z,DLH727,"41.824402,42.261631",40000,280,288
1783988718,2026-07-14T00:25:18Z,DLH727,"41.824097,42.256653",40000,448,282
1783988720,2026-07-14T00:25:20Z,DLH727,"41.825073,42.25108",40000,240,299
1783988722,2026-07-14T00:25:22Z,DLH727,"41.823559,42.243851",40000,280,261
1783988724,2026-07-14T00:25:24Z,DLH727,"41.824345,42.24041",40000,140,257
1783988726,2026-07-14T00:25:26Z,DLH727,"41.82283,42.232624",40000,380,247
1783988728,2026-07-14T00:25:28Z,DLH727,"41.821934,42.227306",40000,425,274
1783988730,2026-07-14T00:25:30Z,DLH727,"41.821377,42.223232",40000,431,266
1783988732,2026-07-14T00:25:32Z,DLH727,"41.819191,42.218296",40000,280,231
1783988735,2026-07-14T00:25:35Z,DLH727,"41.818756,42.211872",40000,499,228
1783988737,2026-07-14T00:25:37Z,DLH727,"41.821529,42.205135",40000,190,293
1783988739,2026-07-14T00:25:39Z,DLH727,"41.820236,42.200329",40000,411,255
1783988741,2026-07-14T00:25:41Z,DLH727,"41.817463,42.194355",40000,290,255
1783988744,2026-07-14T00:25:44Z,DLH727,"41.822037,42.186981",40000,190,292
1783988747,2026-07-14T00:25:47Z,DLH727,"41.820015,42.179817",40000,439,266
1783988749,2026-07-14T00:25:49Z,DLH727,"41.82,42.172745",40000,260,268
1783988751,2026-07-14T00:25:51Z,DLH727,"41.81625,42.168209",40000,280,194
1783988754,2026-07-14T00:25:54Z,DLH727,"41.817806,42.160664",40000,484,232
1783988757,2026-07-14T00:25:57Z,DLH727,"41.818283,42.152031",40000,250,234
1783988760,2026-07-14T00:26:00Z,DLH727,"41.817608,42.14344",40000,300,246
1783988762,2026-07-14T00:26:02Z,DLH727,"41.81691,42.138191",40000,160,236
1783988764,2026-07-14T00:26:04Z,DLH727,"41.816704,42.131401",40000,200,257
1783988767,2026-07-14T00:26:07Z,DLH727,"41.81871,42.127625",40000,270,323
1783988769,2026-07-14T00:26:09Z,DLH727,"41.818291,42.121422",40000,220,340
1783988771,2026-07-14T00:26:11Z,DLH727,"41.817875,42.116096",40000,180,259
1783988773,2026-07-14T00:26:13Z,DLH727,"41.815586,42.108982",40000,438,266
1783988775,2026-07-14T00:26:15Z,DLH727,"41.815208,42.103504",40000,230,242
1783988778,2026-07-14T00:26:18Z,DLH727,"41.811577,42.095745",40000,280,212
1783988780,2026-07-14T00:26:20Z,DLH727,"41.814205,42.089668",40000,150,265
1783988783,2026-07-14T00:26:23Z,DLH727,"41.813133,42.08514",40000,200,228
1783988785,2026-07-14T00:26:25Z,DLH727,"41.813419,42.076256",40000,380,238
1783988788,2026-07-14T00:26:28Z,DLH727,"41.815613,42.071255",40000,260,355
1783988790,2026-07-14T00:26:30Z,DLH727,"41.815193,42.065071",40000,130,258
1783988792,2026-07-14T00:26:32Z,DLH727,"41.814823,42.060173",40000,428,264
1783988794,2026-07-14T00:26:34Z,DLH727,"41.814659,42.05452",40000,240,255
1783988797,2026-07-14T00:26:37Z,DLH727,"41.814945,42.04908",40000,160,268
1783988800,2026-07-14T00:26:40Z,DLH727,"41.812313,42.037312",40000,380,244
1783988802,2026-07-14T00:26:42Z,DLH727,"41.812061,42.031693",40000,220,296
1783988805,2026-07-14T00:26:45Z,DLH727,"41.809975,42.022938",40000,300,300
1783988807,2026-07-14T00:26:47Z,DLH727,"41.807293,42.017239",40000,440,221
1783988810,2026-07-14T00:26:50Z,DLH727,"41.807129,42.008343",40000,360,268
1783988812,2026-07-14T00:26:52Z,DLH727,"41.808399,42.005001",40000,445,277
1783988814,2026-07-14T00:26:54Z,DLH727,"41.807995,41.999001",40000,330,264
1783988817,2026-07-14T00:26:57Z,DLH727,"41.808121,41.992092",40000,478,277
1783988820,2026-07-14T00:27:00Z,DLH727,"41.807167,41.983391",40000,110,271
1783988822,2026-07-14T00:27:02Z,DLH727,"41.803974,41.97784",40000,250,265
1783988824,2026-07-14T00:27:04Z,DLH727,"41.803566,41.972527",40000,100,262
1783988826,2026-07-14T00:27:06Z,DLH727,"41.803234,41.966919",40000,360,206
1783988828,2026-07-14T00:27:08Z,DLH727,"41.803181,41.960938",40000,320,217
1783988832,2026-07-14T00:27:12Z,DLH727,"41.806057,41.951416",40000,230,254
1783988835,2026-07-14T00:27:15Z,DLH727,"41.801373,41.942635",40000,680,216
1783988837,2026-07-14T00:27:17Z,DLH727,"41.807541,41.933594",40000,980,324
1783988839,2026-07-14T00:27:19Z,DLH727,"41.802979,41.932892",40000,140,204
1783988842,2026-07-14T00:27:22Z,DLH727,"41.800056,41.92593",40000,920,217
1783988844,2026-07-14T00:27:24Z,DLH727,"41.805206,41.916748",40000,100,227
1783988847,2026-07-14T00:27:27Z,DLH727,"41.799229,41.910686",40000,300,218
1783988849,2026-07-14T00:27:29Z,DLH727,"41.798359,41.904354",40000,540,177
1783988852,2026-07-14T00:27:32Z,DLH727,"41.804306,41.896259",40000,80,253
1783988854,2026-07-14T00:27:34Z,DLH727,"41.804138,41.890446",40000,250,249
1783988856,2026-07-14T00:27:36Z,DLH727,"41.809242,41.897453",40000,730,27
1783988859,2026-07-14T00:27:39Z,DLH727,"41.811054,41.872242",40000,960,332
1783988861,2026-07-14T00:27:41Z,DLH727,"41.802582,41.87019",40000,200,262
1783988863,2026-07-14T00:27:43Z,DLH727,"41.803085,41.863605",40000,440,267
1783988865,2026-07-14T00:27:45Z,DLH727,"41.799049,41.864567",40000,210,2
1783988867,2026-07-14T00:27:47Z,DLH727,"41.802094,41.852844",40000,630,317
1783988869,2026-07-14T00:27:49Z,DLH727,"41.801685,41.846989",40000,650,331
1783988871,2026-07-14T00:27:51Z,DLH727,"41.801868,41.842331",40000,650,246
1783988874,2026-07-14T00:27:54Z,DLH727,"41.809006,41.855907",40000,110,296
1783988877,2026-07-14T00:27:57Z,DLH727,"41.794346,41.832146",40000,110,224
1783988881,2026-07-14T00:28:01Z,DLH727,"41.792961,41.820072",40000,370,210
1783988883,2026-07-14T00:28:03Z,DLH727,"41.799545,41.809845",40000,980,170
1783988887,2026-07-14T00:28:07Z,DLH727,"41.799114,41.799149",40000,320,267
1783988890,2026-07-14T00:28:10Z,DLH727,"41.791702,41.797253",40000,320,225
1783988893,2026-07-14T00:28:13Z,DLH727,"41.807159,41.807102",40000,240,60
1783988906,2026-07-14T00:28:26Z,DLH727,"41.795422,41.750809",40000,360,265
1783988908,2026-07-14T00:28:28Z,DLH727,"41.795895,41.744598",40000,230,279
1783988910,2026-07-14T00:28:30Z,DLH727,"41.793751,41.746693",40000,140,226
1783988912,2026-07-14T00:28:32Z,DLH727,"41.794788,41.733311",40000,270,253
1783988914,2026-07-14T00:28:34Z,DLH727,"41.794506,41.726559",40000,436,266
1783988917,2026-07-14T00:28:37Z,DLH727,"41.794769,41.72068",40000,330,273
1783988919,2026-07-14T00:28:39Z,DLH727,"41.793999,41.715469",40000,450,272
1783988921,2026-07-14T00:28:41Z,DLH727,"41.793732,41.707119",40000,440,269
1783988923,2026-07-14T00:28:43Z,DLH727,"41.803272,41.697678",40000,870,328
1783988926,2026-07-14T00:28:46Z,DLH727,"41.792625,41.694759",40000,110,262
1783988929,2026-07-14T00:28:49Z,DLH727,"41.792492,41.685108",40000,880,275
1783988932,2026-07-14T00:28:52Z,DLH727,"41.791958,41.680969",40000,220,260
1783988934,2026-07-14T00:28:54Z,DLH727,"41.791969,41.672894",40000,390,262
1783988937,2026-07-14T00:28:57Z,DLH727,"41.791264,41.6651",40000,320,320
1783988939,2026-07-14T00:28:59Z,DLH727,"41.798691,41.653473",40000,850,310
1783988943,2026-07-14T00:29:03Z,DLH727,"41.790016,41.649426",40000,850,263
1783988945,2026-07-14T00:29:05Z,DLH727,"41.789845,41.644264",40000,250,262
1783988947,2026-07-14T00:29:07Z,DLH727,"41.79364,41.635136",40000,760,307
1783988949,2026-07-14T00:29:09Z,DLH727,"41.788826,41.631741",40000,220,292
1783988951,2026-07-14T00:29:11Z,DLH727,"41.78751,41.628983",40000,170,237
1783988955,2026-07-14T00:29:15Z,DLH727,"41.791267,41.646763",40000,170,92
1783988970,2026-07-14T00:29:30Z,DLH727,"41.783562,41.577469",40000,380,262
1783988973,2026-07-14T00:29:33Z,DLH727,"41.780602,41.56847",40000,190,246
1783988975,2026-07-14T00:29:35Z,DLH727,"41.784428,41.562244",40000,590,315
1783988979,2026-07-14T00:29:39Z,DLH727,"41.787735,41.550564",40000,760,319
1783988981,2026-07-14T00:29:41Z,DLH727,"41.785774,41.563614",40000,160,274
1783988984,2026-07-14T00:29:44Z,DLH727,"41.782322,41.540764",40000,160,264
1783988988,2026-07-14T00:29:48Z,DLH727,"41.782486,41.526966",40000,270,247
1783988991,2026-07-14T00:29:51Z,DLH727,"41.784592,41.521252",40000,130,203
1783988994,2026-07-14T00:29:54Z,DLH727,"41.782112,41.534637",40000,620,238
1783988996,2026-07-14T00:29:56Z,DLH727,"41.782185,41.507008",40000,620,249
1783988998,2026-07-14T00:29:58Z,DLH727,"41.780064,41.499981",40000,510,252
1783989001,2026-07-14T00:30:01Z,DLH727,"41.780399,41.495548",40000,240,177
1783989003,2026-07-14T00:30:03Z,DLH727,"41.77874,41.490562",40000,482,243
1783989006,2026-07-14T00:30:06Z,DLH727,"41.781361,41.479488",40000,280,250
1783989008,2026-07-14T00:30:08Z,DLH727,"41.782162,41.473309",40000,290,266
1783989011,2026-07-14T00:30:11Z,DLH727,"41.77919,41.468834",40000,436,246
1783989013,2026-07-14T00:30:13Z,DLH727,"41.7794,41.462929",40000,433,263
1783989015,2026-07-14T00:30:15Z,DLH727,"41.779125,41.456345",40000,441,265
1783989017,2026-07-14T00:30:17Z,DLH727,"41.779045,41.451424",40000,439,266
1783989019,2026-07-14T00:30:19Z,DLH727,"41.778534,41.445236",40000,434,265
1783989021,2026-07-14T00:30:21Z,DLH727,"41.778252,41.439201",40000,437,265
1783989023,2026-07-14T00:30:23Z,DLH727,"41.777805,41.433743",40000,433,265
1783989026,2026-07-14T00:30:26Z,DLH727,"41.777336,41.428509",40000,427,264
1783989028,2026-07-14T00:30:28Z,DLH727,"41.777065,41.42083",40000,434,265
1783989030,2026-07-14T00:30:30Z,DLH727,"41.776592,41.41555",40000,439,265
1783989032,2026-07-14T00:30:32Z,DLH727,"41.776287,41.40958",40000,440,265
1783989034,2026-07-14T00:30:34Z,DLH727,"41.775772,41.404556",40000,433,264
1783989037,2026-07-14T00:30:37Z,DLH727,"41.775337,41.398239",40000,425,264
1783989039,2026-07-14T00:30:39Z,DLH727,"41.774914,41.392429",40000,429,264
1783989071,2026-07-14T00:31:11Z,DLH727,"41.768967,41.306278",40000,437,264
1783989091,2026-07-14T00:31:31Z,DLH727,"41.764923,41.253456",40000,435,264
1783989093,2026-07-14T00:31:33Z,DLH727,"41.764648,41.247917",40000,438,265
1783989095,2026-07-14T00:31:35Z,DLH727,"41.764286,41.242371",40000,437,265
1783989097,2026-07-14T00:31:37Z,DLH727,"41.763817,41.237045",40000,431,264
1783989099,2026-07-14T00:31:39Z,DLH727,"41.763313,41.231464",40000,426,264
1783989101,2026-07-14T00:31:41Z,DLH727,"41.763031,41.225586",40000,442,264
1783989104,2026-07-14T00:31:44Z,DLH727,"41.762798,41.219387",40000,442,265
1783989106,2026-07-14T00:31:46Z,DLH727,"41.762451,41.2132",40000,439,265
1783989108,2026-07-14T00:31:48Z,DLH727,"41.762074,41.207439",40000,439,265
1783989110,2026-07-14T00:31:50Z,DLH727,"41.761688,41.202106",40000,432,265
1783989112,2026-07-14T00:31:52Z,DLH727,"41.76086,41.196831",40000,424,262
1783989114,2026-07-14T00:31:54Z,DLH727,"41.760262,41.191074",40000,428,262
1783989141,2026-07-14T00:32:21Z,DLH727,"41.755238,41.117863",40000,270,259
1783989143,2026-07-14T00:32:23Z,DLH727,"41.753983,41.114197",40000,160,214
1783989146,2026-07-14T00:32:26Z,DLH727,"41.754185,41.107521",40000,431,262
1783989148,2026-07-14T00:32:28Z,DLH727,"41.753883,41.101765",40000,434,264
1783989150,2026-07-14T00:32:30Z,DLH727,"41.753799,41.095623",40000,435,266
1783989152,2026-07-14T00:32:32Z,DLH727,"41.753296,41.090614",40000,431,265
1783989154,2026-07-14T00:32:34Z,DLH727,"41.752838,41.08456",40000,433,264
1783989156,2026-07-14T00:32:36Z,DLH727,"41.752499,41.079536",40000,436,264
1783989159,2026-07-14T00:32:39Z,DLH727,"41.752182,41.073303",40000,437,265
1783989161,2026-07-14T00:32:41Z,DLH727,"41.751671,41.067867",40000,433,264
1783989163,2026-07-14T00:32:43Z,DLH727,"41.751209,41.061764",40000,431,264
1783989165,2026-07-14T00:32:45Z,DLH727,"41.750732,41.056442",40000,432,263
1783989167,2026-07-14T00:32:47Z,DLH727,"41.750206,41.051079",40000,428,263
1783989169,2026-07-14T00:32:49Z,DLH727,"41.749786,41.04586",40000,431,263
1783989171,2026-07-14T00:32:51Z,DLH727,"41.749451,41.040028",40000,429,264
1783989173,2026-07-14T00:32:53Z,DLH727,"41.74913,41.034451",40000,433,264
1783989175,2026-07-14T00:32:55Z,DLH727,"41.74876,41.028477",40000,432,265
1783989207,2026-07-14T00:33:27Z,DLH727,"41.742561,40.943676",40000,436,264
1783989239,2026-07-14T00:33:59Z,DLH727,"41.73637,40.858669",40000,433,264
1783989271,2026-07-14T00:34:31Z,DLH727,"41.73003,40.771805",40000,438,263
1783989284,2026-07-14T00:34:44Z,DLH727,"41.727673,40.739029",40000,432,262
1783989286,2026-07-14T00:34:46Z,DLH727,"41.727348,40.733509",40000,434,264
1783989288,2026-07-14T00:34:48Z,DLH727,"41.726768,40.72625",40000,436,264
1783989290,2026-07-14T00:34:50Z,DLH727,"41.726433,40.721481",40000,200,266
1783989292,2026-07-14T00:34:52Z,DLH727,"41.725994,40.716122",40000,437,263
1783989294,2026-07-14T00:34:54Z,DLH727,"41.725613,40.710365",40000,437,264
1783989296,2026-07-14T00:34:56Z,DLH727,"41.725178,40.703556",40000,435,264
1783989299,2026-07-14T00:34:59Z,DLH727,"41.724751,40.697723",40000,437,264
1783989301,2026-07-14T00:35:01Z,DLH727,"41.724327,40.692795",40000,434,264
1783989303,2026-07-14T00:35:03Z,DLH727,"41.723907,40.687111",40000,433,264
1783989305,2026-07-14T00:35:05Z,DLH727,"41.723534,40.681675",40000,434,264
1783989307,2026-07-14T00:35:07Z,DLH727,"41.723083,40.675262",40000,436,264
1783989309,2026-07-14T00:35:09Z,DLH727,"41.722679,40.669487",40000,438,264
1783989312,2026-07-14T00:35:12Z,DLH727,"41.722248,40.663853",40000,436,264
1783989344,2026-07-14T00:35:44Z,DLH727,"41.715866,40.577473",40000,240,262
1783989350,2026-07-14T00:35:50Z,DLH727,"41.714729,40.560154",40000,435,267
1783989352,2026-07-14T00:35:52Z,DLH727,"41.71431,40.554558",40000,435,264
1783989354,2026-07-14T00:35:54Z,DLH727,"41.713886,40.549316",40000,435,264
1783989357,2026-07-14T00:35:57Z,DLH727,"41.713432,40.542816",40000,433,264
1783989359,2026-07-14T00:35:59Z,DLH727,"41.712933,40.53603",40000,436,264
1783989361,2026-07-14T00:36:01Z,DLH727,"41.712379,40.529587",40000,435,264
1783989363,2026-07-14T00:36:03Z,DLH727,"41.711922,40.524155",40000,435,263
1783989368,2026-07-14T00:36:08Z,DLH727,"41.710751,40.51125",40000,410,263
1783989378,2026-07-14T00:36:18Z,DLH727,"41.709133,40.485832",40000,433,266
1783989389,2026-07-14T00:36:29Z,DLH727,"41.706867,40.45417",40000,310,266
1783989392,2026-07-14T00:36:32Z,DLH727,"41.706387,40.448833",40000,290,263
1783989394,2026-07-14T00:36:34Z,DLH727,"41.705959,40.442245",40000,435,264
1783989396,2026-07-14T00:36:36Z,DLH727,"41.705494,40.43655",40000,410,263
1783989406,2026-07-14T00:36:46Z,DLH727,"41.703621,40.410744",40000,400,264
1783989415,2026-07-14T00:36:55Z,DLH727,"41.7019,40.384987",40000,400,265
1783989444,2026-07-14T00:37:24Z,DLH727,"41.696808,40.309772",40000,360,266
1783989446,2026-07-14T00:37:26Z,DLH727,"41.696487,40.304527",40000,310,265
1783989449,2026-07-14T00:37:29Z,DLH727,"41.695621,40.296165",40000,390,260
1783989451,2026-07-14T00:37:31Z,DLH727,"41.695324,40.29108",40000,310,268
1783989453,2026-07-14T00:37:33Z,DLH727,"41.69492,40.285122",40000,432,266
1783989455,2026-07-14T00:37:35Z,DLH727,"41.694454,40.280243",40000,422,263
1783989458,2026-07-14T00:37:38Z,DLH727,"41.694061,40.274082",40000,431,264
1783989460,2026-07-14T00:37:40Z,DLH727,"41.69371,40.26878",40000,433,264
1783989462,2026-07-14T00:37:42Z,DLH727,"41.693367,40.263176",40000,230,268
1783989464,2026-07-14T00:37:44Z,DLH727,"41.692932,40.257816",40000,432,264
1783989466,2026-07-14T00:37:46Z,DLH727,"41.692558,40.251053",40000,220,266
1783989468,2026-07-14T00:37:48Z,DLH727,"41.692055,40.243973",40000,440,265
1783989470,2026-07-14T00:37:50Z,DLH727,"41.691746,40.241013",40000,250,263
1783989473,2026-07-14T00:37:53Z,DLH727,"41.6912,40.234306",40000,300,263
1783989475,2026-07-14T00:37:55Z,DLH727,"41.690876,40.226555",40000,470,268
1783989477,2026-07-14T00:37:57Z,DLH727,"41.690601,40.222221",40000,210,267
1783989479,2026-07-14T00:37:59Z,DLH727,"41.690147,40.217098",40000,240,266
1783989481,2026-07-14T00:38:01Z,DLH727,"41.689709,40.211365",40000,435,266
1783989483,2026-07-14T00:38:03Z,DLH727,"41.689346,40.205151",40000,434,265
1783989485,2026-07-14T00:38:05Z,DLH727,"41.689003,40.200081",40000,436,265
1783989487,2026-07-14T00:38:07Z,DLH727,"41.688545,40.193932",40000,433,264
1783989490,2026-07-14T00:38:10Z,DLH727,"41.688026,40.187431",40000,280,263
1783989492,2026-07-14T00:38:12Z,DLH727,"41.687599,40.180779",40000,400,263
1783989495,2026-07-14T00:38:15Z,DLH727,"41.68713,40.174587",40000,250,264
1783989497,2026-07-14T00:38:17Z,DLH727,"41.686794,40.168461",40000,250,263
1783989499,2026-07-14T00:38:19Z,DLH727,"41.686409,40.162537",40000,456,264
1783989501,2026-07-14T00:38:21Z,DLH727,"41.686314,40.157585",40000,440,267
1783989504,2026-07-14T00:38:24Z,DLH727,"41.685745,40.150433",40000,370,262
1783989506,2026-07-14T00:38:26Z,DLH727,"41.685108,40.144943",40000,429,260
1783989511,2026-07-14T00:38:31Z,DLH727,"41.684532,40.130383",40000,370,266
1783989513,2026-07-14T00:38:33Z,DLH727,"41.684254,40.12529",40000,447,266
1783989515,2026-07-14T00:38:35Z,DLH727,"41.68364,40.119812",40000,120,258
1783989518,2026-07-14T00:38:38Z,DLH727,"41.683319,40.113602",40000,436,265
1783989520,2026-07-14T00:38:40Z,DLH727,"41.68288,40.108906",40000,434,264
1783989523,2026-07-14T00:38:43Z,DLH727,"41.682091,40.09893",40000,433,264
1783989525,2026-07-14T00:38:45Z,DLH727,"41.681664,40.093349",40000,434,264
1783989527,2026-07-14T00:38:47Z,DLH727,"41.681244,40.087822",40000,437,264
1783989529,2026-07-14T00:38:49Z,DLH727,"41.68087,40.082642",40000,435,264
1783989531,2026-07-14T00:38:51Z,DLH727,"41.680546,40.077293",40000,436,264
1783989533,2026-07-14T00:38:53Z,DLH727,"41.680103,40.071781",40000,435,264
1783989535,2026-07-14T00:38:55Z,DLH727,"41.679695,40.066158",40000,433,264
1783989538,2026-07-14T00:38:58Z,DLH727,"41.679276,40.06031",40000,434,264
1783989540,2026-07-14T00:39:00Z,DLH727,"41.678616,40.053059",40000,436,263
1783989544,2026-07-14T00:39:04Z,DLH727,"41.677662,40.044464",40000,290,261
1783989550,2026-07-14T00:39:10Z,DLH727,"41.676331,40.02528",40000,445,266
1783989553,2026-07-14T00:39:13Z,DLH727,"41.675625,40.017704",40000,240,262
1783989555,2026-07-14T00:39:15Z,DLH727,"41.675137,40.011402",40000,370,264
1783989557,2026-07-14T00:39:17Z,DLH727,"41.674511,40.00563",40000,480,261
1783989560,2026-07-14T00:39:20Z,DLH727,"41.67416,39.998444",40000,468,265
1783989564,2026-07-14T00:39:24Z,DLH727,"41.673336,39.98996",40000,360,262
1783989566,2026-07-14T00:39:26Z,DLH727,"41.67305,39.984966",40000,280,265
1783989568,2026-07-14T00:39:28Z,DLH727,"41.672493,39.977383",40000,435,264
1783989571,2026-07-14T00:39:31Z,DLH727,"41.672066,39.971123",40000,280,264
1783989573,2026-07-14T00:39:33Z,DLH727,"41.671574,39.964073",40000,410,264
1783989576,2026-07-14T00:39:36Z,DLH727,"41.671135,39.95784",40000,210,268
1783989578,2026-07-14T00:39:38Z,DLH727,"41.670483,39.950352",40000,260,265
1783989580,2026-07-14T00:39:40Z,DLH727,"41.670578,39.946564",40000,454,271
1783989582,2026-07-14T00:39:42Z,DLH727,"41.669952,39.941082",40000,447,265
1783989585,2026-07-14T00:39:45Z,DLH727,"41.66938,39.932766",40000,433,264
1783989587,2026-07-14T00:39:47Z,DLH727,"41.668884,39.92783",40000,200,267
1783989592,2026-07-14T00:39:52Z,DLH727,"41.667683,39.914837",40000,350,262
1783989633,2026-07-14T00:40:33Z,DLH727,"41.659843,39.80611",40000,420,264
1783989649,2026-07-14T00:40:49Z,DLH727,"41.65699,39.763268",40000,320,274
1783989651,2026-07-14T00:40:51Z,DLH727,"41.656132,39.758495",40000,280,256
1783989653,2026-07-14T00:40:53Z,DLH727,"41.655701,39.753651",40000,430,261
1783989657,2026-07-14T00:40:57Z,DLH727,"41.655304,39.742279",40000,360,263
1783989659,2026-07-14T00:40:59Z,DLH727,"41.653893,39.73716",40000,330,237
1783989661,2026-07-14T00:41:01Z,DLH727,"41.653996,39.730423",40000,240,272
1783989666,2026-07-14T00:41:06Z,DLH727,"41.652851,39.719322",40000,290,265
1783989668,2026-07-14T00:41:08Z,DLH727,"41.652596,39.713917",40000,270,267
1783989670,2026-07-14T00:41:10Z,DLH727,"41.65213,39.707809",40000,270,267
1783989672,2026-07-14T00:41:12Z,DLH727,"41.651733,39.702316",40000,426,263
1783989674,2026-07-14T00:41:14Z,DLH727,"41.651211,39.696239",40000,120,265
1783989676,2026-07-14T00:41:16Z,DLH727,"41.650932,39.691792",40000,110,271
1783989679,2026-07-14T00:41:19Z,DLH727,"41.650429,39.685558",40000,437,264
1783989681,2026-07-14T00:41:21Z,DLH727,"41.64991,39.67971",40000,40,262
1783989683,2026-07-14T00:41:23Z,DLH727,"41.650925,39.674191",40000,310,295
1783989685,2026-07-14T00:41:25Z,DLH727,"41.648911,39.666626",40000,470,250
1783989687,2026-07-14T00:41:27Z,DLH727,"41.64859,39.662811",40000,320,262
1783989696,2026-07-14T00:41:36Z,DLH727,"41.647083,39.63987",40000,390,265
1783989698,2026-07-14T00:41:38Z,DLH727,"41.647491,39.633972",40000,140,306
1783989700,2026-07-14T00:41:40Z,DLH727,"41.646225,39.629395",40000,280,249
1783989704,2026-07-14T00:41:44Z,DLH727,"41.645817,39.618996",40000,160,288
1783989706,2026-07-14T00:41:46Z,DLH727,"41.6451,39.611992",40000,160,299
1783989710,2026-07-14T00:41:50Z,DLH727,"41.644714,39.603176",40000,300,260
1783989712,2026-07-14T00:41:52Z,DLH727,"41.645336,39.598598",40000,190,304
1783989715,2026-07-14T00:41:55Z,DLH727,"41.643894,39.58926",40000,240,260
1783989717,2026-07-14T00:41:57Z,DLH727,"41.642551,39.581169",40000,500,243
1783989719,2026-07-14T00:41:59Z,DLH727,"41.643959,39.577885",40000,110,292
1783989721,2026-07-14T00:42:01Z,DLH727,"41.644093,39.572411",40000,40,271
1783989725,2026-07-14T00:42:05Z,DLH727,"41.643703,39.562263",40000,400,267
1783989727,2026-07-14T00:42:07Z,DLH727,"41.642262,39.553249",40000,650,256
1783989729,2026-07-14T00:42:09Z,DLH727,"41.643894,39.550644",40000,220,276
1783989731,2026-07-14T00:42:11Z,DLH727,"41.643814,39.545536",40000,240,265
1783989733,2026-07-14T00:42:13Z,DLH727,"41.644257,39.539902",40000,445,275
1783989736,2026-07-14T00:42:16Z,DLH727,"41.644711,39.534046",40000,431,275
1783989738,2026-07-14T00:42:18Z,DLH727,"41.646172,39.528774",40000,180,262
1783989742,2026-07-14T00:42:22Z,DLH727,"41.643913,39.515121",40000,310,252
1783989744,2026-07-14T00:42:24Z,DLH727,"41.645947,39.512894",40000,160,272
1783989746,2026-07-14T00:42:26Z,DLH727,"41.645927,39.507454",40000,310,269
1783989748,2026-07-14T00:42:28Z,DLH727,"41.646355,39.501423",40000,120,278
1783989751,2026-07-14T00:42:31Z,DLH727,"41.647007,39.491791",40000,370,275
1783989755,2026-07-14T00:42:35Z,DLH727,"41.647449,39.481525",40000,390,273
1783989758,2026-07-14T00:42:38Z,DLH727,"41.647896,39.474007",40000,250,274
1783989760,2026-07-14T00:42:40Z,DLH727,"41.648205,39.467232",40000,390,273
1783989762,2026-07-14T00:42:42Z,DLH727,"41.648415,39.46302",40000,130,270
1783989765,2026-07-14T00:42:45Z,DLH727,"41.648979,39.45562",40000,489,293
1783989767,2026-07-14T00:42:47Z,DLH727,"41.648937,39.450188",40000,444,271
1783989770,2026-07-14T00:42:50Z,DLH727,"41.649616,39.440197",40000,440,275
1783989772,2026-07-14T00:42:52Z,DLH727,"41.649784,39.436497",40000,431,274
1783989775,2026-07-14T00:42:55Z,DLH727,"41.650009,39.429218",40000,410,273
1783989777,2026-07-14T00:42:57Z,DLH727,"41.650242,39.424442",40000,439,273
1783989779,2026-07-14T00:42:59Z,DLH727,"41.650543,39.417973",40000,435,273
1783989781,2026-07-14T00:43:01Z,DLH727,"41.650707,39.413433",40000,433,273
1783989783,2026-07-14T00:43:03Z,DLH727,"41.650932,39.407787",40000,433,273
1783989785,2026-07-14T00:43:05Z,DLH727,"41.651031,39.401939",40000,200,272
1783989787,2026-07-14T00:43:07Z,DLH727,"41.651443,39.396072",40000,417,275
1783989790,2026-07-14T00:43:10Z,DLH727,"41.651665,39.39069",40000,431,274
1783989792,2026-07-14T00:43:12Z,DLH727,"41.650913,39.381248",40000,510,258
1783989794,2026-07-14T00:43:14Z,DLH727,"41.652126,39.378471",40000,180,270
1783989796,2026-07-14T00:43:16Z,DLH727,"41.65234,39.373302",40000,401,274
1783989798,2026-07-14T00:43:18Z,DLH727,"41.652515,39.367664",40000,430,272
1783989800,2026-07-14T00:43:20Z,DLH727,"41.652828,39.360977",40000,431,273
1783989802,2026-07-14T00:43:22Z,DLH727,"41.653065,39.35553",40000,432,273
1783989806,2026-07-14T00:43:26Z,DLH727,"41.651226,39.344254",40000,440,235
1783989809,2026-07-14T00:43:29Z,DLH727,"41.654041,39.336685",40000,210,268
1783989811,2026-07-14T00:43:31Z,DLH727,"41.653854,39.331474",40000,250,259
1783989813,2026-07-14T00:43:33Z,DLH727,"41.65464,39.326225",40000,290,281
1783989815,2026-07-14T00:43:35Z,DLH727,"41.654118,39.320698",40000,390,263
1783989817,2026-07-14T00:43:37Z,DLH727,"41.655609,39.314598",40000,470,289
1783989820,2026-07-14T00:43:40Z,DLH727,"41.655556,39.310921",40000,150,285
1783989822,2026-07-14T00:43:42Z,DLH727,"41.654503,39.30125",40000,430,254
1783989824,2026-07-14T00:43:44Z,DLH727,"41.655712,39.298756",40000,240,303
1783989826,2026-07-14T00:43:46Z,DLH727,"41.657692,39.295361",40000,230,334
1783989831,2026-07-14T00:43:51Z,DLH727,"41.656303,39.278931",40000,330,271
1783989833,2026-07-14T00:43:53Z,DLH727,"41.656311,39.272373",40000,420,288
1783989838,2026-07-14T00:43:58Z,DLH727,"41.657318,39.262337",40000,270,268
1783989840,2026-07-14T00:44:00Z,DLH727,"41.657219,39.256756",40000,200,262
1783989842,2026-07-14T00:44:02Z,DLH727,"41.657936,39.252102",40000,270,281
1783989844,2026-07-14T00:44:04Z,DLH727,"41.656868,39.242928",40000,620,257
1783989846,2026-07-14T00:44:06Z,DLH727,"41.656658,39.239902",40000,310,257
1783989848,2026-07-14T00:44:08Z,DLH727,"41.657925,39.232697",40000,410,273
1783989853,2026-07-14T00:44:13Z,DLH727,"41.658314,39.222115",40000,280,265
1783989855,2026-07-14T00:44:15Z,DLH727,"41.658707,39.217022",40000,428,273
1783989857,2026-07-14T00:44:17Z,DLH727,"41.659126,39.212032",40000,100,303
1783989859,2026-07-14T00:44:19Z,DLH727,"41.658482,39.204411",40000,440,251
1783989861,2026-07-14T00:44:21Z,DLH727,"41.660469,39.199135",40000,270,275
1783989863,2026-07-14T00:44:23Z,DLH727,"41.66008,39.19471",40000,260,263
1783989865,2026-07-14T00:44:25Z,DLH727,"41.660938,39.190632",40000,180,278
1783989868,2026-07-14T00:44:28Z,DLH727,"41.660191,39.18372",40000,220,284
1783989870,2026-07-14T00:44:30Z,DLH727,"41.660561,39.177311",40000,430,271
1783989872,2026-07-14T00:44:32Z,DLH727,"41.660889,39.170765",40000,430,272
1783989874,2026-07-14T00:44:34Z,DLH727,"41.661053,39.164371",40000,430,272
1783989877,2026-07-14T00:44:37Z,DLH727,"41.661201,39.15815",40000,431,272
1783989879,2026-07-14T00:44:39Z,DLH727,"41.660839,39.151981",40000,420,262
1783989881,2026-07-14T00:44:41Z,DLH727,"41.661564,39.148174",40000,210,284
1783989883,2026-07-14T00:44:43Z,DLH727,"41.661671,39.14275",40000,427,273
1783989885,2026-07-14T00:44:45Z,DLH727,"41.662582,39.135956",40000,340,283
1783989888,2026-07-14T00:44:48Z,DLH727,"41.661831,39.130722",40000,150,269
1783989890,2026-07-14T00:44:50Z,DLH727,"41.662621,39.122559",40000,260,276
1783989893,2026-07-14T00:44:53Z,DLH727,"41.662064,39.11552",40000,447,265
1783989895,2026-07-14T00:44:55Z,DLH727,"41.663544,39.109943",40000,270,280
1783989898,2026-07-14T00:44:58Z,DLH727,"41.663589,39.104843",40000,80,300
1783989900,2026-07-14T00:45:00Z,DLH727,"41.662682,39.097191",40000,340,250
1783989903,2026-07-14T00:45:03Z,DLH727,"41.663986,39.089302",40000,290,273
1783989905,2026-07-14T00:45:05Z,DLH727,"41.664024,39.083282",40000,424,275
1783989907,2026-07-14T00:45:07Z,DLH727,"41.664497,39.078114",40000,120,271
1783989909,2026-07-14T00:45:09Z,DLH727,"41.666332,39.072281",40000,340,305
1783989912,2026-07-14T00:45:12Z,DLH727,"41.665768,39.066406",40000,360,267
1783989914,2026-07-14T00:45:14Z,DLH727,"41.66465,39.060207",40000,220,270
1783989917,2026-07-14T00:45:17Z,DLH727,"41.66576,39.052593",40000,330,271
1783989919,2026-07-14T00:45:19Z,DLH727,"41.665775,39.046558",40000,432,273
1783989921,2026-07-14T00:45:21Z,DLH727,"41.665997,39.041195",40000,431,273
1783989923,2026-07-14T00:45:23Z,DLH727,"41.66618,39.03566",40000,431,272
1783989926,2026-07-14T00:45:26Z,DLH727,"41.666389,39.029625",40000,431,272
1783989928,2026-07-14T00:45:28Z,DLH727,"41.666603,39.023491",40000,130,292
1783989930,2026-07-14T00:45:30Z,DLH727,"41.666714,39.017086",40000,380,259
1783989932,2026-07-14T00:45:32Z,DLH727,"41.667641,39.011135",40000,320,300
1783989934,2026-07-14T00:45:34Z,DLH727,"41.66684,39.006512",40000,130,249
1783989936,2026-07-14T00:45:36Z,DLH727,"41.667595,39.001389",40000,190,257
1783989939,2026-07-14T00:45:39Z,DLH727,"41.667557,38.995319",40000,210,269
1783989941,2026-07-14T00:45:41Z,DLH727,"41.667953,38.989002",40000,431,274
1783989943,2026-07-14T00:45:43Z,DLH727,"41.668137,38.983639",40000,432,273
1783989945,2026-07-14T00:45:45Z,DLH727,"41.668362,38.978466",40000,431,273
1783989947,2026-07-14T00:45:47Z,DLH727,"41.668602,38.972057",40000,432,273
1783989949,2026-07-14T00:45:49Z,DLH727,"41.668804,38.966953",40000,431,273
1783989951,2026-07-14T00:45:51Z,DLH727,"41.668938,38.961395",40000,431,272
1783989953,2026-07-14T00:45:53Z,DLH727,"41.669212,38.954838",40000,432,272
1783989955,2026-07-14T00:45:55Z,DLH727,"41.669395,38.949726",40000,431,272
1783989957,2026-07-14T00:45:57Z,DLH727,"41.66954,38.944679",40000,432,272
1783989959,2026-07-14T00:45:59Z,DLH727,"41.669422,38.938202",40000,380,265
1783989962,2026-07-14T00:46:02Z,DLH727,"41.669991,38.934258",40000,409,275
1783989965,2026-07-14T00:46:05Z,DLH727,"41.670261,38.925243",40000,160,255
1783989967,2026-07-14T00:46:07Z,DLH727,"41.671024,38.919563",40000,280,289
1783989969,2026-07-14T00:46:09Z,DLH727,"41.670776,38.914349",40000,432,273
1783989971,2026-07-14T00:46:11Z,DLH727,"41.670448,38.908073",40000,250,256
1783989973,2026-07-14T00:46:13Z,DLH727,"41.671295,38.903088",40000,260,279
1783989975,2026-07-14T00:46:15Z,DLH727,"41.671303,38.897732",40000,210,278
1783989977,2026-07-14T00:46:17Z,DLH727,"41.671444,38.892002",40000,442,272
1783989980,2026-07-14T00:46:20Z,DLH727,"41.670944,38.885269",40000,350,256
1783989982,2026-07-14T00:46:22Z,DLH727,"41.67152,38.879372",40000,330,277
1783989984,2026-07-14T00:46:24Z,DLH727,"41.671825,38.873844",40000,240,267
1783989986,2026-07-14T00:46:26Z,DLH727,"41.672188,38.868767",40000,290,267
1783989988,2026-07-14T00:46:28Z,DLH727,"41.672291,38.863522",40000,200,261
1783989990,2026-07-14T00:46:30Z,DLH727,"41.672894,38.858315",40000,420,277
1783989992,2026-07-14T00:46:32Z,DLH727,"41.672985,38.852757",40000,429,274
1783989994,2026-07-14T00:46:34Z,DLH727,"41.673058,38.845837",40000,434,272
1783989996,2026-07-14T00:46:36Z,DLH727,"41.673168,38.840637",40000,435,272
1783989998,2026-07-14T00:46:38Z,DLH727,"41.673553,38.835316",40000,310,275
1783990000,2026-07-14T00:46:40Z,DLH727,"41.673504,38.830044",40000,270,246
1783990002,2026-07-14T00:46:42Z,DLH727,"41.674744,38.82357",40000,380,278
1783990005,2026-07-14T00:46:45Z,DLH727,"41.674049,38.81889",40000,270,277
1783990007,2026-07-14T00:46:47Z,DLH727,"41.674229,38.812328",40000,441,271
1783990009,2026-07-14T00:46:49Z,DLH727,"41.674816,38.807648",40000,230,278
1783990011,2026-07-14T00:46:51Z,DLH727,"41.674343,38.801338",40000,270,274
1783990013,2026-07-14T00:46:53Z,DLH727,"41.674831,38.795685",40000,445,274
1783990015,2026-07-14T00:46:55Z,DLH727,"41.674946,38.790424",40000,432,272
1783990017,2026-07-14T00:46:57Z,DLH727,"41.675255,38.784092",40000,432,273
1783990020,2026-07-14T00:47:00Z,DLH727,"41.675465,38.778709",40000,433,273
1783990022,2026-07-14T00:47:02Z,DLH727,"41.675701,38.772758",40000,434,273
1783990024,2026-07-14T00:47:04Z,DLH727,"41.675865,38.766907",40000,431,272
1783990027,2026-07-14T00:47:07Z,DLH727,"41.676105,38.760262",40000,432,272
1783990029,2026-07-14T00:47:09Z,DLH727,"41.676342,38.754047",40000,433,272
1783990031,2026-07-14T00:47:11Z,DLH727,"41.67659,38.748901",40000,433,273
1783990033,2026-07-14T00:47:13Z,DLH727,"41.676704,38.743813",40000,434,272
1783990035,2026-07-14T00:47:15Z,DLH727,"41.676842,38.738216",40000,434,272
1783990037,2026-07-14T00:47:17Z,DLH727,"41.677029,38.732758",40000,429,272
1783990039,2026-07-14T00:47:19Z,DLH727,"41.677292,38.727261",40000,432,272
1783990067,2026-07-14T00:47:47Z,DLH727,"41.680889,38.651703",40000,430,290
1783990069,2026-07-14T00:47:49Z,DLH727,"41.679981,38.64753",40000,437,270
1783990071,2026-07-14T00:47:51Z,DLH727,"41.680187,38.641029",40000,432,271
1783990073,2026-07-14T00:47:53Z,DLH727,"41.680378,38.636852",40000,434,272
1783990075,2026-07-14T00:47:55Z,DLH727,"41.680607,38.630924",40000,434,272
1783990077,2026-07-14T00:47:57Z,DLH727,"41.680733,38.62542",40000,430,272
1783990079,2026-07-14T00:47:59Z,DLH727,"41.680954,38.619251",40000,433,272
1783990082,2026-07-14T00:48:02Z,DLH727,"41.681179,38.61367",40000,430,272
1783990084,2026-07-14T00:48:04Z,DLH727,"41.681427,38.608006",40000,431,273
1783990086,2026-07-14T00:48:06Z,DLH727,"41.681637,38.602299",40000,434,272
1783990088,2026-07-14T00:48:08Z,DLH727,"41.681789,38.596832",40000,430,272
1783990090,2026-07-14T00:48:10Z,DLH727,"41.682014,38.590725",40000,433,272
1783990093,2026-07-14T00:48:13Z,DLH727,"41.682255,38.585041",40000,432,272
1783990095,2026-07-14T00:48:15Z,DLH727,"41.682468,38.578522",40000,431,272
1783990097,2026-07-14T00:48:17Z,DLH727,"41.682709,38.572563",40000,431,272
1783990129,2026-07-14T00:48:49Z,DLH727,"41.685654,38.487408",40000,429,272
1783990162,2026-07-14T00:49:22Z,DLH727,"41.688503,38.400974",40000,430,271
1783990191,2026-07-14T00:49:51Z,DLH727,"41.691113,38.322727",40000,424,269
1783990193,2026-07-14T00:49:53Z,DLH727,"41.69125,38.31694",40000,431,271
1783990195,2026-07-14T00:49:55Z,DLH727,"41.691463,38.311783",40000,429,272
1783990198,2026-07-14T00:49:58Z,DLH727,"41.69175,38.304478",40000,430,272
1783990200,2026-07-14T00:50:00Z,DLH727,"41.691906,38.2994",40000,431,272
1783990203,2026-07-14T00:50:03Z,DLH727,"41.691765,38.291988",40000,464,263
1783990205,2026-07-14T00:50:05Z,DLH727,"41.692257,38.286148",40000,429,273
1783990207,2026-07-14T00:50:07Z,DLH727,"41.692432,38.280716",40000,429,272
1783990209,2026-07-14T00:50:09Z,DLH727,"41.692657,38.274628",40000,431,272
1783990211,2026-07-14T00:50:11Z,DLH727,"41.692863,38.268505",40000,140,298
1783990214,2026-07-14T00:50:14Z,DLH727,"41.692966,38.263138",40000,443,271
1783990216,2026-07-14T00:50:16Z,DLH727,"41.693226,38.257301",40000,433,272
1783990218,2026-07-14T00:50:18Z,DLH727,"41.693447,38.250534",40000,431,272
1783990220,2026-07-14T00:50:20Z,DLH727,"41.693588,38.245136",40000,431,272
1783990222,2026-07-14T00:50:22Z,DLH727,"41.693741,38.23925",40000,435,272
1783990224,2026-07-14T00:50:24Z,DLH727,"41.693928,38.234013",40000,430,272
1783990227,2026-07-14T00:50:27Z,DLH727,"41.694153,38.228188",40000,431,272
1783990229,2026-07-14T00:50:29Z,DLH727,"41.69442,38.222328",40000,429,272
1783990231,2026-07-14T00:50:31Z,DLH727,"41.694607,38.217068",40000,430,272
1783990233,2026-07-14T00:50:33Z,DLH727,"41.694832,38.210163",40000,433,272
1783990235,2026-07-14T00:50:35Z,DLH727,"41.694923,38.205639",40000,433,272
1783990237,2026-07-14T00:50:37Z,DLH727,"41.695099,38.199436",40000,431,272
1783990239,2026-07-14T00:50:39Z,DLH727,"41.695255,38.194065",40000,431,272
1783990250,2026-07-14T00:50:50Z,DLH727,"41.695934,38.164799",40000,439,269
1783990252,2026-07-14T00:50:52Z,DLH727,"41.696312,38.159142",40000,434,272
1783990255,2026-07-14T00:50:55Z,DLH727,"41.696499,38.154037",40000,430,272
1783990257,2026-07-14T00:50:57Z,DLH727,"41.696659,38.147106",40000,436,272
1783990259,2026-07-14T00:50:59Z,DLH727,"41.696838,38.141132",40000,437,272
1783990261,2026-07-14T00:51:01Z,DLH727,"41.697025,38.135494",40000,433,272
1783990264,2026-07-14T00:51:04Z,DLH727,"41.697292,38.12981",40000,433,273
1783990266,2026-07-14T00:51:06Z,DLH727,"41.697536,38.123478",40000,429,273
1783990268,2026-07-14T00:51:08Z,DLH727,"41.697617,38.117619",40000,430,272
1783990270,2026-07-14T00:51:10Z,DLH727,"41.697857,38.112072",40000,432,272
1783990272,2026-07-14T00:51:12Z,DLH727,"41.698097,38.106144",40000,434,272
1783990275,2026-07-14T00:51:15Z,DLH727,"41.698414,38.100334",40000,435,273
1783990277,2026-07-14T00:51:17Z,DLH727,"41.698643,38.094509",40000,437,273
1783990309,2026-07-14T00:51:49Z,DLH727,"41.701332,38.008816",40000,431,272
1783990315,2026-07-14T00:51:55Z,DLH727,"41.701611,37.992489",40000,270,265
1783990317,2026-07-14T00:51:57Z,DLH727,"41.701794,37.986034",40000,439,271
1783990319,2026-07-14T00:51:59Z,DLH727,"41.702061,37.980953",40000,433,272
1783990321,2026-07-14T00:52:01Z,DLH727,"41.702316,37.975815",40000,426,272
1783990323,2026-07-14T00:52:03Z,DLH727,"41.702499,37.969944",40000,434,272
1783990325,2026-07-14T00:52:05Z,DLH727,"41.702709,37.964569",40000,427,272
1783990327,2026-07-14T00:52:07Z,DLH727,"41.702869,37.959248",40000,432,272
1783990330,2026-07-14T00:52:10Z,DLH727,"41.703041,37.952999",40000,434,272
1783990332,2026-07-14T00:52:12Z,DLH727,"41.703094,37.947372",40000,434,271
1783990334,2026-07-14T00:52:14Z,DLH727,"41.703251,37.941422",40000,431,271
1783990336,2026-07-14T00:52:16Z,DLH727,"41.703693,37.935772",40000,280,287
1783990338,2026-07-14T00:52:18Z,DLH727,"41.703846,37.930134",40000,446,274
1783990340,2026-07-14T00:52:20Z,DLH727,"41.703979,37.924679",40000,438,273
1783990342,2026-07-14T00:52:22Z,DLH727,"41.704067,37.919136",40000,438,272
1783990345,2026-07-14T00:52:25Z,DLH727,"41.704258,37.912827",40000,437,272
1783990347,2026-07-14T00:52:27Z,DLH727,"41.704346,37.907513",40000,436,271
1783990349,2026-07-14T00:52:29Z,DLH727,"41.704464,37.902004",40000,435,271
1783990351,2026-07-14T00:52:31Z,DLH727,"41.704571,37.896404",40000,435,271
1783990353,2026-07-14T00:52:33Z,DLH727,"41.704792,37.889919",40000,432,272
1783990355,2026-07-14T00:52:35Z,DLH727,"41.705082,37.885021",40000,431,272
1783990357,2026-07-14T00:52:37Z,DLH727,"41.705315,37.878838",40000,430,272
1783990360,2026-07-14T00:52:40Z,DLH727,"41.705559,37.872677",40000,431,272
1783990362,2026-07-14T00:52:42Z,DLH727,"41.705688,37.867012",40000,433,272
1783990364,2026-07-14T00:52:44Z,DLH727,"41.705723,37.861084",40000,433,271
1783990366,2026-07-14T00:52:46Z,DLH727,"41.705765,37.854557",40000,360,270
1783990369,2026-07-14T00:52:49Z,DLH727,"41.706112,37.847336",40000,424,278
1783990371,2026-07-14T00:52:51Z,DLH727,"41.706104,37.841187",40000,430,272
1783990374,2026-07-14T00:52:54Z,DLH727,"41.706322,37.835445",40000,434,272
1783990376,2026-07-14T00:52:56Z,DLH727,"41.706444,37.829582",40000,436,272
1783990378,2026-07-14T00:52:58Z,DLH727,"41.706635,37.823849",40000,435,272
1783990380,2026-07-14T00:53:00Z,DLH727,"41.706753,37.818043",40000,435,272
1783990382,2026-07-14T00:53:02Z,DLH727,"41.706932,37.811974",40000,433,272
1783990384,2026-07-14T00:53:04Z,DLH727,"41.707211,37.806236",40000,431,272
1783990386,2026-07-14T00:53:06Z,DLH727,"41.707382,37.801338",40000,432,272
1783990388,2026-07-14T00:53:08Z,DLH727,"41.707409,37.795715",40000,436,271
1783990391,2026-07-14T00:53:11Z,DLH727,"41.70752,37.789539",40000,436,271
1783990393,2026-07-14T00:53:13Z,DLH727,"41.707638,37.783546",40000,438,271
1783990395,2026-07-14T00:53:15Z,DLH727,"41.707947,37.778622",40000,436,272
1783990400,2026-07-14T00:53:20Z,DLH727,"41.7085,37.765675",40000,430,272
1783990432,2026-07-14T00:53:52Z,DLH727,"41.71088,37.679638",40000,433,271
1783990464,2026-07-14T00:54:24Z,DLH727,"41.713177,37.593418",40000,432,272
1783990496,2026-07-14T00:54:56Z,DLH727,"41.715282,37.50634",40000,436,271
1783990528,2026-07-14T00:55:28Z,DLH727,"41.717251,37.420658",40000,436,271
1783990558,2026-07-14T00:55:58Z,DLH727,"41.718529,37.339951",40000,150,298
1783990560,2026-07-14T00:56:00Z,DLH727,"41.719139,37.334415",40000,429,273
1783990562,2026-07-14T00:56:02Z,DLH727,"41.719131,37.328827",40000,430,271
1783990565,2026-07-14T00:56:05Z,DLH727,"41.719326,37.321571",40000,434,271
1783990567,2026-07-14T00:56:07Z,DLH727,"41.719276,37.316128",40000,433,270
1783990569,2026-07-14T00:56:09Z,DLH727,"41.719509,37.310268",40000,438,271
1783990571,2026-07-14T00:56:11Z,DLH727,"41.719898,37.303745",40000,438,272
1783990574,2026-07-14T00:56:14Z,DLH727,"41.720139,37.29826",40000,436,273
1783990576,2026-07-14T00:56:16Z,DLH727,"41.720402,37.292244",40000,435,273
1783990578,2026-07-14T00:56:18Z,DLH727,"41.720665,37.286892",40000,436,273
1783990580,2026-07-14T00:56:20Z,DLH727,"41.720802,37.281399",40000,437,272
1783990583,2026-07-14T00:56:23Z,DLH727,"41.72102,37.274464",40000,435,272
1783990585,2026-07-14T00:56:25Z,DLH727,"41.721252,37.266685",40000,435,272
1783990591,2026-07-14T00:56:31Z,DLH727,"41.714222,37.229519",40000,570,266
1783990594,2026-07-14T00:56:34Z,DLH727,"41.721172,37.242374",40000,250,264
1783990596,2026-07-14T00:56:36Z,DLH727,"41.721619,37.236832",40000,290,284
1783990599,2026-07-14T00:56:39Z,DLH727,"41.722134,37.22995",40000,390,275
1783990601,2026-07-14T00:56:41Z,DLH727,"41.721943,37.224792",40000,427,267
1783990603,2026-07-14T00:56:43Z,DLH727,"41.721901,37.219395",40000,250,279
1783990605,2026-07-14T00:56:45Z,DLH727,"41.715656,37.19606",40000,190,283
1783990607,2026-07-14T00:56:47Z,DLH727,"41.717319,37.195808",40000,880,244
1783990612,2026-07-14T00:56:52Z,DLH727,"41.722851,37.195442",40000,230,275
1783990614,2026-07-14T00:56:54Z,DLH727,"41.723011,37.189796",40000,230,273
1783990616,2026-07-14T00:56:56Z,DLH727,"41.722874,37.183113",40000,390,270
1783990618,2026-07-14T00:56:58Z,DLH727,"41.723469,37.17659",40000,560,272
1783990620,2026-07-14T00:57:00Z,DLH727,"41.722706,37.173618",40000,423,229
1783990622,2026-07-14T00:57:02Z,DLH727,"41.723751,37.166748",40000,390,281
1783990625,2026-07-14T00:57:05Z,DLH727,"41.723877,37.161934",40000,240,271
1783990627,2026-07-14T00:57:07Z,DLH727,"41.724564,37.157829",40000,70,282
1783990629,2026-07-14T00:57:09Z,DLH727,"41.724297,37.149414",40000,130,315
1783990631,2026-07-14T00:57:11Z,DLH727,"41.724392,37.144604",40000,449,270
1783990637,2026-07-14T00:57:17Z,DLH727,"41.725163,37.131401",40000,390,273
1783990639,2026-07-14T00:57:19Z,DLH727,"41.724751,37.123726",40000,590,261
1783990642,2026-07-14T00:57:22Z,DLH727,"41.725681,37.117016",40000,310,280
1783990644,2026-07-14T00:57:24Z,DLH727,"41.725922,37.11097",40000,350,273
1783990646,2026-07-14T00:57:26Z,DLH727,"41.725643,37.105499",40000,310,272
1783990648,2026-07-14T00:57:28Z,DLH727,"41.72575,37.10017",40000,426,272
1783990650,2026-07-14T00:57:30Z,DLH727,"41.726124,37.095234",40000,422,273
1783990652,2026-07-14T00:57:32Z,DLH727,"41.726261,37.089493",40000,270,264
1783990655,2026-07-14T00:57:35Z,DLH727,"41.725948,37.083443",40000,489,265
1783990657,2026-07-14T00:57:37Z,DLH727,"41.725487,37.076038",40000,448,276
1783990661,2026-07-14T00:57:41Z,DLH727,"41.726852,37.065083",40000,290,282
1783990664,2026-07-14T00:57:44Z,DLH727,"41.725994,37.055153",40000,540,262
1783990667,2026-07-14T00:57:47Z,DLH727,"41.726734,37.048798",40000,300,267
1783990669,2026-07-14T00:57:49Z,DLH727,"41.72649,37.04306",40000,449,259
1783990671,2026-07-14T00:57:51Z,DLH727,"41.726864,37.037907",40000,421,273
1783990680,2026-07-14T00:58:00Z,DLH727,"41.727474,37.014038",40000,410,271
1783990682,2026-07-14T00:58:02Z,DLH727,"41.727692,37.010296",40000,200,265
1783990684,2026-07-14T00:58:04Z,DLH727,"41.727943,37.003902",40000,220,274
1783990686,2026-07-14T00:58:06Z,DLH727,"41.727894,36.996571",40000,420,269
1783990690,2026-07-14T00:58:10Z,DLH727,"41.728245,36.98637",40000,330,272
1783990692,2026-07-14T00:58:12Z,DLH727,"41.727989,36.980915",40000,110,289
1783990694,2026-07-14T00:58:14Z,DLH727,"41.728065,36.975716",40000,428,271
1783990697,2026-07-14T00:58:17Z,DLH727,"41.728752,36.967442",40000,250,281
1783990700,2026-07-14T00:58:20Z,DLH727,"41.728386,36.960766",40000,438,273
1783990703,2026-07-14T00:58:23Z,DLH727,"41.729218,36.952145",40000,230,239
1783990711,2026-07-14T00:58:31Z,DLH727,"41.728889,36.928528",40000,160,245
1783990713,2026-07-14T00:58:33Z,DLH727,"41.729183,36.922825",40000,330,273
1783990715,2026-07-14T00:58:35Z,DLH727,"41.729111,36.918671",40000,447,270
1783990726,2026-07-14T00:58:46Z,DLH727,"41.724712,36.881462",40000,550,261
1783990728,2026-07-14T00:58:48Z,DLH727,"41.729237,36.884148",40000,180,263
1783990730,2026-07-14T00:58:50Z,DLH727,"41.729885,36.878681",40000,310,272
1783990734,2026-07-14T00:58:54Z,DLH727,"41.725037,36.85746",40000,740,253
1783990741,2026-07-14T00:59:01Z,DLH727,"41.729855,36.847961",40000,200,271
1783990743,2026-07-14T00:59:03Z,DLH727,"41.725769,36.837135",40000,280,253
1783990745,2026-07-14T00:59:05Z,DLH727,"41.730515,36.839001",40000,447,272
1783990747,2026-07-14T00:59:07Z,DLH727,"41.73019,36.832043",40000,320,268
1783990749,2026-07-14T00:59:09Z,DLH727,"41.73037,36.826141",40000,330,270
1783990751,2026-07-14T00:59:11Z,DLH727,"41.730476,36.821163",40000,340,256
1783990753,2026-07-14T00:59:13Z,DLH727,"41.730881,36.814972",40000,210,272
1783990755,2026-07-14T00:59:15Z,DLH727,"41.73103,36.808044",40000,436,272
1783990757,2026-07-14T00:59:17Z,DLH727,"41.72821,36.799927",40000,780,242
1783990760,2026-07-14T00:59:20Z,DLH727,"41.731209,36.798386",40000,130,277
1783990764,2026-07-14T00:59:24Z,DLH727,"41.725986,36.77721",40000,770,247
1783990766,2026-07-14T00:59:26Z,DLH727,"41.731644,36.780884",40000,180,270
1783990768,2026-07-14T00:59:28Z,DLH727,"41.731659,36.774948",40000,440,271
1783990771,2026-07-14T00:59:31Z,DLH727,"41.731731,36.769577",40000,441,271
1783990773,2026-07-14T00:59:33Z,DLH727,"41.731899,36.763096",40000,438,271
1783990775,2026-07-14T00:59:35Z,DLH727,"41.73204,36.757351",40000,440,271
1783990777,2026-07-14T00:59:37Z,DLH727,"41.728104,36.745117",40000,840,238
1783990779,2026-07-14T00:59:39Z,DLH727,"41.732635,36.74633",40000,100,291
1783990781,2026-07-14T00:59:41Z,DLH727,"41.73259,36.739571",40000,310,272
1783990783,2026-07-14T00:59:43Z,DLH727,"41.732742,36.73312",40000,444,271
1783990785,2026-07-14T00:59:45Z,DLH727,"41.732784,36.727367",40000,400,271
1783990787,2026-07-14T00:59:47Z,DLH727,"41.732895,36.722912",40000,310,255
1783990790,2026-07-14T00:59:50Z,DLH727,"41.732944,36.71677",40000,517,266
1783990792,2026-07-14T00:59:52Z,DLH727,"41.733147,36.711079",40000,476,269
1783990794,2026-07-14T00:59:54Z,DLH727,"41.73362,36.705189",40000,210,282
1783990796,2026-07-14T00:59:56Z,DLH727,"41.733829,36.700836",40000,250,271
1783990798,2026-07-14T00:59:58Z,DLH727,"41.733948,36.695053",40000,446,271
1783990800,2026-07-14T01:00:00Z,DLH727,"41.733906,36.688915",40000,456,270
1783990803,2026-07-14T01:00:03Z,DLH727,"41.733757,36.681793",40000,350,266
1783990805,2026-07-14T01:00:05Z,DLH727,"41.734039,36.675728",40000,320,271
1783990807,2026-07-14T01:00:07Z,DLH727,"41.734192,36.669895",40000,444,271
1783990809,2026-07-14T01:00:09Z,DLH727,"41.734352,36.664318",40000,434,271
1783990812,2026-07-14T01:00:12Z,DLH727,"41.734531,36.658741",40000,430,272
1783990814,2026-07-14T01:00:14Z,DLH727,"41.734707,36.652374",40000,433,272
1783990816,2026-07-14T01:00:16Z,DLH727,"41.735176,36.647575",40000,416,273
1783990818,2026-07-14T01:00:18Z,DLH727,"41.735428,36.641411",40000,424,273
1783990820,2026-07-14T01:00:20Z,DLH727,"41.735523,36.636196",40000,431,272
1783990822,2026-07-14T01:00:22Z,DLH727,"41.735672,36.630226",40000,439,272
1783990824,2026-07-14T01:00:24Z,DLH727,"41.735786,36.623936",40000,439,271
1783990826,2026-07-14T01:00:26Z,DLH727,"41.735905,36.619194",40000,440,271
1783990828,2026-07-14T01:00:28Z,DLH727,"41.736031,36.613342",40000,439,271
1783990831,2026-07-14T01:00:31Z,DLH727,"41.736187,36.606956",40000,440,271
1783990851,2026-07-14T01:00:51Z,DLH727,"41.737427,36.552414",40000,150,262
1783990853,2026-07-14T01:00:53Z,DLH727,"41.737564,36.546547",40000,433,270
1783990855,2026-07-14T01:00:55Z,DLH727,"41.737869,36.541363",40000,434,272
1783990857,2026-07-14T01:00:57Z,DLH727,"41.738018,36.535759",40000,439,272
1783990859,2026-07-14T01:00:59Z,DLH727,"41.738155,36.529408",40000,440,271
1783990861,2026-07-14T01:01:01Z,DLH727,"41.738239,36.523636",40000,441,271
1783990863,2026-07-14T01:01:03Z,DLH727,"41.738297,36.517693",40000,443,271
1783990866,2026-07-14T01:01:06Z,DLH727,"41.73838,36.510841",40000,449,271
1783990868,2026-07-14T01:01:08Z,DLH727,"41.738201,36.504578",40000,330,266
1783990870,2026-07-14T01:01:10Z,DLH727,"41.738235,36.499481",40000,436,271
1783990872,2026-07-14T01:01:12Z,DLH727,"41.738636,36.494377",40000,414,274
1783990874,2026-07-14T01:01:14Z,DLH727,"41.738808,36.488964",40000,421,273
1783990876,2026-07-14T01:01:16Z,DLH727,"41.738735,36.482437",40000,443,271
1783990878,2026-07-14T01:01:18Z,DLH727,"41.738762,36.474709",40000,448,270
1783990881,2026-07-14T01:01:21Z,DLH727,"41.732857,36.465965",40000,900,222
1783990883,2026-07-14T01:01:23Z,DLH727,"41.739334,36.464622",40000,395,275
1783990885,2026-07-14T01:01:25Z,DLH727,"41.739529,36.458652",40000,418,273
1783990888,2026-07-14T01:01:28Z,DLH727,"41.739628,36.452305",40000,439,272
1783990890,2026-07-14T01:01:30Z,DLH727,"41.739754,36.446255",40000,438,271
1783990892,2026-07-14T01:01:32Z,DLH727,"41.739815,36.440483",40000,442,271
1783990894,2026-07-14T01:01:34Z,DLH727,"41.739868,36.434158",40000,443,270
1783990896,2026-07-14T01:01:36Z,DLH727,"41.740025,36.428707",40000,440,271
1783990898,2026-07-14T01:01:38Z,DLH727,"41.740185,36.422802",40000,438,271
1783990901,2026-07-14T01:01:41Z,DLH727,"41.740334,36.416935",40000,436,271
1783990903,2026-07-14T01:01:43Z,DLH727,"41.740437,36.411343",40000,437,271
1783990905,2026-07-14T01:01:45Z,DLH727,"41.740292,36.40517",40000,310,271
1783990907,2026-07-14T01:01:47Z,DLH727,"41.740334,36.398979",40000,452,271
1783990909,2026-07-14T01:01:49Z,DLH727,"41.740425,36.393482",40000,446,271
1783990911,2026-07-14T01:01:51Z,DLH727,"41.740543,36.387333",40000,440,271
1783990943,2026-07-14T01:02:23Z,DLH727,"41.744133,36.300987",40000,435,277
1783990946,2026-07-14T01:02:26Z,DLH727,"41.744923,36.294357",40000,442,278
1783990948,2026-07-14T01:02:28Z,DLH727,"41.745323,36.289108",40000,450,277
1783990950,2026-07-14T01:02:30Z,DLH727,"41.746078,36.283161",40000,449,278
1783990952,2026-07-14T01:02:32Z,DLH727,"41.746887,36.277374",40000,458,279
1783990954,2026-07-14T01:02:34Z,DLH727,"41.747837,36.271919",40000,453,281
1783990956,2026-07-14T01:02:36Z,DLH727,"41.749222,36.265442",40000,447,283
1783990958,2026-07-14T01:02:38Z,DLH727,"41.750332,36.260368",40000,445,284
1783990960,2026-07-14T01:02:40Z,DLH727,"41.751648,36.253853",40000,450,284
1783990963,2026-07-14T01:02:43Z,DLH727,"41.752625,36.248695",40000,453,284
1783990965,2026-07-14T01:02:45Z,DLH727,"41.753948,36.2425",40000,450,285
1783990967,2026-07-14T01:02:47Z,DLH727,"41.755054,36.237209",40000,451,285
1783990969,2026-07-14T01:02:49Z,DLH727,"41.756191,36.231205",40000,453,284
1783990971,2026-07-14T01:02:51Z,DLH727,"41.757053,36.225143",40000,463,282
1783990973,2026-07-14T01:02:53Z,DLH727,"41.758053,36.219017",40000,462,282
1783990976,2026-07-14T01:02:56Z,DLH727,"41.759399,36.213757",40000,446,284
1783990978,2026-07-14T01:02:58Z,DLH727,"41.760509,36.208107",40000,445,284
1783990980,2026-07-14T01:03:00Z,DLH727,"41.761784,36.202198",40000,444,285
1783990982,2026-07-14T01:03:02Z,DLH727,"41.762749,36.196972",40000,446,284
1783990984,2026-07-14T01:03:04Z,DLH727,"41.763882,36.190453",40000,451,283
1783990987,2026-07-14T01:03:07Z,DLH727,"41.764744,36.184277",40000,454,282
1783990989,2026-07-14T01:03:09Z,DLH727,"41.766037,36.177227",40000,448,283
1783990991,2026-07-14T01:03:11Z,DLH727,"41.767132,36.170425",40000,451,282
1783990994,2026-07-14T01:03:14Z,DLH727,"41.768066,36.165215",40000,448,282
1783990996,2026-07-14T01:03:16Z,DLH727,"41.768917,36.159725",40000,447,282
1783990998,2026-07-14T01:03:18Z,DLH727,"41.769981,36.153507",40000,446,282
1783991002,2026-07-14T01:03:22Z,DLH727,"41.771271,36.14212",40000,465,279
1783991004,2026-07-14T01:03:24Z,DLH727,"41.771919,36.136112",40000,467,278
1783991006,2026-07-14T01:03:26Z,DLH727,"41.772892,36.130459",40000,458,280
1783991008,2026-07-14T01:03:28Z,DLH727,"41.774059,36.124504",40000,448,282
1783991010,2026-07-14T01:03:30Z,DLH727,"41.774891,36.119415",40000,448,282
1783991012,2026-07-14T01:03:32Z,DLH727,"41.775711,36.112614",40000,451,280
1783991015,2026-07-14T01:03:35Z,DLH727,"41.776745,36.107151",40000,450,281
1783991017,2026-07-14T01:03:37Z,DLH727,"41.777767,36.101749",40000,446,282
1783991019,2026-07-14T01:03:39Z,DLH727,"41.778584,36.095188",40000,449,281
1783991021,2026-07-14T01:03:41Z,DLH727,"41.779598,36.089657",40000,448,282
1783991023,2026-07-14T01:03:43Z,DLH727,"41.780228,36.084576",40000,454,281
1783991025,2026-07-14T01:03:45Z,DLH727,"41.781158,36.079277",40000,451,281
1783991027,2026-07-14T01:03:47Z,DLH727,"41.782341,36.073105",40000,451,282
1783991029,2026-07-14T01:03:49Z,DLH727,"41.782848,36.066593",40000,512,270
1783991032,2026-07-14T01:03:52Z,DLH727,"41.783924,36.06147",40000,464,279
1783991034,2026-07-14T01:03:54Z,DLH727,"41.784973,36.056042",40000,454,281
1783991036,2026-07-14T01:03:56Z,DLH727,"41.78619,36.050064",40000,445,283
1783991038,2026-07-14T01:03:58Z,DLH727,"41.787121,36.044422",40000,451,283
1783991040,2026-07-14T01:04:00Z,DLH727,"41.788162,36.038582",40000,451,283
1783991043,2026-07-14T01:04:03Z,DLH727,"41.789124,36.032005",40000,445,282
1783991045,2026-07-14T01:04:05Z,DLH727,"41.789894,36.026356",40000,447,281
1783991047,2026-07-14T01:04:07Z,DLH727,"41.791233,36.018791",40000,450,282
1783991049,2026-07-14T01:04:09Z,DLH727,"41.792183,36.014427",40000,449,283
1783991051,2026-07-14T01:04:11Z,DLH727,"41.793373,36.007561",40000,448,283
1783991053,2026-07-14T01:04:13Z,DLH727,"41.79414,36.003139",40000,451,283
1783991056,2026-07-14T01:04:16Z,DLH727,"41.795223,35.995888",40000,451,282
1783991058,2026-07-14T01:04:18Z,DLH727,"41.796146,35.990654",40000,443,282
1783991083,2026-07-14T01:04:43Z,DLH727,"41.807632,35.920437",40000,499,275
1783991085,2026-07-14T01:04:45Z,DLH727,"41.808681,35.916138",40000,462,281
1783991088,2026-07-14T01:04:48Z,DLH727,"41.809769,35.91011",40000,360,264
1783991090,2026-07-14T01:04:50Z,DLH727,"41.811531,35.905689",40000,210,302
1783991092,2026-07-14T01:04:52Z,DLH727,"41.811523,35.897675",40000,270,277
1783991096,2026-07-14T01:04:56Z,DLH727,"41.813774,35.887085",40000,240,283
1783991098,2026-07-14T01:04:58Z,DLH727,"41.815388,35.883659",40000,423,292
1783991100,2026-07-14T01:05:00Z,DLH727,"41.816132,35.877186",40000,454,282
1783991102,2026-07-14T01:05:02Z,DLH727,"41.816734,35.871265",40000,464,280
1783991104,2026-07-14T01:05:04Z,DLH727,"41.817444,35.865051",40000,330,278
1783991106,2026-07-14T01:05:06Z,DLH727,"41.818665,35.859482",40000,432,284
1783991108,2026-07-14T01:05:08Z,DLH727,"41.819801,35.852558",40000,444,282
1783991111,2026-07-14T01:05:11Z,DLH727,"41.820717,35.847458",40000,446,283
1783991113,2026-07-14T01:05:13Z,DLH727,"41.821705,35.842781",40000,440,284
1783991115,2026-07-14T01:05:15Z,DLH727,"41.822678,35.836578",40000,449,283
1783991117,2026-07-14T01:05:17Z,DLH727,"41.82354,35.83102",40000,452,282
1783991119,2026-07-14T01:05:19Z,DLH727,"41.824535,35.825214",40000,449,282
1783991121,2026-07-14T01:05:21Z,DLH727,"41.825474,35.819641",40000,451,282
1783991125,2026-07-14T01:05:25Z,DLH727,"41.828056,35.811169",40000,397,352
1783991127,2026-07-14T01:05:27Z,DLH727,"41.827374,35.802906",40000,310,255
1783991129,2026-07-14T01:05:29Z,DLH727,"41.829662,35.7995",40000,363,304
1783991131,2026-07-14T01:05:31Z,DLH727,"41.830959,35.793438",40000,250,282
1783991133,2026-07-14T01:05:33Z,DLH727,"41.831017,35.785545",40000,200,282
1783991136,2026-07-14T01:05:36Z,DLH727,"41.831921,35.780853",40000,473,276
1783991138,2026-07-14T01:05:38Z,DLH727,"41.832962,35.774422",40000,320,259
1783991140,2026-07-14T01:05:40Z,DLH727,"41.834225,35.76907",40000,497,270
1783991143,2026-07-14T01:05:43Z,DLH727,"41.835438,35.75927",40000,503,273
1783991145,2026-07-14T01:05:45Z,DLH727,"41.836468,35.754963",40000,200,295
1783991147,2026-07-14T01:05:47Z,DLH727,"41.838123,35.749535",40000,458,280
1783991150,2026-07-14T01:05:50Z,DLH727,"41.839043,35.743366",40000,453,281
1783991152,2026-07-14T01:05:52Z,DLH727,"41.839836,35.737965",40000,454,281
1783991154,2026-07-14T01:05:54Z,DLH727,"41.840656,35.732513",40000,442,281
1783991156,2026-07-14T01:05:56Z,DLH727,"41.841576,35.726734",40000,444,281
1783991158,2026-07-14T01:05:58Z,DLH727,"41.84248,35.720581",40000,448,281
1783991160,2026-07-14T01:06:00Z,DLH727,"41.843277,35.715157",40000,449,281
1783991162,2026-07-14T01:06:02Z,DLH727,"41.844006,35.708832",40000,458,279
1783991164,2026-07-14T01:06:04Z,DLH727,"41.844631,35.703197",40000,459,279
1783991166,2026-07-14T01:06:06Z,DLH727,"41.845425,35.697388",40000,455,279
1783991169,2026-07-14T01:06:09Z,DLH727,"41.846493,35.691452",40000,450,281
1783991171,2026-07-14T01:06:11Z,DLH727,"41.847588,35.68557",40000,444,282
1783991173,2026-07-14T01:06:13Z,DLH727,"41.848385,35.680569",40000,446,282
1783991175,2026-07-14T01:06:15Z,DLH727,"41.849304,35.674637",40000,446,282
1783991179,2026-07-14T01:06:19Z,DLH727,"41.851742,35.664009",40000,426,299
1783991181,2026-07-14T01:06:21Z,DLH727,"41.85207,35.657997",40000,487,275
1783991183,2026-07-14T01:06:23Z,DLH727,"41.852993,35.651814",40000,458,278
1783991186,2026-07-14T01:06:26Z,DLH727,"41.853931,35.645973",40000,452,279
1783991188,2026-07-14T01:06:28Z,DLH727,"41.854744,35.640697",40000,450,280
1783991190,2026-07-14T01:06:30Z,DLH727,"41.855663,35.63525",40000,444,281
1783991192,2026-07-14T01:06:32Z,DLH727,"41.856598,35.629894",40000,444,282
1783991194,2026-07-14T01:06:34Z,DLH727,"41.857555,35.624329",40000,443,282
1783991196,2026-07-14T01:06:36Z,DLH727,"41.85854,35.61842",40000,442,282
1783991198,2026-07-14T01:06:38Z,DLH727,"41.859367,35.613209",40000,442,282
1783991200,2026-07-14T01:06:40Z,DLH727,"41.860249,35.607491",40000,440,281
1783991202,2026-07-14T01:06:42Z,DLH727,"41.861164,35.601093",40000,448,281
1783991205,2026-07-14T01:06:45Z,DLH727,"41.862034,35.594582",40000,451,280
1783991207,2026-07-14T01:06:47Z,DLH727,"41.862919,35.588799",40000,450,281
1783991209,2026-07-14T01:06:49Z,DLH727,"41.863865,35.583256",40000,446,281
1783991211,2026-07-14T01:06:51Z,DLH727,"41.864834,35.577385",40000,442,282
1783991244,2026-07-14T01:07:24Z,DLH727,"41.878353,35.490078",40000,446,281
1783991276,2026-07-14T01:07:56Z,DLH727,"41.891838,35.403473",40000,445,281
1783991309,2026-07-14T01:08:29Z,DLH727,"41.905685,35.314716",40000,453,281
1783991340,2026-07-14T01:09:00Z,DLH727,"41.91869,35.230484",40000,445,282
1783991364,2026-07-14T01:09:24Z,DLH727,"41.92844,35.164562",40000,442,262
1783991366,2026-07-14T01:09:26Z,DLH727,"41.930817,35.158966",40000,350,316
1783991368,2026-07-14T01:09:28Z,DLH727,"41.929749,35.152458",40000,458,239
1783991370,2026-07-14T01:09:30Z,DLH727,"41.931458,35.146484",40000,440,285
1783991374,2026-07-14T01:09:34Z,DLH727,"41.933006,35.137886",40000,436,290
1783991376,2026-07-14T01:09:36Z,DLH727,"41.933475,35.131706",40000,310,282
1783991378,2026-07-14T01:09:38Z,DLH727,"41.934364,35.12595",40000,442,278
1783991380,2026-07-14T01:09:40Z,DLH727,"41.937393,35.119183",40000,460,308
1783991382,2026-07-14T01:09:42Z,DLH727,"41.936565,35.113754",40000,483,284
1783991385,2026-07-14T01:09:45Z,DLH727,"41.937252,35.108692",40000,453,281
1783991387,2026-07-14T01:09:47Z,DLH727,"41.938107,35.103409",40000,442,282
1783991389,2026-07-14T01:09:49Z,DLH727,"41.938976,35.097858",40000,440,282
1783991391,2026-07-14T01:09:51Z,DLH727,"41.939823,35.0924",40000,434,282
1783991393,2026-07-14T01:09:53Z,DLH727,"41.940769,35.086891",40000,436,282
1783991395,2026-07-14T01:09:55Z,DLH727,"41.941578,35.081242",40000,230,280
1783991397,2026-07-14T01:09:57Z,DLH727,"41.942551,35.075138",40000,426,283
1783991399,2026-07-14T01:09:59Z,DLH727,"41.943722,35.067966",40000,320,293
1783991401,2026-07-14T01:10:01Z,DLH727,"41.944496,35.062504",40000,449,281
1783991404,2026-07-14T01:10:04Z,DLH727,"41.945354,35.056679",40000,446,281
1783991406,2026-07-14T01:10:06Z,DLH727,"41.946232,35.051262",40000,451,281
1783991408,2026-07-14T01:10:08Z,DLH727,"41.947239,35.045399",40000,450,282
1783991410,2026-07-14T01:10:10Z,DLH727,"41.9482,35.039268",40000,441,282
1783991412,2026-07-14T01:10:12Z,DLH727,"41.949047,35.033634",40000,447,281
1783991415,2026-07-14T01:10:15Z,DLH727,"41.949963,35.027626",40000,447,281
1783991417,2026-07-14T01:10:17Z,DLH727,"41.951077,35.021336",40000,454,282
1783991419,2026-07-14T01:10:19Z,DLH727,"41.952061,35.015003",40000,450,282
1783991421,2026-07-14T01:10:21Z,DLH727,"41.953045,35.00816",40000,447,281
1783991423,2026-07-14T01:10:23Z,DLH727,"41.95393,35.002998",40000,448,281
1783991426,2026-07-14T01:10:26Z,DLH727,"41.954796,34.997028",40000,454,281
1783991428,2026-07-14T01:10:28Z,DLH727,"41.955826,34.991077",40000,452,282
1783991430,2026-07-14T01:10:30Z,DLH727,"41.959064,34.98526",40000,340,329
1783991432,2026-07-14T01:10:32Z,DLH727,"41.957829,34.979218",40025,140,279
1783991434,2026-07-14T01:10:34Z,DLH727,"41.958683,34.973408",40025,451,284
1783991436,2026-07-14T01:10:36Z,DLH727,"41.959766,34.967529",40000,450,283
1783991439,2026-07-14T01:10:39Z,DLH727,"41.960678,34.961121",40000,450,282
1783991441,2026-07-14T01:10:41Z,DLH727,"41.961563,34.955894",40000,456,282
1783991443,2026-07-14T01:10:43Z,DLH727,"41.962517,34.949787",40000,454,282
1783991445,2026-07-14T01:10:45Z,DLH727,"41.963394,34.94416",40000,449,281
1783991447,2026-07-14T01:10:47Z,DLH727,"41.964371,34.938622",40000,455,282
1783991449,2026-07-14T01:10:49Z,DLH727,"41.965424,34.93256",40000,455,282
1783991451,2026-07-14T01:10:51Z,DLH727,"41.966404,34.925777",40000,444,281
1783991454,2026-07-14T01:10:54Z,DLH727,"41.967133,34.921112",40000,449,281
1783991456,2026-07-14T01:10:56Z,DLH727,"41.96825,34.914612",40000,455,282
1783991458,2026-07-14T01:10:58Z,DLH727,"41.969189,34.908939",40000,456,282
1783991460,2026-07-14T01:11:00Z,DLH727,"41.970249,34.902447",40000,459,282
1783991463,2026-07-14T01:11:03Z,DLH727,"41.971424,34.89373",40000,427,270
1783991465,2026-07-14T01:11:05Z,DLH727,"41.97237,34.887321",40000,443,270
1783991467,2026-07-14T01:11:07Z,DLH727,"41.97361,34.881371",40000,454,281
1783991470,2026-07-14T01:11:10Z,DLH727,"41.974514,34.876381",40000,458,282
1783991472,2026-07-14T01:11:12Z,DLH727,"41.975761,34.869789",40000,310,286
1783991474,2026-07-14T01:11:14Z,DLH727,"41.976421,34.864201",40000,270,284
1783991476,2026-07-14T01:11:16Z,DLH727,"41.977406,34.858318",40000,454,278
1783991478,2026-07-14T01:11:18Z,DLH727,"41.97868,34.852619",40000,440,284
1783991480,2026-07-14T01:11:20Z,DLH727,"41.979893,34.847195",40000,452,286
1783991482,2026-07-14T01:11:22Z,DLH727,"41.980598,34.841228",40000,455,282
1783991484,2026-07-14T01:11:24Z,DLH727,"41.981644,34.834633",40000,457,282
1783991487,2026-07-14T01:11:27Z,DLH727,"41.982262,34.829182",40000,454,280
1783991489,2026-07-14T01:11:29Z,DLH727,"41.983513,34.822872",40000,456,282
1783991491,2026-07-14T01:11:31Z,DLH727,"41.984444,34.817337",40000,456,283
1783991493,2026-07-14T01:11:33Z,DLH727,"41.985283,34.811821",40000,260,280
1783991495,2026-07-14T01:11:35Z,DLH727,"41.98634,34.805882",40000,463,283
1783991497,2026-07-14T01:11:37Z,DLH727,"41.987324,34.79982",40000,456,282
1783991499,2026-07-14T01:11:39Z,DLH727,"41.988026,34.794518",40000,454,281
1783991501,2026-07-14T01:11:41Z,DLH727,"41.989193,34.788414",40000,453,282
1783991504,2026-07-14T01:11:44Z,DLH727,"41.990223,34.782413",40000,453,283
1783991506,2026-07-14T01:11:46Z,DLH727,"41.991203,34.776928",40000,454,283
1783991508,2026-07-14T01:11:48Z,DLH727,"41.992157,34.771214",40000,455,282
1783991510,2026-07-14T01:11:50Z,DLH727,"41.993103,34.765598",40000,452,282
1783991512,2026-07-14T01:11:52Z,DLH727,"41.994015,34.759724",40000,452,282
1783991514,2026-07-14T01:11:54Z,DLH727,"41.994804,34.754322",40000,450,281
1783991516,2026-07-14T01:11:56Z,DLH727,"41.99575,34.748734",40000,451,282
1783991518,2026-07-14T01:11:58Z,DLH727,"41.996914,34.742069",40000,450,282
1783991520,2026-07-14T01:12:00Z,DLH727,"41.997684,34.737202",40000,449,282
1783991522,2026-07-14T01:12:02Z,DLH727,"41.998501,34.731541",40000,449,281
1783991540,2026-07-14T01:12:20Z,DLH727,"42.006195,34.684883",40000,445,282
1783991542,2026-07-14T01:12:22Z,DLH727,"42.007111,34.679008",40000,448,282
1783991549,2026-07-14T01:12:29Z,DLH727,"42.01001,34.660633",40000,447,282
1783991574,2026-07-14T01:12:54Z,DLH727,"42.021042,34.590721",40000,445,281
1783991577,2026-07-14T01:12:57Z,DLH727,"42.021969,34.584988",40000,446,281
1783991581,2026-07-14T01:13:01Z,DLH727,"42.023743,34.572342",40000,442,280
1783991590,2026-07-14T01:13:10Z,DLH727,"42.02763,34.548687",40000,447,283
1783991592,2026-07-14T01:13:12Z,DLH727,"42.028801,34.542946",40000,450,283
1783991594,2026-07-14T01:13:14Z,DLH727,"42.029907,34.537239",40000,451,283
1783991607,2026-07-14T01:13:27Z,DLH727,"42.034733,34.502953",40000,280,289
1783991609,2026-07-14T01:13:29Z,DLH727,"42.036427,34.497158",40000,472,290
1783991611,2026-07-14T01:13:31Z,DLH727,"42.037323,34.491631",40000,456,285
1783991613,2026-07-14T01:13:33Z,DLH727,"42.038109,34.486042",40000,447,283
1783991615,2026-07-14T01:13:35Z,DLH727,"42.038883,34.48064",40000,447,282
1783991617,2026-07-14T01:13:37Z,DLH727,"42.039776,34.475071",40000,447,282
1783991619,2026-07-14T01:13:39Z,DLH727,"42.04076,34.468689",40000,448,282
1783991621,2026-07-14T01:13:41Z,DLH727,"42.041641,34.462711",40000,447,281
1783991623,2026-07-14T01:13:43Z,DLH727,"42.042488,34.457352",40000,446,281
1783991626,2026-07-14T01:13:46Z,DLH727,"42.043259,34.451832",40000,444,281
1783991628,2026-07-14T01:13:48Z,DLH727,"42.044189,34.446407",40000,446,281
1783991630,2026-07-14T01:13:50Z,DLH727,"42.04501,34.440456",40000,445,281
1783991632,2026-07-14T01:13:52Z,DLH727,"42.045845,34.434723",40000,444,281
1783991634,2026-07-14T01:13:54Z,DLH727,"42.046787,34.429234",40000,445,281
1783991636,2026-07-14T01:13:56Z,DLH727,"42.047749,34.423679",40000,447,282
1783991638,2026-07-14T01:13:58Z,DLH727,"42.04879,34.417171",40000,446,282
1783991670,2026-07-14T01:14:30Z,DLH727,"42.06221,34.331898",40000,449,282
1783991702,2026-07-14T01:15:02Z,DLH727,"42.075363,34.245689",40000,447,281
1783991732,2026-07-14T01:15:32Z,DLH727,"42.087635,34.164551",40000,442,281
1783991764,2026-07-14T01:16:04Z,DLH727,"42.100601,34.077126",40000,439,281
1783991796,2026-07-14T01:16:36Z,DLH727,"42.113556,33.990601",40000,440,281
1783991828,2026-07-14T01:17:08Z,DLH727,"42.126377,33.90395",40000,453,281
1783991860,2026-07-14T01:17:40Z,DLH727,"42.139561,33.816528",40000,451,281
1783991892,2026-07-14T01:18:12Z,DLH727,"42.152382,33.729401",40000,451,281
1783991923,2026-07-14T01:18:43Z,DLH727,"42.165123,33.641834",40000,451,281
1783991955,2026-07-14T01:19:15Z,DLH727,"42.178104,33.554203",40000,446,280
1783991988,2026-07-14T01:19:48Z,DLH727,"42.190907,33.465977",40000,454,281
1783992020,2026-07-14T01:20:20Z,DLH727,"42.203629,33.377083",40000,451,280
1783992052,2026-07-14T01:20:52Z,DLH727,"42.2159,33.287971",40000,452,280
1783992084,2026-07-14T01:21:24Z,DLH727,"42.22834,33.200619",39575,447,280
1783992115,2026-07-14T01:21:55Z,DLH727,"42.23933,33.113678",39050,441,275
1783992120,2026-07-14T01:22:00Z,DLH727,"42.239437,33.101303",39025,440,272
1783992122,2026-07-14T01:22:02Z,DLH727,"42.239311,33.096386",39000,439,270
1783992124,2026-07-14T01:22:04Z,DLH727,"42.239067,33.090961",39000,437,269
1783992126,2026-07-14T01:22:06Z,DLH727,"42.238579,33.085155",39000,436,266
1783992128,2026-07-14T01:22:08Z,DLH727,"42.237919,33.079075",39000,434,264
1783992131,2026-07-14T01:22:11Z,DLH727,"42.237144,33.07378",39000,432,262
1783992133,2026-07-14T01:22:13Z,DLH727,"42.236294,33.067799",39000,431,260
1783992135,2026-07-14T01:22:15Z,DLH727,"42.235332,33.062073",39000,429,259
1783992137,2026-07-14T01:22:17Z,DLH727,"42.23436,33.057018",39000,426,257
1783992139,2026-07-14T01:22:19Z,DLH727,"42.2327,33.050503",39000,423,253
1783992142,2026-07-14T01:22:22Z,DLH727,"42.231388,33.045422",39000,422,252
1783992144,2026-07-14T01:22:24Z,DLH727,"42.229858,33.040058",39000,421,250
1783992146,2026-07-14T01:22:26Z,DLH727,"42.228256,33.034981",39000,421,248
1783992148,2026-07-14T01:22:28Z,DLH727,"42.22604,33.028973",39000,420,245
1783992150,2026-07-14T01:22:30Z,DLH727,"42.22448,33.024872",39000,416,244
1783992152,2026-07-14T01:22:32Z,DLH727,"42.222485,33.020172",39000,418,242
1783992155,2026-07-14T01:22:35Z,DLH727,"42.219913,33.015568",39000,240,228
1783992157,2026-07-14T01:22:37Z,DLH727,"42.218216,33.010895",39000,140,262
1783992159,2026-07-14T01:22:39Z,DLH727,"42.215412,33.006218",39000,417,235
1783992161,2026-07-14T01:22:41Z,DLH727,"42.213005,33.00238",39000,420,232
1783992163,2026-07-14T01:22:43Z,DLH727,"42.210892,32.997795",39000,412,234
1783992165,2026-07-14T01:22:45Z,DLH727,"42.208599,32.993694",39000,413,233
1783992167,2026-07-14T01:22:47Z,DLH727,"42.206089,32.989372",39000,414,232
1783992169,2026-07-14T01:22:49Z,DLH727,"42.203682,32.985447",39000,416,231
1783992171,2026-07-14T01:22:51Z,DLH727,"42.201191,32.981274",39000,417,231
1783992173,2026-07-14T01:22:53Z,DLH727,"42.198612,32.9771",39000,415,230
1783992175,2026-07-14T01:22:55Z,DLH727,"42.195805,32.97266",39000,417,230
1783992178,2026-07-14T01:22:58Z,DLH727,"42.192863,32.967663",39000,414,231
1783992180,2026-07-14T01:23:00Z,DLH727,"42.190475,32.963703",38975,415,231
1783992182,2026-07-14T01:23:02Z,DLH727,"42.187687,32.959358",39000,417,230
1783992184,2026-07-14T01:23:04Z,DLH727,"42.184689,32.954762",39000,418,229
1783992186,2026-07-14T01:23:06Z,DLH727,"42.182064,32.95076",39000,415,228
1783992188,2026-07-14T01:23:08Z,DLH727,"42.17926,32.946991",39000,270,221
1783992191,2026-07-14T01:23:11Z,DLH727,"42.176445,32.942261",39000,413,229
1783992193,2026-07-14T01:23:13Z,DLH727,"42.173897,32.938625",39000,414,227
1783992195,2026-07-14T01:23:15Z,DLH727,"42.171295,32.934734",39000,412,227
1783992197,2026-07-14T01:23:17Z,DLH727,"42.168255,32.930851",39000,426,222
1783992199,2026-07-14T01:23:19Z,DLH727,"42.164837,32.926125",39000,419,225
1783992201,2026-07-14T01:23:21Z,DLH727,"42.162376,32.922619",39000,419,225
1783992203,2026-07-14T01:23:23Z,DLH727,"42.160053,32.919254",39000,414,226
1783992206,2026-07-14T01:23:26Z,DLH727,"42.156681,32.914783",39000,417,225
1783992208,2026-07-14T01:23:28Z,DLH727,"42.153812,32.910992",39000,416,224
1783992210,2026-07-14T01:23:30Z,DLH727,"42.15062,32.90683",39000,419,224
1783992212,2026-07-14T01:23:32Z,DLH727,"42.147934,32.903358",39000,418,224
1783992214,2026-07-14T01:23:34Z,DLH727,"42.145283,32.89967",39000,415,224
1783992216,2026-07-14T01:23:36Z,DLH727,"42.142227,32.895611",39000,418,224
1783992218,2026-07-14T01:23:38Z,DLH727,"42.139084,32.891384",39000,415,224
1783992221,2026-07-14T01:23:41Z,DLH727,"42.135849,32.887226",39000,420,224
1783992223,2026-07-14T01:23:43Z,DLH727,"42.132889,32.883289",39025,420,224
1783992225,2026-07-14T01:23:45Z,DLH727,"42.130215,32.879631",39000,414,224
1783992257,2026-07-14T01:24:17Z,DLH727,"42.086224,32.820938",39000,419,224
1783992270,2026-07-14T01:24:30Z,DLH727,"42.069157,32.798027",39000,395,231
1783992272,2026-07-14T01:24:32Z,DLH727,"42.065769,32.793442",39000,411,226
1783992274,2026-07-14T01:24:34Z,DLH727,"42.063103,32.789986",39000,413,225
1783992276,2026-07-14T01:24:36Z,DLH727,"42.06023,32.786102",39000,417,225
1783992278,2026-07-14T01:24:38Z,DLH727,"42.057404,32.782337",39000,415,224
1783992280,2026-07-14T01:24:40Z,DLH727,"42.054321,32.778282",39000,417,224
1783992282,2026-07-14T01:24:42Z,DLH727,"42.051697,32.774754",39000,417,224
1783992285,2026-07-14T01:24:45Z,DLH727,"42.048298,32.770164",39000,416,225
1783992287,2026-07-14T01:24:47Z,DLH727,"42.04546,32.766335",39000,416,225
1783992289,2026-07-14T01:24:49Z,DLH727,"42.042583,32.762569",39000,417,224
1783992291,2026-07-14T01:24:51Z,DLH727,"42.039448,32.758373",39000,420,224
1783992293,2026-07-14T01:24:53Z,DLH727,"42.036869,32.754829",39000,418,225
1783992295,2026-07-14T01:24:55Z,DLH727,"42.034168,32.751293",39000,413,224
1783992297,2026-07-14T01:24:57Z,DLH727,"42.031246,32.747501",39000,418,224
1783992299,2026-07-14T01:24:59Z,DLH727,"42.027931,32.743214",39000,421,224
1783992310,2026-07-14T01:25:10Z,DLH727,"42.013874,32.724098",39000,408,227
1783992312,2026-07-14T01:25:12Z,DLH727,"42.010948,32.720364",39000,415,224
1783992314,2026-07-14T01:25:14Z,DLH727,"42.007797,32.716133",39000,416,224
1783992316,2026-07-14T01:25:16Z,DLH727,"42.005299,32.71283",39000,416,224
1783992318,2026-07-14T01:25:18Z,DLH727,"42.002338,32.708817",39000,414,224
1783992321,2026-07-14T01:25:21Z,DLH727,"41.998928,32.704449",39000,418,224
1783992323,2026-07-14T01:25:23Z,DLH727,"41.99604,32.700546",39000,419,224
1783992325,2026-07-14T01:25:25Z,DLH727,"41.993191,32.696861",39000,419,224
1783992327,2026-07-14T01:25:27Z,DLH727,"41.990467,32.693047",39000,414,225
1783992329,2026-07-14T01:25:29Z,DLH727,"41.987534,32.689106",39000,415,224
1783992331,2026-07-14T01:25:31Z,DLH727,"41.984657,32.685356",39000,417,224
1783992333,2026-07-14T01:25:33Z,DLH727,"41.981747,32.681435",39000,415,225
1783992336,2026-07-14T01:25:36Z,DLH727,"41.978638,32.677288",39000,416,225
1783992338,2026-07-14T01:25:38Z,DLH727,"41.976002,32.673946",39000,413,224
1783992346,2026-07-14T01:25:46Z,DLH727,"41.964588,32.658691",39000,416,224
1783992348,2026-07-14T01:25:48Z,DLH727,"41.96199,32.654346",39000,385,249
1783992350,2026-07-14T01:25:50Z,DLH727,"41.958733,32.651222",39000,404,224
1783992352,2026-07-14T01:25:52Z,DLH727,"41.956184,32.647495",39000,408,226
1783992354,2026-07-14T01:25:54Z,DLH727,"41.952183,32.643005",39000,360,214
1783992358,2026-07-14T01:25:58Z,DLH727,"41.949146,32.637569",39000,400,231
1783992360,2026-07-14T01:26:00Z,DLH727,"41.945847,32.633865",39000,415,223
1783992362,2026-07-14T01:26:02Z,DLH727,"41.943245,32.630047",39000,411,225
1783992364,2026-07-14T01:26:04Z,DLH727,"41.940212,32.626419",39000,415,223
1783992366,2026-07-14T01:26:06Z,DLH727,"41.937515,32.622658",39000,414,224
1783992368,2026-07-14T01:26:08Z,DLH727,"41.934685,32.618847",39000,413,225
1783992370,2026-07-14T01:26:10Z,DLH727,"41.931828,32.615105",39000,412,224
1783992372,2026-07-14T01:26:12Z,DLH727,"41.92897,32.611172",39000,411,225
1783992375,2026-07-14T01:26:15Z,DLH727,"41.925777,32.607128",39000,415,224
1783992377,2026-07-14T01:26:17Z,DLH727,"41.92292,32.603374",39000,415,224
1783992379,2026-07-14T01:26:19Z,DLH727,"41.919991,32.599487",39000,414,224
1783992381,2026-07-14T01:26:21Z,DLH727,"41.91716,32.595673",39000,415,224
1783992383,2026-07-14T01:26:23Z,DLH727,"41.91449,32.592285",39000,413,224
1783992385,2026-07-14T01:26:25Z,DLH727,"41.910439,32.587021",39000,450,223
1783992387,2026-07-14T01:26:27Z,DLH727,"41.9072,32.583351",39000,400,219
1783992389,2026-07-14T01:26:29Z,DLH727,"41.905529,32.580166",39000,412,226
1783992392,2026-07-14T01:26:32Z,DLH727,"41.902328,32.576679",39000,426,221
1783992394,2026-07-14T01:26:34Z,DLH727,"41.899426,32.57296",39000,420,222
1783992396,2026-07-14T01:26:36Z,DLH727,"41.896996,32.569038",39000,413,225
1783992398,2026-07-14T01:26:38Z,DLH727,"41.894165,32.565231",39000,417,225
1783992400,2026-07-14T01:26:40Z,DLH727,"41.89138,32.560974",39000,413,226
1783992402,2026-07-14T01:26:42Z,DLH727,"41.888344,32.556622",39000,414,226
1783992404,2026-07-14T01:26:44Z,DLH727,"41.885437,32.552273",39000,350,227
1783992406,2026-07-14T01:26:46Z,DLH727,"41.883423,32.549042",39000,407,231
1783992409,2026-07-14T01:26:49Z,DLH727,"41.880184,32.544147",39000,413,229
1783992411,2026-07-14T01:26:51Z,DLH727,"41.877804,32.540375",39000,415,229
1783992413,2026-07-14T01:26:53Z,DLH727,"41.875206,32.536217",39000,416,229
1783992415,2026-07-14T01:26:55Z,DLH727,"41.872715,32.532272",39000,411,229
1783992417,2026-07-14T01:26:57Z,DLH727,"41.869976,32.52787",39000,413,229
1783992419,2026-07-14T01:26:59Z,DLH727,"41.867485,32.523865",39000,415,229
1783992421,2026-07-14T01:27:01Z,DLH727,"41.865009,32.519897",39000,416,230
1783992424,2026-07-14T01:27:04Z,DLH727,"41.862213,32.515335",39000,412,230
1783992428,2026-07-14T01:27:08Z,DLH727,"41.856945,32.506641",39000,415,231
1783992459,2026-07-14T01:27:39Z,DLH727,"41.818398,32.443432",39000,419,231
1783992480,2026-07-14T01:28:00Z,DLH727,"41.79298,32.40205",39000,417,230
1783992482,2026-07-14T01:28:02Z,DLH727,"41.790436,32.397793",39000,424,231
1783992485,2026-07-14T01:28:05Z,DLH727,"41.787598,32.393219",39000,419,230
1783992487,2026-07-14T01:28:07Z,DLH727,"41.785046,32.388809",39000,415,231
1783992489,2026-07-14T01:28:09Z,DLH727,"41.78249,32.384609",39000,416,231
1783992491,2026-07-14T01:28:11Z,DLH727,"41.77985,32.380337",39000,421,230
1783992493,2026-07-14T01:28:13Z,DLH727,"41.777206,32.376152",39000,414,230
1783992495,2026-07-14T01:28:15Z,DLH727,"41.774876,32.372387",39000,414,230
1783992527,2026-07-14T01:28:47Z,DLH727,"41.736385,32.308899",39000,415,231
1783992553,2026-07-14T01:29:13Z,DLH727,"41.707314,32.254662",39000,428,236
1783992557,2026-07-14T01:29:17Z,DLH727,"41.702175,32.24498",39000,511,230
1783992559,2026-07-14T01:29:19Z,DLH727,"41.700623,32.241123",39000,425,235
1783992561,2026-07-14T01:29:21Z,DLH727,"41.698357,32.236485",39000,428,236
1783992563,2026-07-14T01:29:23Z,DLH727,"41.695904,32.231506",39000,418,236
1783992565,2026-07-14T01:29:25Z,DLH727,"41.693897,32.22723",39000,415,237
1783992567,2026-07-14T01:29:27Z,DLH727,"41.691704,32.222687",39000,415,237
1783992569,2026-07-14T01:29:29Z,DLH727,"41.689243,32.217834",39000,419,236
1783992571,2026-07-14T01:29:31Z,DLH727,"41.687122,32.213905",39000,424,235
1783992574,2026-07-14T01:29:34Z,DLH727,"41.684875,32.20945",39000,418,235
1783992576,2026-07-14T01:29:36Z,DLH727,"41.682434,32.204338",39000,414,236
1783992578,2026-07-14T01:29:38Z,DLH727,"41.680428,32.200462",39000,422,235
1783992580,2026-07-14T01:29:40Z,DLH727,"41.678165,32.196011",39000,422,235
1783992582,2026-07-14T01:29:42Z,DLH727,"41.675674,32.191307",39000,431,235
1783992584,2026-07-14T01:29:44Z,DLH727,"41.672966,32.186047",39000,426,235
1783992586,2026-07-14T01:29:46Z,DLH727,"41.670773,32.181591",39000,423,235
1783992601,2026-07-14T01:30:01Z,DLH727,"41.655003,32.150002",39000,418,235
1783992603,2026-07-14T01:30:03Z,DLH727,"41.65237,32.144943",39000,421,235
1783992605,2026-07-14T01:30:05Z,DLH727,"41.650452,32.141033",39000,424,236
1783992607,2026-07-14T01:30:07Z,DLH727,"41.64809,32.136536",39000,424,235
1783992609,2026-07-14T01:30:09Z,DLH727,"41.645779,32.131844",39000,451,235
1783992612,2026-07-14T01:30:12Z,DLH727,"41.643494,32.127274",39000,150,237
1783992614,2026-07-14T01:30:14Z,DLH727,"41.641033,32.122486",39000,424,236
1783992616,2026-07-14T01:30:16Z,DLH727,"41.63924,32.118542",39000,415,237
1783992618,2026-07-14T01:30:18Z,DLH727,"41.636711,32.113846",39000,421,235
1783992620,2026-07-14T01:30:20Z,DLH727,"41.634468,32.109318",39000,420,236
1783992622,2026-07-14T01:30:22Z,DLH727,"41.632381,32.105034",39000,423,236
1783992624,2026-07-14T01:30:24Z,DLH727,"41.630222,32.10062",39000,422,236
1783992626,2026-07-14T01:30:26Z,DLH727,"41.627838,32.096096",39000,471,236
1783992628,2026-07-14T01:30:28Z,DLH727,"41.625587,32.091698",39000,419,236
1783992630,2026-07-14T01:30:30Z,DLH727,"41.623333,32.087349",39000,420,235
1783992632,2026-07-14T01:30:32Z,DLH727,"41.620918,32.082748",39000,416,235
1783992634,2026-07-14T01:30:34Z,DLH727,"41.618885,32.078388",39000,424,236
1783992637,2026-07-14T01:30:37Z,DLH727,"41.616264,32.07333",39000,419,235
1783992639,2026-07-14T01:30:39Z,DLH727,"41.613941,32.068722",39000,425,236
1783992641,2026-07-14T01:30:41Z,DLH727,"41.611633,32.064251",39000,425,235
1783992643,2026-07-14T01:30:43Z,DLH727,"41.609715,32.059402",39000,250,223
1783992645,2026-07-14T01:30:45Z,DLH727,"41.606998,32.054863",39000,418,234
1783992647,2026-07-14T01:30:47Z,DLH727,"41.60461,32.050644",39000,420,233
1783992649,2026-07-14T01:30:49Z,DLH727,"41.60231,32.046028",39000,426,235
1783992652,2026-07-14T01:30:52Z,DLH727,"41.600037,32.040981",39000,290,241
1783992654,2026-07-14T01:30:54Z,DLH727,"41.597706,32.036182",39000,220,229
1783992656,2026-07-14T01:30:56Z,DLH727,"41.595871,32.03178",39000,412,238
1783992658,2026-07-14T01:30:58Z,DLH727,"41.593468,32.027435",39000,230,235
1783992660,2026-07-14T01:31:00Z,DLH727,"41.591248,32.023323",39000,170,235
1783992662,2026-07-14T01:31:02Z,DLH727,"41.588573,32.019375",39000,190,260
1783992664,2026-07-14T01:31:04Z,DLH727,"41.58643,32.013645",39000,280,238
1783992666,2026-07-14T01:31:06Z,DLH727,"41.584312,32.009212",39000,280,234
1783992668,2026-07-14T01:31:08Z,DLH727,"41.58086,32.006405",39000,250,211
1783992670,2026-07-14T01:31:10Z,DLH727,"41.579533,31.999914",39000,417,232
1783992672,2026-07-14T01:31:12Z,DLH727,"41.577515,31.995937",39000,431,234
1783992674,2026-07-14T01:31:14Z,DLH727,"41.575397,31.991444",39000,170,237
1783992678,2026-07-14T01:31:18Z,DLH727,"41.571434,31.983942",39000,441,233
1783992680,2026-07-14T01:31:20Z,DLH727,"41.569481,31.9793",39000,260,242
1783992682,2026-07-14T01:31:22Z,DLH727,"41.567051,31.974977",39000,405,237
1783992684,2026-07-14T01:31:24Z,DLH727,"41.565132,31.969954",39000,290,250
1783992688,2026-07-14T01:31:28Z,DLH727,"41.583858,31.954573",39000,50,338
1783992701,2026-07-14T01:31:41Z,DLH727,"41.54604,31.933945",39000,360,236
1783992703,2026-07-14T01:31:43Z,DLH727,"41.543854,31.929623",39000,250,235
1783992705,2026-07-14T01:31:45Z,DLH727,"41.54171,31.925417",39000,270,229
1783992707,2026-07-14T01:31:47Z,DLH727,"41.539078,31.920969",39000,270,225
1783992709,2026-07-14T01:31:49Z,DLH727,"41.537086,31.915932",39000,395,238
1783992712,2026-07-14T01:31:52Z,DLH727,"41.534431,31.911493",39000,220,244
1783992714,2026-07-14T01:31:54Z,DLH727,"41.5336,31.90403",39000,460,274
1783992716,2026-07-14T01:31:56Z,DLH727,"41.529785,31.901804",39000,460,237
1783992718,2026-07-14T01:31:58Z,DLH727,"41.527283,31.896736",39000,450,236
1783992720,2026-07-14T01:32:00Z,DLH727,"41.525097,31.892395",39000,417,236
1783992722,2026-07-14T01:32:02Z,DLH727,"41.522808,31.887495",39000,346,250
1783992725,2026-07-14T01:32:05Z,DLH727,"41.520405,31.882652",39000,230,238
1783992727,2026-07-14T01:32:07Z,DLH727,"41.51804,31.878353",39000,230,207
1783992729,2026-07-14T01:32:09Z,DLH727,"41.516148,31.873671",39000,407,239
1783992731,2026-07-14T01:32:11Z,DLH727,"41.513905,31.869429",39000,410,236
1783992733,2026-07-14T01:32:13Z,DLH727,"41.510803,31.864998",39000,330,220
1783992735,2026-07-14T01:32:15Z,DLH727,"41.509281,31.86038",39000,426,237
1783992737,2026-07-14T01:32:17Z,DLH727,"41.507069,31.855724",39000,431,237
1783992739,2026-07-14T01:32:19Z,DLH727,"41.504913,31.851048",39000,418,238
1783992741,2026-07-14T01:32:21Z,DLH727,"41.502628,31.846474",39000,414,236
1783992743,2026-07-14T01:32:23Z,DLH727,"41.500408,31.842442",39000,420,235
1783992745,2026-07-14T01:32:25Z,DLH727,"41.497932,31.837585",39000,428,235
1783992748,2026-07-14T01:32:28Z,DLH727,"41.495491,31.832726",39000,413,236
1783992750,2026-07-14T01:32:30Z,DLH727,"41.493294,31.828283",39000,417,236
1783992752,2026-07-14T01:32:32Z,DLH727,"41.490906,31.823427",39000,420,236
1783992754,2026-07-14T01:32:34Z,DLH727,"41.488682,31.818897",39000,422,236
1783992756,2026-07-14T01:32:36Z,DLH727,"41.486614,31.814533",39000,419,237
1783992758,2026-07-14T01:32:38Z,DLH727,"41.484352,31.809914",39000,420,237
1783992760,2026-07-14T01:32:40Z,DLH727,"41.482117,31.805529",39000,416,236
1783992763,2026-07-14T01:32:43Z,DLH727,"41.479637,31.800686",39000,424,235
1783992767,2026-07-14T01:32:47Z,DLH727,"41.474903,31.791828",39000,420,235
1783992784,2026-07-14T01:33:04Z,DLH727,"41.456005,31.754917",39000,427,234
1783992786,2026-07-14T01:33:06Z,DLH727,"41.453602,31.750004",39000,420,236
1783992788,2026-07-14T01:33:08Z,DLH727,"41.451267,31.745211",39000,417,236
1783992791,2026-07-14T01:33:11Z,DLH727,"41.449032,31.740374",39000,421,237
1783992793,2026-07-14T01:33:13Z,DLH727,"41.446751,31.735897",39000,423,236
1783992795,2026-07-14T01:33:15Z,DLH727,"41.444279,31.731131",39000,425,236
1783992797,2026-07-14T01:33:17Z,DLH727,"41.442059,31.726864",39000,414,235
1783992799,2026-07-14T01:33:19Z,DLH727,"41.439571,31.722031",39000,422,235
1783992801,2026-07-14T01:33:21Z,DLH727,"41.437527,31.717918",39000,425,236
1783992803,2026-07-14T01:33:23Z,DLH727,"41.435421,31.713554",39000,415,236
1783992805,2026-07-14T01:33:25Z,DLH727,"41.433426,31.709354",39000,200,241
1783992807,2026-07-14T01:33:27Z,DLH727,"41.430939,31.704737",39000,464,235
1783992809,2026-07-14T01:33:29Z,DLH727,"41.42865,31.700289",39000,210,234
1783992811,2026-07-14T01:33:31Z,DLH727,"41.426414,31.695755",39000,230,244
1783992813,2026-07-14T01:33:33Z,DLH727,"41.424362,31.691767",39000,410,235
1783992815,2026-07-14T01:33:35Z,DLH727,"41.421135,31.686726",39000,310,223
1783992818,2026-07-14T01:33:38Z,DLH727,"41.419373,31.681826",39000,310,239
1783992820,2026-07-14T01:33:40Z,DLH727,"41.417446,31.677588",39000,280,245
1783992822,2026-07-14T01:33:42Z,DLH727,"41.413654,31.672508",39000,440,221
1783992824,2026-07-14T01:33:44Z,DLH727,"41.412983,31.668783",39000,394,238
1783992826,2026-07-14T01:33:46Z,DLH727,"41.410435,31.664448",39000,421,233
1783992828,2026-07-14T01:33:48Z,DLH727,"41.408226,31.659344",39000,250,246
1783992830,2026-07-14T01:33:50Z,DLH727,"41.40567,31.654432",39000,190,226
1783992832,2026-07-14T01:33:52Z,DLH727,"41.400299,31.648335",39000,650,214
1783992834,2026-07-14T01:33:54Z,DLH727,"41.400742,31.645636",39000,431,222
1783992836,2026-07-14T01:33:56Z,DLH727,"41.399208,31.641657",39000,340,238
1783992838,2026-07-14T01:33:58Z,DLH727,"41.39658,31.636736",39000,320,234
1783992840,2026-07-14T01:34:00Z,DLH727,"41.393555,31.632729",39000,320,219
1783992843,2026-07-14T01:34:03Z,DLH727,"41.391731,31.627762",39000,428,233
1783992845,2026-07-14T01:34:05Z,DLH727,"41.389599,31.623281",39000,433,235
1783992847,2026-07-14T01:34:07Z,DLH727,"41.387466,31.619019",39000,421,236
1783992849,2026-07-14T01:34:09Z,DLH727,"41.38485,31.613529",39000,536,238
1783992851,2026-07-14T01:34:11Z,DLH727,"41.382755,31.609901",39000,443,235
1783992853,2026-07-14T01:34:13Z,DLH727,"41.380424,31.605257",39000,427,235
1783992855,2026-07-14T01:34:15Z,DLH727,"41.378239,31.600836",39000,417,236
1783992857,2026-07-14T01:34:17Z,DLH727,"41.376118,31.596535",39000,417,236
1783992859,2026-07-14T01:34:19Z,DLH727,"41.373772,31.591719",39000,423,237
1783992861,2026-07-14T01:34:21Z,DLH727,"41.371243,31.586838",39000,425,236
1783992864,2026-07-14T01:34:24Z,DLH727,"41.368961,31.582285",39000,437,236
1783992866,2026-07-14T01:34:26Z,DLH727,"41.366783,31.577965",39000,429,236
1783992868,2026-07-14T01:34:28Z,DLH727,"41.364422,31.573112",39000,423,237
1783992870,2026-07-14T01:34:30Z,DLH727,"41.36198,31.56826",39000,416,236
1783992872,2026-07-14T01:34:32Z,DLH727,"41.359631,31.563828",39000,425,235
1783992874,2026-07-14T01:34:34Z,DLH727,"41.357147,31.5592",39000,428,235
1783992876,2026-07-14T01:34:36Z,DLH727,"41.354771,31.554461",39000,428,235
1783992879,2026-07-14T01:34:39Z,DLH727,"41.352131,31.549574",39000,427,234
1783992883,2026-07-14T01:34:43Z,DLH727,"41.347996,31.540586",39000,220,243
1783992885,2026-07-14T01:34:45Z,DLH727,"41.34499,31.535578",39000,426,233
1783992887,2026-07-14T01:34:47Z,DLH727,"41.342983,31.53129",39000,428,236
1783992889,2026-07-14T01:34:49Z,DLH727,"41.340717,31.526728",39000,423,236
1783992891,2026-07-14T01:34:51Z,DLH727,"41.338287,31.522024",39000,427,235
1783992893,2026-07-14T01:34:53Z,DLH727,"41.336128,31.517677",39000,430,236
1783992895,2026-07-14T01:34:55Z,DLH727,"41.333897,31.513275",39000,426,236
1783992898,2026-07-14T01:34:58Z,DLH727,"41.331577,31.508652",39000,426,236
1783992900,2026-07-14T01:35:00Z,DLH727,"41.32917,31.503981",39000,426,235
1783992902,2026-07-14T01:35:02Z,DLH727,"41.326794,31.499029",39000,425,236
1783992904,2026-07-14T01:35:04Z,DLH727,"41.324429,31.49449",39000,428,236
1783992906,2026-07-14T01:35:06Z,DLH727,"41.322224,31.490225",39000,426,235
1783992908,2026-07-14T01:35:08Z,DLH727,"41.320255,31.486029",39000,425,237
1783992910,2026-07-14T01:35:10Z,DLH727,"41.317966,31.481447",39000,428,236
1783992912,2026-07-14T01:35:12Z,DLH727,"41.315697,31.477142",39000,422,235
1783992914,2026-07-14T01:35:14Z,DLH727,"41.313381,31.47258",39000,426,235
1783992917,2026-07-14T01:35:17Z,DLH727,"41.310703,31.46714",39000,428,236
1783992919,2026-07-14T01:35:19Z,DLH727,"41.308502,31.46279",39000,422,236
1783992921,2026-07-14T01:35:21Z,DLH727,"41.306095,31.458183",39000,419,235
1783992923,2026-07-14T01:35:23Z,DLH727,"41.303787,31.453535",39000,425,236
1783992925,2026-07-14T01:35:25Z,DLH727,"41.301464,31.449039",39000,427,235
1783992927,2026-07-14T01:35:27Z,DLH727,"41.299049,31.444506",39000,432,235
1783992929,2026-07-14T01:35:29Z,DLH727,"41.296803,31.439913",39000,428,236
1783992932,2026-07-14T01:35:32Z,DLH727,"41.294308,31.434921",39000,430,236
1783992934,2026-07-14T01:35:34Z,DLH727,"41.291691,31.430054",39000,427,235
1783992936,2026-07-14T01:35:36Z,DLH727,"41.28949,31.425564",39000,431,236
1783992938,2026-07-14T01:35:38Z,DLH727,"41.286961,31.420565",39000,431,235
1783992969,2026-07-14T01:36:09Z,DLH727,"41.251564,31.35178",39000,430,235
1783992980,2026-07-14T01:36:20Z,DLH727,"41.239883,31.328945",39000,430,235
1783993011,2026-07-14T01:36:51Z,DLH727,"41.204872,31.261139",39000,432,235
1783993043,2026-07-14T01:37:23Z,DLH727,"41.16914,31.192793",39000,423,235
1783993075,2026-07-14T01:37:55Z,DLH727,"41.132553,31.123804",39000,426,234
1783993108,2026-07-14T01:38:28Z,DLH727,"41.096172,31.054169",39000,425,237
1783993116,2026-07-14T01:38:36Z,DLH727,"41.086514,31.035116",39000,426,238
1783993118,2026-07-14T01:38:38Z,DLH727,"41.084229,31.03087",39000,424,236
1783993120,2026-07-14T01:38:40Z,DLH727,"41.081909,31.026505",39000,423,235
1783993123,2026-07-14T01:38:43Z,DLH727,"41.079201,31.021574",39000,426,234
1783993125,2026-07-14T01:38:45Z,DLH727,"41.076897,31.017248",39000,426,234
1783993127,2026-07-14T01:38:47Z,DLH727,"41.07423,31.012993",39000,430,232
1783993129,2026-07-14T01:38:49Z,DLH727,"41.07143,31.008261",39000,429,232
1783993131,2026-07-14T01:38:51Z,DLH727,"41.068996,31.003876",39000,433,233
1783993133,2026-07-14T01:38:53Z,DLH727,"41.066803,30.999035",39000,428,236
1783993135,2026-07-14T01:38:55Z,DLH727,"41.064774,30.994587",39000,422,237
1783993138,2026-07-14T01:38:58Z,DLH727,"41.062492,30.99008",39000,419,236
1783993140,2026-07-14T01:39:00Z,DLH727,"41.059956,30.985279",39000,424,236
1783993142,2026-07-14T01:39:02Z,DLH727,"41.057777,30.980509",39000,439,255
1783993144,2026-07-14T01:39:04Z,DLH727,"41.055046,30.976295",39000,434,259
1783993146,2026-07-14T01:39:06Z,DLH727,"41.052376,30.972485",39000,425,233
1783993148,2026-07-14T01:39:08Z,DLH727,"41.04966,30.967466",39000,427,234
1783993150,2026-07-14T01:39:10Z,DLH727,"41.047485,30.963417",39000,427,234
1783993152,2026-07-14T01:39:12Z,DLH727,"41.044888,30.95882",39000,428,233
1783993154,2026-07-14T01:39:14Z,DLH727,"41.04253,30.954422",39000,427,234
1783993156,2026-07-14T01:39:16Z,DLH727,"41.039864,30.949488",39000,424,234
1783993159,2026-07-14T01:39:19Z,DLH727,"41.037868,30.94582",39000,426,234
1783993161,2026-07-14T01:39:21Z,DLH727,"41.034935,30.940382",39000,426,234
1783993163,2026-07-14T01:39:23Z,DLH727,"41.03289,30.936415",39000,425,235
1783993165,2026-07-14T01:39:25Z,DLH727,"41.030434,30.931992",39000,423,234
1783993167,2026-07-14T01:39:27Z,DLH727,"41.027855,30.92729",39000,427,234
1783993170,2026-07-14T01:39:30Z,DLH727,"41.025314,30.922655",39000,426,234
1783993172,2026-07-14T01:39:32Z,DLH727,"41.022892,30.918072",39000,429,234
1783993174,2026-07-14T01:39:34Z,DLH727,"41.020378,30.913818",39000,427,233
1783993191,2026-07-14T01:39:51Z,DLH727,"41.001076,30.878082",39000,427,234
1783993222,2026-07-14T01:40:22Z,DLH727,"40.965412,30.810843",39000,426,234
1783993254,2026-07-14T01:40:54Z,DLH727,"40.928291,30.745571",39000,426,234
1783993285,2026-07-14T01:41:25Z,DLH727,"40.891724,30.678431",39000,426,234
1783993317,2026-07-14T01:41:57Z,DLH727,"40.854191,30.609945",39000,422,234
1783993351,2026-07-14T01:42:31Z,DLH727,"40.81789,30.541368",39000,421,234
1783993383,2026-07-14T01:43:03Z,DLH727,"40.782188,30.473598",39000,424,234
1783993413,2026-07-14T01:43:33Z,DLH727,"40.747734,30.408684",39000,424,235
1783993445,2026-07-14T01:44:05Z,DLH727,"40.711567,30.341364",39000,423,234
1783993477,2026-07-14T01:44:37Z,DLH727,"40.675735,30.274725",39000,423,234
1783993510,2026-07-14T01:45:10Z,DLH727,"40.639603,30.206938",39000,422,234
1783993543,2026-07-14T01:45:43Z,DLH727,"40.602619,30.133718",39000,424,234
1783993576,2026-07-14T01:46:16Z,DLH727,"40.565392,30.067015",39000,426,234
1783993607,2026-07-14T01:46:47Z,DLH727,"40.528641,30.000282",39000,428,234
1783993640,2026-07-14T01:47:20Z,DLH727,"40.490543,29.933676",39000,428,233
1783993672,2026-07-14T01:47:52Z,DLH727,"40.45108,29.866703",39000,427,233
1783993701,2026-07-14T01:48:21Z,DLH727,"40.4184,29.802446",39000,426,243
1783993703,2026-07-14T01:48:23Z,DLH727,"40.416519,29.7978",39000,426,244
1783993705,2026-07-14T01:48:25Z,DLH727,"40.414757,29.792706",39000,426,245
1783993708,2026-07-14T01:48:28Z,DLH727,"40.413029,29.7876",39000,426,246
1783993710,2026-07-14T01:48:30Z,DLH727,"40.411217,29.782749",39000,426,247
1783993712,2026-07-14T01:48:32Z,DLH727,"40.409786,29.777807",39000,426,248
1783993714,2026-07-14T01:48:34Z,DLH727,"40.408272,29.772243",39000,426,249
1783993716,2026-07-14T01:48:36Z,DLH727,"40.406937,29.767286",39000,426,250
1783993718,2026-07-14T01:48:38Z,DLH727,"40.405453,29.761894",39000,426,250
1783993720,2026-07-14T01:48:40Z,DLH727,"40.40432,29.757387",39000,426,251
1783993722,2026-07-14T01:48:42Z,DLH727,"40.403046,29.752296",39000,426,251
1783993724,2026-07-14T01:48:44Z,DLH727,"40.401695,29.747097",39000,426,251
1783993727,2026-07-14T01:48:47Z,DLH727,"40.400425,29.742205",39000,427,251
1783993758,2026-07-14T01:49:18Z,DLH727,"40.381229,29.664219",39000,428,254
1783993790,2026-07-14T01:49:50Z,DLH727,"40.366886,29.583824",39000,430,260
1783993809,2026-07-14T01:50:09Z,DLH727,"40.36269,29.534414",39000,431,267
1783993812,2026-07-14T01:50:12Z,DLH727,"40.362545,29.528154",39000,432,268
1783993814,2026-07-14T01:50:14Z,DLH727,"40.3624,29.522676",39000,432,268
1783993816,2026-07-14T01:50:16Z,DLH727,"40.362316,29.516397",39000,433,269
1783993818,2026-07-14T01:50:18Z,DLH727,"40.362396,29.510954",39000,433,270
1783993820,2026-07-14T01:50:20Z,DLH727,"40.362461,29.505692",39000,434,271
1783993822,2026-07-14T01:50:22Z,DLH727,"40.362663,29.500427",39000,434,273
1783993824,2026-07-14T01:50:24Z,DLH727,"40.362907,29.494831",39000,435,274
1783993826,2026-07-14T01:50:26Z,DLH727,"40.363358,29.489422",39000,436,276
1783993829,2026-07-14T01:50:29Z,DLH727,"40.363903,29.483419",39000,437,278
1783993831,2026-07-14T01:50:31Z,DLH727,"40.364536,29.477545",39000,438,279
1783993833,2026-07-14T01:50:33Z,DLH727,"40.365261,29.472794",39000,439,281
1783993835,2026-07-14T01:50:35Z,DLH727,"40.366192,29.467031",39000,440,283
1783993837,2026-07-14T01:50:37Z,DLH727,"40.367279,29.461357",39000,442,285
1783993839,2026-07-14T01:50:39Z,DLH727,"40.36853,29.455763",39000,444,286
1783993841,2026-07-14T01:50:41Z,DLH727,"40.369774,29.450146",39000,443,287
1783993844,2026-07-14T01:50:44Z,DLH727,"40.371262,29.444845",39000,444,289
1783993846,2026-07-14T01:50:46Z,DLH727,"40.372734,29.439476",39000,444,289
1783993848,2026-07-14T01:50:48Z,DLH727,"40.374077,29.434345",39000,444,289
1783993850,2026-07-14T01:50:50Z,DLH727,"40.375648,29.428753",39000,446,290
1783993852,2026-07-14T01:50:52Z,DLH727,"40.377197,29.423258",39000,445,290
1783993854,2026-07-14T01:50:54Z,DLH727,"40.378841,29.417509",39000,444,289
1783993856,2026-07-14T01:50:56Z,DLH727,"40.380379,29.412468",39000,444,289
1783993859,2026-07-14T01:50:59Z,DLH727,"40.381878,29.407064",39000,445,289
1783993861,2026-07-14T01:51:01Z,DLH727,"40.383492,29.401079",39000,445,289
1783993863,2026-07-14T01:51:03Z,DLH727,"40.384731,29.396194",39000,444,289
1783993894,2026-07-14T01:51:34Z,DLH727,"40.406155,29.316139",39000,446,289
1783993920,2026-07-14T01:52:00Z,DLH727,"40.427052,29.252985",39075,454,299
1783993922,2026-07-14T01:52:02Z,DLH727,"40.429218,29.248039",39075,455,300
1783993924,2026-07-14T01:52:04Z,DLH727,"40.431587,29.242933",39100,455,301
1783993926,2026-07-14T01:52:06Z,DLH727,"40.433849,29.237999",39125,455,301
1783993928,2026-07-14T01:52:08Z,DLH727,"40.435955,29.233559",39150,456,302
1783993930,2026-07-14T01:52:10Z,DLH727,"40.438404,29.228672",39175,456,303
1783993932,2026-07-14T01:52:12Z,DLH727,"40.440804,29.223858",39200,457,303
1783993934,2026-07-14T01:52:14Z,DLH727,"40.443344,29.219021",39225,457,304
1783993936,2026-07-14T01:52:16Z,DLH727,"40.445782,29.214209",39225,457,304
1783993938,2026-07-14T01:52:18Z,DLH727,"40.448528,29.209108",39250,457,304
1783993966,2026-07-14T01:52:46Z,DLH727,"40.484821,29.14854",39525,464,314
1783993968,2026-07-14T01:52:48Z,DLH727,"40.488056,29.144335",39550,465,315
1783993970,2026-07-14T01:52:50Z,DLH727,"40.491291,29.140228",39575,466,316
1783993973,2026-07-14T01:52:53Z,DLH727,"40.494579,29.136122",39600,467,317
1783993975,2026-07-14T01:52:55Z,DLH727,"40.497723,29.132349",39625,468,318
1783993977,2026-07-14T01:52:57Z,DLH727,"40.501488,29.128124",39650,470,319
1783993979,2026-07-14T01:52:59Z,DLH727,"40.50481,29.124403",39650,469,320
1783993981,2026-07-14T01:53:01Z,DLH727,"40.50898,29.119875",39675,470,321
1783993983,2026-07-14T01:53:03Z,DLH727,"40.512199,29.116575",39700,470,321
1783993985,2026-07-14T01:53:05Z,DLH727,"40.515865,29.112904",39725,472,322
1783993987,2026-07-14T01:53:07Z,DLH727,"40.519531,29.109266",39750,472,322
1783993990,2026-07-14T01:53:10Z,DLH727,"40.523201,29.105572",39775,472,323
1783993992,2026-07-14T01:53:12Z,DLH727,"40.52702,29.101862",39800,472,323
1783993994,2026-07-14T01:53:14Z,DLH727,"40.53059,29.098438",39825,471,323
1783994025,2026-07-14T01:53:45Z,DLH727,"40.583675,29.041872",40000,467,318
1783994058,2026-07-14T01:54:18Z,DLH727,"40.635845,28.981632",40000,471,318
1783994090,2026-07-14T01:54:50Z,DLH727,"40.688938,28.919502",40000,476,318
1783994121,2026-07-14T01:55:21Z,DLH727,"40.740864,28.858763",40000,478,318
1783994153,2026-07-14T01:55:53Z,DLH727,"40.793217,28.797874",40000,476,318
1783994185,2026-07-14T01:56:25Z,DLH727,"40.846184,28.736338",40000,476,318
1783994217,2026-07-14T01:56:57Z,DLH727,"40.897846,28.675123",40000,475,317
1783994248,2026-07-14T01:57:28Z,DLH727,"40.946377,28.611134",40000,474,313
1783994279,2026-07-14T01:57:59Z,DLH727,"40.994118,28.545954",40000,478,314
1783994311,2026-07-14T01:58:31Z,DLH727,"41.042492,28.479544",40000,478,313
1783994343,2026-07-14T01:59:03Z,DLH727,"41.090641,28.411797",40000,477,313
1783994375,2026-07-14T01:59:35Z,DLH727,"41.140106,28.34239",40000,477,313
1783994407,2026-07-14T02:00:07Z,DLH727,"41.187767,28.275017",40000,479,312
1783994438,2026-07-14T02:00:38Z,DLH727,"41.235214,28.20776",40000,479,312
1783994470,2026-07-14T02:01:10Z,DLH727,"41.28315,28.138905",40000,480,312
1783994502,2026-07-14T02:01:42Z,DLH727,"41.331299,28.070286",40000,478,313
1783994534,2026-07-14T02:02:14Z,DLH727,"41.379223,28.002842",40000,471,313
1783994566,2026-07-14T02:02:46Z,DLH727,"41.426395,27.935753",40000,471,313
1783994597,2026-07-14T02:03:17Z,DLH727,"41.473915,27.867392",40000,472,312
1783994630,2026-07-14T02:03:50Z,DLH727,"41.520916,27.798969",40000,473,312
1783994660,2026-07-14T02:04:20Z,DLH727,"41.565945,27.733248",40000,476,312
1783994692,2026-07-14T02:04:52Z,DLH727,"41.613712,27.663017",40000,478,312
1783994724,2026-07-14T02:05:24Z,DLH727,"41.661156,27.593655",40000,479,312
1783994756,2026-07-14T02:05:56Z,DLH727,"41.708561,27.523809",40000,477,312
1783994788,2026-07-14T02:06:28Z,DLH727,"41.755688,27.454227",40025,477,312
1783994819,2026-07-14T02:06:59Z,DLH727,"41.802025,27.385546",40000,478,312
1783994851,2026-07-14T02:07:31Z,DLH727,"41.851238,27.317944",40000,480,315
1783994883,2026-07-14T02:08:03Z,DLH727,"41.901638,27.250648",40000,481,314
1783994915,2026-07-14T02:08:35Z,DLH727,"41.951584,27.182493",40000,480,314
1783994948,2026-07-14T02:09:08Z,DLH727,"42.001873,27.113274",40000,479,314
1783994979,2026-07-14T02:09:39Z,DLH727,"42.050385,27.046438",40000,474,314
1783995011,2026-07-14T02:10:11Z,DLH727,"42.098095,26.980368",40000,472,314
1783995042,2026-07-14T02:10:42Z,DLH727,"42.146198,26.913685",40000,472,314
1783995073,2026-07-14T02:11:13Z,DLH727,"42.193859,26.847343",40000,473,313
1783995105,2026-07-14T02:11:45Z,DLH727,"42.242661,26.779436",40000,474,313
1783995137,2026-07-14T02:12:17Z,DLH727,"42.290642,26.712627",40000,470,313
1783995169,2026-07-14T02:12:49Z,DLH727,"42.337959,26.646473",40000,468,313
1783995200,2026-07-14T02:13:20Z,DLH727,"42.385639,26.579746",40000,468,313
1783995232,2026-07-14T02:13:52Z,DLH727,"42.433529,26.512367",40025,471,313
1783995265,2026-07-14T02:14:25Z,DLH727,"42.482399,26.443615",40000,471,313
1783995295,2026-07-14T02:14:55Z,DLH727,"42.527992,26.379284",40000,467,313
1783995327,2026-07-14T02:15:27Z,DLH727,"42.576229,26.310871",40000,466,313
1783995358,2026-07-14T02:15:58Z,DLH727,"42.621326,26.247038",40000,465,313
1783995390,2026-07-14T02:16:30Z,DLH727,"42.668938,26.179304",40000,468,313
1783995422,2026-07-14T02:17:02Z,DLH727,"42.716782,26.111135",40000,468,313
1783995454,2026-07-14T02:17:34Z,DLH727,"42.764904,26.042612",40000,468,313
1783995486,2026-07-14T02:18:06Z,DLH727,"42.811592,25.975624",40000,469,313
1783995518,2026-07-14T02:18:38Z,DLH727,"42.859756,25.906492",40000,471,313
1783995550,2026-07-14T02:19:10Z,DLH727,"42.907619,25.837801",40000,472,313
1783995581,2026-07-14T02:19:41Z,DLH727,"42.955086,25.769272",40000,474,313
1783995613,2026-07-14T02:20:13Z,DLH727,"43.002533,25.700521",40000,476,313
1783995645,2026-07-14T02:20:45Z,DLH727,"43.050903,25.6304",40000,474,313
1783995676,2026-07-14T02:21:16Z,DLH727,"43.097916,25.562227",40000,472,313
1783995707,2026-07-14T02:21:47Z,DLH727,"43.144489,25.494398",40000,469,313
1783995740,2026-07-14T02:22:20Z,DLH727,"43.191978,25.425049",40000,469,313
1783995772,2026-07-14T02:22:52Z,DLH727,"43.239304,25.355898",40000,470,313
1783995804,2026-07-14T02:23:24Z,DLH727,"43.286446,25.286493",40000,468,312
1783995835,2026-07-14T02:23:55Z,DLH727,"43.33289,25.218143",40000,468,313
1783995867,2026-07-14T02:24:27Z,DLH727,"43.380344,25.148191",40000,469,313
1783995899,2026-07-14T02:24:59Z,DLH727,"43.427166,25.079039",40000,469,312
1783995931,2026-07-14T02:25:31Z,DLH727,"43.473412,25.010641",40000,467,312
1783995963,2026-07-14T02:26:03Z,DLH727,"43.520573,24.9408",40000,467,312
1783995994,2026-07-14T02:26:34Z,DLH727,"43.567463,24.870911",40000,468,312
1783996026,2026-07-14T02:27:06Z,DLH727,"43.612965,24.803268",40025,468,312
1783996057,2026-07-14T02:27:37Z,DLH727,"43.659599,24.733475",40025,469,312
1783996088,2026-07-14T02:28:08Z,DLH727,"43.704967,24.665394",40000,467,312
1783996120,2026-07-14T02:28:40Z,DLH727,"43.751183,24.5959",40000,467,312
1783996152,2026-07-14T02:29:12Z,DLH727,"43.797543,24.526073",40000,468,312
1783996183,2026-07-14T02:29:43Z,DLH727,"43.84383,24.456093",40000,468,312
1783996215,2026-07-14T02:30:15Z,DLH727,"43.889462,24.387075",40000,468,312
1783996246,2026-07-14T02:30:46Z,DLH727,"43.935169,24.317644",40000,466,312
1783996277,2026-07-14T02:31:17Z,DLH727,"43.980259,24.248907",40000,465,312
1783996309,2026-07-14T02:31:49Z,DLH727,"44.025394,24.180216",40000,463,312
1783996340,2026-07-14T02:32:20Z,DLH727,"44.071056,24.110245",40000,460,312
1783996372,2026-07-14T02:32:52Z,DLH727,"44.11322,24.045488",40000,458,312
1783996403,2026-07-14T02:33:23Z,DLH727,"44.160019,23.973619",40000,456,312
1783996435,2026-07-14T02:33:55Z,DLH727,"44.204636,23.904591",40000,457,311
1783996466,2026-07-14T02:34:26Z,DLH727,"44.249134,23.836119",40000,458,311
1783996498,2026-07-14T02:34:58Z,DLH727,"44.293816,23.76701",40000,456,311
1783996529,2026-07-14T02:35:29Z,DLH727,"44.337646,23.698147",40000,456,311
1783996561,2026-07-14T02:36:01Z,DLH727,"44.383118,23.628532",40000,453,311
1783996593,2026-07-14T02:36:33Z,DLH727,"44.42717,23.559376",40000,456,311
1783996624,2026-07-14T02:37:04Z,DLH727,"44.471416,23.490242",40000,456,311
1783996656,2026-07-14T02:37:36Z,DLH727,"44.516388,23.419569",40000,458,311
1783996688,2026-07-14T02:38:08Z,DLH727,"44.560368,23.350636",40000,458,311
1783996719,2026-07-14T02:38:39Z,DLH727,"44.604706,23.280964",40000,459,311
1783996751,2026-07-14T02:39:11Z,DLH727,"44.649872,23.209585",40000,459,311
1783996783,2026-07-14T02:39:43Z,DLH727,"44.694485,23.138922",40000,458,311
1783996815,2026-07-14T02:40:15Z,DLH727,"44.739166,23.06798",40000,460,311
1783996847,2026-07-14T02:40:47Z,DLH727,"44.783894,22.99707",40000,460,311
1783996877,2026-07-14T02:41:17Z,DLH727,"44.826149,22.929459",40000,461,311
1783996909,2026-07-14T02:41:49Z,DLH727,"44.871235,22.857489",40000,462,311
1783996940,2026-07-14T02:42:20Z,DLH727,"44.915638,22.786291",40000,464,311
1783996972,2026-07-14T02:42:52Z,DLH727,"44.96077,22.71382",40025,466,311
1783997004,2026-07-14T02:43:24Z,DLH727,"45.005619,22.641584",40000,465,311
1783997035,2026-07-14T02:43:55Z,DLH727,"45.050499,22.56904",40000,464,311
1783997066,2026-07-14T02:44:26Z,DLH727,"45.093418,22.49959",40000,462,310
1783997098,2026-07-14T02:44:58Z,DLH727,"45.138832,22.425926",40000,463,310
1783997131,2026-07-14T02:45:31Z,DLH727,"45.184578,22.351461",40000,465,310
1783997163,2026-07-14T02:46:03Z,DLH727,"45.229576,22.278017",40000,466,310
1783997195,2026-07-14T02:46:35Z,DLH727,"45.274563,22.20426",40000,466,310
1783997226,2026-07-14T02:47:06Z,DLH727,"45.319054,22.13126",40000,465,310
1783997258,2026-07-14T02:47:38Z,DLH727,"45.364197,22.057114",40000,467,310
1783997291,2026-07-14T02:48:11Z,DLH727,"45.40955,21.98204",40000,468,310
1783997323,2026-07-14T02:48:43Z,DLH727,"45.454601,21.907476",40000,468,310
1783997354,2026-07-14T02:49:14Z,DLH727,"45.499496,21.833189",40000,467,310
1783997386,2026-07-14T02:49:46Z,DLH727,"45.544315,21.758736",40000,466,310
1783997418,2026-07-14T02:50:18Z,DLH727,"45.588661,21.684958",40000,465,310
1783997450,2026-07-14T02:50:50Z,DLH727,"45.632545,21.611544",40000,466,310
1783997482,2026-07-14T02:51:22Z,DLH727,"45.677891,21.53554",40000,468,310
1783997514,2026-07-14T02:51:54Z,DLH727,"45.72287,21.459877",40000,470,310
1783997545,2026-07-14T02:52:25Z,DLH727,"45.766846,21.385715",40000,472,310
1783997577,2026-07-14T02:52:57Z,DLH727,"45.811771,21.309948",40000,472,310
1783997609,2026-07-14T02:53:29Z,DLH727,"45.85664,21.233784",40000,470,310
1783997640,2026-07-14T02:54:00Z,DLH727,"45.899998,21.160082",40000,462,310
1783997672,2026-07-14T02:54:32Z,DLH727,"45.943569,21.08592",40000,460,310
1783997704,2026-07-14T02:55:04Z,DLH727,"45.987152,21.011414",40000,459,309
1783997735,2026-07-14T02:55:35Z,DLH727,"46.029968,20.938148",40000,462,309
1783997767,2026-07-14T02:56:07Z,DLH727,"46.073345,20.863564",40000,462,309
1783997799,2026-07-14T02:56:39Z,DLH727,"46.116264,20.78828",40000,466,307
1783997830,2026-07-14T02:57:10Z,DLH727,"46.152847,20.708595",40000,464,299
1783997861,2026-07-14T02:57:41Z,DLH727,"46.183262,20.621218",40000,462,293
1783997893,2026-07-14T02:58:13Z,DLH727,"46.206734,20.531672",40000,461,288
1783997925,2026-07-14T02:58:45Z,DLH727,"46.229263,20.439329",40000,463,289
1783997956,2026-07-14T02:59:16Z,DLH727,"46.252304,20.346739",40000,463,289
1783997988,2026-07-14T02:59:48Z,DLH727,"46.274544,20.255619",40000,462,289
1783998019,2026-07-14T03:00:19Z,DLH727,"46.296871,20.163563",40000,462,289
1783998051,2026-07-14T03:00:51Z,DLH727,"46.318771,20.072493",40000,460,289
1783998082,2026-07-14T03:01:22Z,DLH727,"46.340462,19.98217",40000,459,289
1783998113,2026-07-14T03:01:53Z,DLH727,"46.362297,19.890879",40000,458,288
1783998145,2026-07-14T03:02:25Z,DLH727,"46.383953,19.80018",40000,460,289
1783998176,2026-07-14T03:02:56Z,DLH727,"46.405571,19.709497",40000,462,288
1783998207,2026-07-14T03:03:27Z,DLH727,"46.427185,19.618",40000,462,288
1783998239,2026-07-14T03:03:59Z,DLH727,"46.449257,19.523905",40000,462,288
1783998272,2026-07-14T03:04:32Z,DLH727,"46.471203,19.430405",40000,460,288
1783998303,2026-07-14T03:05:03Z,DLH727,"46.492847,19.337658",40000,460,288
1783998335,2026-07-14T03:05:35Z,DLH727,"46.514366,19.245081",40000,457,288
1783998367,2026-07-14T03:06:07Z,DLH727,"46.535591,19.153481",40000,456,288
1783998398,2026-07-14T03:06:38Z,DLH727,"46.556484,19.062689",40000,455,288
1783998430,2026-07-14T03:07:10Z,DLH727,"46.577549,18.971249",40000,456,288
1783998461,2026-07-14T03:07:41Z,DLH727,"46.598423,18.879761",40000,458,288
1783998493,2026-07-14T03:08:13Z,DLH727,"46.619263,18.788235",40000,459,288
1783998524,2026-07-14T03:08:44Z,DLH727,"46.639996,18.696878",40000,458,288
1783998556,2026-07-14T03:09:16Z,DLH727,"46.660877,18.604296",40000,458,288
1783998587,2026-07-14T03:09:47Z,DLH727,"46.681416,18.512863",40000,458,288
1783998618,2026-07-14T03:10:18Z,DLH727,"46.701851,18.421503",40000,458,287
1783998649,2026-07-14T03:10:49Z,DLH727,"46.722332,18.329548",40000,458,287
1783998681,2026-07-14T03:11:21Z,DLH727,"46.742691,18.237629",40000,458,287
1783998712,2026-07-14T03:11:52Z,DLH727,"46.762928,18.146038",40000,456,287
1783998744,2026-07-14T03:12:24Z,DLH727,"46.783253,18.053734",40000,456,287
1783998776,2026-07-14T03:12:56Z,DLH727,"46.803505,17.960939",40000,454,287
1783998807,2026-07-14T03:13:27Z,DLH727,"46.823273,17.870365",40000,454,287
1783998838,2026-07-14T03:13:58Z,DLH727,"46.843021,17.779236",40000,455,287
1783998870,2026-07-14T03:14:30Z,DLH727,"46.862991,17.687035",40000,456,287
1783998901,2026-07-14T03:15:01Z,DLH727,"46.882774,17.594936",40000,452,287
1783998932,2026-07-14T03:15:32Z,DLH727,"46.901974,17.505396",40000,452,287
1783998963,2026-07-14T03:16:03Z,DLH727,"46.921425,17.413851",40000,452,287
1783998995,2026-07-14T03:16:35Z,DLH727,"46.940868,17.322632",40000,452,287
1783999026,2026-07-14T03:17:06Z,DLH727,"46.959843,17.232164",40000,450,286
1783999059,2026-07-14T03:17:39Z,DLH727,"46.97987,17.136881",40000,447,287
1783999090,2026-07-14T03:18:10Z,DLH727,"46.998749,17.046944",40000,446,287
1783999121,2026-07-14T03:18:41Z,DLH727,"47.017651,16.956135",40000,447,286
1783999153,2026-07-14T03:19:13Z,DLH727,"47.036537,16.864937",40000,446,286
1783999184,2026-07-14T03:19:44Z,DLH727,"47.055004,16.775936",40000,446,286
1783999215,2026-07-14T03:20:15Z,DLH727,"47.073605,16.685141",40000,447,286
1783999246,2026-07-14T03:20:46Z,DLH727,"47.092075,16.594757",40000,448,286
1783999277,2026-07-14T03:21:17Z,DLH727,"47.11047,16.504564",40000,447,286
1783999308,2026-07-14T03:21:48Z,DLH727,"47.128769,16.41452",40000,444,286
1783999340,2026-07-14T03:22:20Z,DLH727,"47.148651,16.325994",40000,441,291
1783999371,2026-07-14T03:22:51Z,DLH727,"47.174366,16.24053",40000,440,293
1783999402,2026-07-14T03:23:22Z,DLH727,"47.199795,16.154333",40000,438,293
1783999434,2026-07-14T03:23:54Z,DLH727,"47.224777,16.06846",40000,438,293
1783999465,2026-07-14T03:24:25Z,DLH727,"47.24966,15.983192",40000,438,293
1783999496,2026-07-14T03:24:56Z,DLH727,"47.2742,15.899068",40000,437,293
1783999527,2026-07-14T03:25:27Z,DLH727,"47.299191,15.813081",40000,438,293
1783999558,2026-07-14T03:25:58Z,DLH727,"47.324066,15.727196",40000,440,293
1783999590,2026-07-14T03:26:30Z,DLH727,"47.348892,15.641326",40000,440,293
1783999621,2026-07-14T03:27:01Z,DLH727,"47.373447,15.555905",40000,440,292
1783999652,2026-07-14T03:27:32Z,DLH727,"47.397991,15.470197",40000,440,292
1783999683,2026-07-14T03:28:03Z,DLH727,"47.42252,15.384212",40000,442,292
1783999714,2026-07-14T03:28:34Z,DLH727,"47.447548,15.296523",39650,440,292
1783999746,2026-07-14T03:29:06Z,DLH727,"47.472542,15.208103",39150,439,292
1783999778,2026-07-14T03:29:38Z,DLH727,"47.496796,15.122108",38625,437,292
1783999809,2026-07-14T03:30:09Z,DLH727,"47.521248,15.035246",38125,430,292
1783999841,2026-07-14T03:30:41Z,DLH727,"47.544838,14.951447",37600,420,292
1783999872,2026-07-14T03:31:12Z,DLH727,"47.56768,14.869365",37075,416,292
1783999903,2026-07-14T03:31:43Z,DLH727,"47.590855,14.786264",36575,418,292
1783999935,2026-07-14T03:32:15Z,DLH727,"47.613853,14.7031",35875,423,292
1783999966,2026-07-14T03:32:46Z,DLH727,"47.63715,14.619141",34850,425,292
1783999998,2026-07-14T03:33:18Z,DLH727,"47.658401,14.532159",33675,425,288
1784000029,2026-07-14T03:33:49Z,DLH727,"47.677162,14.446803",32400,423,288
1784000060,2026-07-14T03:34:20Z,DLH727,"47.696808,14.36059",30725,428,288
1784000091,2026-07-14T03:34:51Z,DLH727,"47.717106,14.273841",29675,419,289
1784000123,2026-07-14T03:35:23Z,DLH727,"47.736702,14.189388",28600,410,288
1784000155,2026-07-14T03:35:55Z,DLH727,"47.75631,14.104015",27200,410,288
1784000187,2026-07-14T03:36:27Z,DLH727,"47.776077,14.018058",26075,404,288
1784000219,2026-07-14T03:36:59Z,DLH727,"47.794765,13.935895",25000,396,288
1784000251,2026-07-14T03:37:31Z,DLH727,"47.8134,13.853999",24200,390,288
1784000283,2026-07-14T03:38:03Z,DLH727,"47.831558,13.773815",23500,385,288
1784000314,2026-07-14T03:38:34Z,DLH727,"47.849583,13.694018",22875,386,288
1784000346,2026-07-14T03:39:06Z,DLH727,"47.867504,13.614648",22350,383,288
1784000378,2026-07-14T03:39:38Z,DLH727,"47.885315,13.535379",22000,382,288
1784000410,2026-07-14T03:40:10Z,DLH727,"47.90308,13.456127",21525,380,288
1784000442,2026-07-14T03:40:42Z,DLH727,"47.920876,13.375977",20950,377,288
1784000474,2026-07-14T03:41:14Z,DLH727,"47.938087,13.298313",20425,372,288
1784000506,2026-07-14T03:41:46Z,DLH727,"47.955315,13.220508",19900,369,288
1784000538,2026-07-14T03:42:18Z,DLH727,"47.971077,13.141603",19350,372,284
1784000570,2026-07-14T03:42:50Z,DLH727,"47.984035,13.062443",18825,366,283
1784000603,2026-07-14T03:43:23Z,DLH727,"47.997513,12.982893",18275,368,284
1784000634,2026-07-14T03:43:54Z,DLH727,"48.010765,12.906876",17775,368,284
1784000665,2026-07-14T03:44:25Z,DLH727,"48.024078,12.830648",17250,361,284
1784000697,2026-07-14T03:44:57Z,DLH727,"48.037384,12.754159",16725,356,284
1784000729,2026-07-14T03:45:29Z,DLH727,"48.050388,12.678882",16300,335,284
1784000760,2026-07-14T03:46:00Z,DLH727,"48.061855,12.612421",16050,311,284
1784000791,2026-07-14T03:46:31Z,DLH727,"48.072495,12.550611",15850,290,284
1784000823,2026-07-14T03:47:03Z,DLH727,"48.082905,12.489738",15150,284,284
1784000855,2026-07-14T03:47:35Z,DLH727,"48.093121,12.429422",14350,284,284
1784000887,2026-07-14T03:48:07Z,DLH727,"48.103539,12.367982",13575,282,284
1784000920,2026-07-14T03:48:40Z,DLH727,"48.113815,12.307243",12975,275,284
1784000951,2026-07-14T03:49:11Z,DLH727,"48.123577,12.249648",12325,272,284
1784000983,2026-07-14T03:49:43Z,DLH727,"48.133327,12.191359",11475,274,284
1784000996,2026-07-14T03:49:56Z,DLH727,"48.137371,12.167215",11150,275,284
1784001011,2026-07-14T03:50:11Z,DLH727,"48.141884,12.140199",10800,274,284
1784001024,2026-07-14T03:50:24Z,DLH727,"48.145882,12.116289",10500,275,283
1784001038,2026-07-14T03:50:38Z,DLH727,"48.150295,12.089982",10175,275,283
1784001053,2026-07-14T03:50:53Z,DLH727,"48.154751,12.062686",9925,274,283
1784001067,2026-07-14T03:51:07Z,DLH727,"48.159195,12.036186",9675,274,283
1784001082,2026-07-14T03:51:22Z,DLH727,"48.163555,12.009732",9450,275,284
1784001094,2026-07-14T03:51:34Z,DLH727,"48.167408,11.98672",9325,275,284
1784001109,2026-07-14T03:51:49Z,DLH727,"48.171894,11.959685",9175,274,283
1784001124,2026-07-14T03:52:04Z,DLH727,"48.17638,11.932268",9050,273,283
1784001136,2026-07-14T03:52:16Z,DLH727,"48.180229,11.909313",9000,272,283
1784001149,2026-07-14T03:52:29Z,DLH727,"48.183987,11.886551",8850,272,283
1784001164,2026-07-14T03:52:44Z,DLH727,"48.188522,11.859125",8600,271,283
1784001176,2026-07-14T03:52:56Z,DLH727,"48.192253,11.836642",8400,271,283
1784001189,2026-07-14T03:53:09Z,DLH727,"48.196171,11.812659",8175,271,283
1784001204,2026-07-14T03:53:24Z,DLH727,"48.200459,11.7863",7925,272,283
1784001216,2026-07-14T03:53:36Z,DLH727,"48.204254,11.763785",7725,272,283
1784001230,2026-07-14T03:53:50Z,DLH727,"48.208542,11.737145",7475,272,283
1784001245,2026-07-14T03:54:05Z,DLH727,"48.212883,11.710926",7250,269,283
1784001257,2026-07-14T03:54:17Z,DLH727,"48.216476,11.688841",7150,269,283
1784001272,2026-07-14T03:54:32Z,DLH727,"48.22068,11.66218",7025,269,283
1784001284,2026-07-14T03:54:44Z,DLH727,"48.224365,11.639841",7000,268,283
1784001299,2026-07-14T03:54:59Z,DLH727,"48.228592,11.61377",7000,258,282
1784001311,2026-07-14T03:55:11Z,DLH727,"48.23175,11.592832",7000,246,282
1784001326,2026-07-14T03:55:26Z,DLH727,"48.235355,11.568753",7000,236,282
1784001340,2026-07-14T03:55:40Z,DLH727,"48.238647,11.5459",7000,235,282
1784001353,2026-07-14T03:55:53Z,DLH727,"48.241856,11.525007",7000,235,282
1784001366,2026-07-14T03:56:06Z,DLH727,"48.244759,11.505025",6875,236,282
1784001379,2026-07-14T03:56:19Z,DLH727,"48.247864,11.483718",6650,235,282
1784001392,2026-07-14T03:56:32Z,DLH727,"48.250973,11.463088",6350,237,282
1784001405,2026-07-14T03:56:45Z,DLH727,"48.254158,11.44212",6125,237,282
1784001418,2026-07-14T03:56:58Z,DLH727,"48.257557,11.421535",5900,234,291
1784001420,2026-07-14T03:57:00Z,DLH727,"48.258385,11.4183",5850,234,295
1784001423,2026-07-14T03:57:03Z,DLH727,"48.259544,11.415113",5825,234,300
1784001425,2026-07-14T03:57:05Z,DLH727,"48.2607,11.412208",5800,234,304
1784001427,2026-07-14T03:57:07Z,DLH727,"48.262192,11.409324",5750,234,309
1784001429,2026-07-14T03:57:09Z,DLH727,"48.263786,11.406739",5725,232,313
1784001431,2026-07-14T03:57:11Z,DLH727,"48.265419,11.404321",5700,232,319
1784001433,2026-07-14T03:57:13Z,DLH727,"48.267189,11.402247",5650,233,323
1784001436,2026-07-14T03:57:16Z,DLH727,"48.269112,11.400214",5625,231,329
1784001438,2026-07-14T03:57:18Z,DLH727,"48.271111,11.398512",5600,232,333
1784001440,2026-07-14T03:57:20Z,DLH727,"48.273266,11.397142",5550,232,337
1784001442,2026-07-14T03:57:22Z,DLH727,"48.2757,11.395608",5525,232,341
1784001444,2026-07-14T03:57:24Z,DLH727,"48.277473,11.394814",5500,232,344
1784001446,2026-07-14T03:57:26Z,DLH727,"48.280228,11.393874",5475,232,347
1784001448,2026-07-14T03:57:28Z,DLH727,"48.282379,11.393223",5450,232,349
1784001451,2026-07-14T03:57:31Z,DLH727,"48.284534,11.392735",5425,233,351
1784001453,2026-07-14T03:57:33Z,DLH727,"48.286915,11.39225",5400,233,352
1784001455,2026-07-14T03:57:35Z,DLH727,"48.289284,11.391822",5375,233,353
1784001457,2026-07-14T03:57:37Z,DLH727,"48.291317,11.391419",5350,234,354
1784001459,2026-07-14T03:57:39Z,DLH727,"48.293617,11.391034",5325,233,354
1784001461,2026-07-14T03:57:41Z,DLH727,"48.295895,11.390817",5300,234,356
1784001463,2026-07-14T03:57:43Z,DLH727,"48.298225,11.390575",5275,235,357
1784001465,2026-07-14T03:57:45Z,DLH727,"48.300449,11.390539",5250,236,1
1784001467,2026-07-14T03:57:47Z,DLH727,"48.30294,11.390617",5225,235,4
1784001470,2026-07-14T03:57:50Z,DLH727,"48.305107,11.390861",5225,236,8
1784001472,2026-07-14T03:57:52Z,DLH727,"48.307262,11.391468",5175,237,13
1784001474,2026-07-14T03:57:54Z,DLH727,"48.309746,11.392398",5150,237,17
1784001477,2026-07-14T03:57:57Z,DLH727,"48.312737,11.394053",5125,238,23
1784001479,2026-07-14T03:57:59Z,DLH727,"48.315102,11.395632",5100,240,27
1784001481,2026-07-14T03:58:01Z,DLH727,"48.316895,11.397226",5075,239,32
1784001483,2026-07-14T03:58:03Z,DLH727,"48.318916,11.399225",5050,239,37
1784001485,2026-07-14T03:58:05Z,DLH727,"48.320644,11.401501",5025,240,41
1784001488,2026-07-14T03:58:08Z,DLH727,"48.32243,11.404068",5025,241,45
1784001490,2026-07-14T03:58:10Z,DLH727,"48.324112,11.406613",5000,242,48
1784001492,2026-07-14T03:58:12Z,DLH727,"48.325584,11.409205",4975,242,51
1784001494,2026-07-14T03:58:14Z,DLH727,"48.327168,11.412299",4950,242,54
1784001496,2026-07-14T03:58:16Z,DLH727,"48.328358,11.414918",4925,242,57
1784001498,2026-07-14T03:58:18Z,DLH727,"48.329613,11.41814",4925,242,60
1784001500,2026-07-14T03:58:20Z,DLH727,"48.330753,11.421193",4925,241,62
1784001502,2026-07-14T03:58:22Z,DLH727,"48.331749,11.424102",4925,240,65
1784001504,2026-07-14T03:58:24Z,DLH727,"48.332802,11.427458",4925,239,67
1784001506,2026-07-14T03:58:26Z,DLH727,"48.33363,11.430398",4925,237,70
1784001508,2026-07-14T03:58:28Z,DLH727,"48.334324,11.433801",4900,236,71
1784001511,2026-07-14T03:58:31Z,DLH727,"48.335018,11.43748",4900,234,73
1784001513,2026-07-14T03:58:33Z,DLH727,"48.335518,11.440514",4900,232,75
1784001515,2026-07-14T03:58:35Z,DLH727,"48.336246,11.444609",4900,229,76
1784001517,2026-07-14T03:58:37Z,DLH727,"48.336689,11.447687",4900,227,78
1784001520,2026-07-14T03:58:40Z,DLH727,"48.337193,11.451211",4900,226,79
1784001522,2026-07-14T03:58:42Z,DLH727,"48.337643,11.454844",4900,223,79
1784001524,2026-07-14T03:58:44Z,DLH727,"48.337967,11.457715",4900,222,80
1784001526,2026-07-14T03:58:46Z,DLH727,"48.338268,11.46098",4900,219,81
1784001528,2026-07-14T03:58:48Z,DLH727,"48.338741,11.46454",4925,217,81
1784001530,2026-07-14T03:58:50Z,DLH727,"48.339134,11.467277",4925,214,81
1784001533,2026-07-14T03:58:53Z,DLH727,"48.339462,11.470682",4925,212,81
1784001535,2026-07-14T03:58:55Z,DLH727,"48.339508,11.473739",4925,210,82
1784001537,2026-07-14T03:58:57Z,DLH727,"48.33984,11.477194",4900,207,82
1784001539,2026-07-14T03:58:59Z,DLH727,"48.340015,11.479733",4900,206,82
1784001541,2026-07-14T03:59:01Z,DLH727,"48.340336,11.482822",4900,204,82
1784001544,2026-07-14T03:59:04Z,DLH727,"48.340717,11.486268",4875,202,82
1784001550,2026-07-14T03:59:10Z,DLH727,"48.34145,11.495373",4825,202,82
1784001559,2026-07-14T03:59:19Z,DLH727,"48.342522,11.507332",4675,203,83
1784001565,2026-07-14T03:59:25Z,DLH727,"48.34301,11.516309",4550,203,83
1784001572,2026-07-14T03:59:32Z,DLH727,"48.343788,11.526367",4425,203,83
1784001580,2026-07-14T03:59:40Z,DLH727,"48.344467,11.537569",4275,202,83
1784001589,2026-07-14T03:59:49Z,DLH727,"48.345539,11.549716",4150,201,83
1784001597,2026-07-14T03:59:57Z,DLH727,"48.346462,11.561515",3975,200,83
1784001606,2026-07-14T04:00:06Z,DLH727,"48.347256,11.573002",3825,200,83
1784001614,2026-07-14T04:00:14Z,DLH727,"48.347813,11.584952",3700,199,83
1784001623,2026-07-14T04:00:23Z,DLH727,"48.349804,11.596872",3575,194,83
1784001629,2026-07-14T04:00:29Z,DLH727,"48.350155,11.604856",3450,190,83
1784001636,2026-07-14T04:00:36Z,DLH727,"48.350952,11.613974",3325,186,83
1784001645,2026-07-14T04:00:45Z,DLH727,"48.35128,11.624825",3175,179,82
1784001652,2026-07-14T04:00:52Z,DLH727,"48.352661,11.634441",3025,172,83
1784001661,2026-07-14T04:01:01Z,DLH727,"48.353081,11.644496",2950,163,83
1784001670,2026-07-14T04:01:10Z,DLH727,"48.353989,11.655156",2850,155,82
1784001679,2026-07-14T04:01:19Z,DLH727,"48.354694,11.663506",2725,148,82
1784001685,2026-07-14T04:01:25Z,DLH727,"48.355225,11.670439",2625,143,84
1784001694,2026-07-14T04:01:34Z,DLH727,"48.355865,11.678608",2525,141,83
1784001702,2026-07-14T04:01:42Z,DLH727,"48.35651,11.686996",2425,137,83
1784001710,2026-07-14T04:01:50Z,DLH727,"48.357147,11.694805",2325,137,82
1784001719,2026-07-14T04:01:59Z,DLH727,"48.357765,11.702608",2250,136,83
1784001727,2026-07-14T04:02:07Z,DLH727,"48.358372,11.710559",2150,134,83
1784001736,2026-07-14T04:02:16Z,DLH727,"48.358929,11.718365",2050,132,83
1784001745,2026-07-14T04:02:25Z,DLH727,"48.359573,11.726638",1925,133,83
1784001751,2026-07-14T04:02:31Z,DLH727,"48.360031,11.732271",1850,135,83
1784001760,2026-07-14T04:02:40Z,DLH727,"48.360653,11.740626",1750,136,83
1784001766,2026-07-14T04:02:46Z,DLH727,"48.361118,11.746625",1700,137,83
1784001775,2026-07-14T04:02:55Z,DLH727,"48.361771,11.754721",1600,140,82
1784001784,2026-07-14T04:03:04Z,DLH727,"48.362423,11.763249",1475,141,83
1784001792,2026-07-14T04:03:12Z,DLH727,"48.363121,11.772357",1375,142,83
1784001801,2026-07-14T04:03:21Z,DLH727,"48.363785,11.780725",1325,133,83
1784001812,2026-07-14T04:03:32Z,DLH727,"48.364422,11.789487",1325,106,83
1784001821,2026-07-14T04:03:41Z,DLH727,"48.364792,11.793823",0,76,81
1784001828,2026-07-14T04:03:48Z,DLH727,"48.365089,11.797573",0,41,84
1784001834,2026-07-14T04:03:54Z,DLH727,"48.365131,11.798738",0,26,90
1784001836,2026-07-14T04:03:56Z,DLH727,"48.365112,11.799088",0,25,92
1784001838,2026-07-14T04:03:58Z,DLH727,"48.365089,11.799316",0,25,95
1784001839,2026-07-14T04:03:59Z,DLH727,"48.36504,11.79966",0,25,98
1784001841,2026-07-14T04:04:01Z,DLH727,"48.364983,11.800021",0,24,101
1784001843,2026-07-14T04:04:03Z,DLH727,"48.364937,11.800256",0,24,104
1784001848,2026-07-14T04:04:08Z,DLH727,"48.36475,11.801087",0,25,109
1784001850,2026-07-14T04:04:10Z,DLH727,"48.364632,11.801521",0,25,112
1784001856,2026-07-14T04:04:16Z,DLH727,"48.364353,11.802479",0,23,112
1784001860,2026-07-14T04:04:20Z,DLH727,"48.364231,11.802891",0,22,115
1784001861,2026-07-14T04:04:21Z,DLH727,"48.364155,11.803147",0,21,112
1784001862,2026-07-14T04:04:22Z,DLH727,"48.364094,11.803366",0,21,112
1784001865,2026-07-14T04:04:25Z,DLH727,"48.363995,11.803689",0,21,115
1784001884,2026-07-14T04:04:44Z,DLH727,"48.363087,11.80569",0,0,149
1784001887,2026-07-14T04:04:47Z,DLH727,"48.362827,11.805749",0,16,165
1784001897,2026-07-14T04:04:57Z,DLH727,"48.36219,11.805821",0,11,174
1784001903,2026-07-14T04:05:03Z,DLH727,"48.361958,11.805676",0,10,196
1784001909,2026-07-14T04:05:09Z,DLH727,"48.361851,11.805285",0,9,236
1784001912,2026-07-14T04:05:12Z,DLH727,"48.361839,11.805074",0,9,250
1784001919,2026-07-14T04:05:19Z,DLH727,"48.361816,11.804633",0,11,261
1784001922,2026-07-14T04:05:22Z,DLH727,"48.361794,11.804339",0,13,261
1784001924,2026-07-14T04:05:24Z,DLH727,"48.361782,11.804123",0,14,261
1784001928,2026-07-14T04:05:28Z,DLH727,"48.361759,11.803788",0,15,264
1784001930,2026-07-14T04:05:30Z,DLH727,"48.361736,11.803524",0,15,264
1784001932,2026-07-14T04:05:32Z,DLH727,"48.361713,11.803243",0,16,264
1784001936,2026-07-14T04:05:36Z,DLH727,"48.361679,11.802785",0,17,264
1784001944,2026-07-14T04:05:44Z,DLH727,"48.361645,11.802275",0,18,264
1784001954,2026-07-14T04:05:54Z,DLH727,"48.361504,11.800401",0,19,264
1784001961,2026-07-14T04:06:01Z,DLH727,"48.361427,11.799422",0,20,264
1784001967,2026-07-14T04:06:07Z,DLH727,"48.361362,11.798648",0,20,264
1784001972,2026-07-14T04:06:12Z,DLH727,"48.361305,11.797961",0,21,264
1784001974,2026-07-14T04:06:14Z,DLH727,"48.361282,11.797618",0,21,264
1784001977,2026-07-14T04:06:17Z,DLH727,"48.361256,11.797169",0,21,264
1784001979,2026-07-14T04:06:19Z,DLH727,"48.361233,11.796931",0,19,264
1784001982,2026-07-14T04:06:22Z,DLH727,"48.361198,11.796447",0,17,264
1784001984,2026-07-14T04:06:24Z,DLH727,"48.361187,11.796235",0,15,264
1784001994,2026-07-14T04:06:34Z,DLH727,"48.361118,11.795395",0,12,264
1784001997,2026-07-14T04:06:37Z,DLH727,"48.361084,11.795109",0,12,258
1784002006,2026-07-14T04:06:46Z,DLH727,"48.360794,11.794817",0,11,219
1784002008,2026-07-14T04:06:48Z,DLH727,"48.360546,11.794835",0,10,191
1784002014,2026-07-14T04:06:54Z,DLH727,"48.360306,11.794897",0,9,177
1784002024,2026-07-14T04:07:04Z,DLH727,"48.359898,11.79498",0,9,174
1784002032,2026-07-14T04:07:12Z,DLH727,"48.359688,11.795016",0,9,174
1784002034,2026-07-14T04:07:14Z,DLH727,"48.359447,11.795055",0,10,174
1784002038,2026-07-14T04:07:18Z,DLH727,"48.359222,11.795088",0,12,174
1784002042,2026-07-14T04:07:22Z,DLH727,"48.359013,11.795124",0,12,174
1784002050,2026-07-14T04:07:30Z,DLH727,"48.358475,11.795215",0,14,174
1784002061,2026-07-14T04:07:41Z,DLH727,"48.358105,11.795287",0,15,174
1784002066,2026-07-14T04:07:46Z,DLH727,"48.357365,11.795425",0,16,174
1784002070,2026-07-14T04:07:50Z,DLH727,"48.357101,11.795467",0,16,174
1784002081,2026-07-14T04:08:01Z,DLH727,"48.356171,11.795612",0,18,174
1784002089,2026-07-14T04:08:09Z,DLH727,"48.355534,11.79572",0,19,174
1784002097,2026-07-14T04:08:17Z,DLH727,"48.354881,11.795848",0,15,174
1784002108,2026-07-14T04:08:28Z,DLH727,"48.354229,11.795954",0,10,174
1784002114,2026-07-14T04:08:34Z,DLH727,"48.354023,11.796077",0,10,160
1784002117,2026-07-14T04:08:37Z,DLH727,"48.353939,11.796335",0,10,135
1784002127,2026-07-14T04:08:47Z,DLH727,"48.354031,11.797004",0,10,84
1784002131,2026-07-14T04:08:51Z,DLH727,"48.354057,11.797292",0,8,84
1784002138,2026-07-14T04:08:58Z,DLH727,"48.354076,11.797527",0,4,84
1784002150,2026-07-14T04:09:10Z,DLH727,"48.354092,11.79775",0,1,84
