Timestamp,UTC,Callsign,Position,Altitude,Speed,Direction
1783940888,2026-07-13T11:08:08Z,SWR188,"47.452629,8.557839",0,0,275
1783941051,2026-07-13T11:10:51Z,SWR188,"47.452663,8.557268",0,7,275
1783941061,2026-07-13T11:11:01Z,SWR188,"47.452709,8.556642",0,11,275
1783941082,2026-07-13T11:11:22Z,SWR188,"47.453072,8.554811",0,15,298
1783941091,2026-07-13T11:11:31Z,SWR188,"47.453442,8.554089",0,15,312
1783941094,2026-07-13T11:11:34Z,SWR188,"47.453671,8.553938",0,15,331
1783941100,2026-07-13T11:11:40Z,SWR188,"47.453979,8.553766",0,15,334
1783941103,2026-07-13T11:11:43Z,SWR188,"47.454254,8.55356",0,16,334
1783941106,2026-07-13T11:11:46Z,SWR188,"47.454491,8.553402",0,16,334
1783941110,2026-07-13T11:11:50Z,SWR188,"47.454723,8.553234",0,17,334
1783941114,2026-07-13T11:11:54Z,SWR188,"47.455002,8.553033",0,18,334
1783941117,2026-07-13T11:11:57Z,SWR188,"47.455292,8.552839",0,17,334
1783941124,2026-07-13T11:12:04Z,SWR188,"47.455795,8.552486",0,17,334
1783941132,2026-07-13T11:12:12Z,SWR188,"47.456352,8.552099",0,16,334
1783941138,2026-07-13T11:12:18Z,SWR188,"47.456715,8.551844",0,13,334
1783941146,2026-07-13T11:12:26Z,SWR188,"47.457108,8.551571",0,13,334
1783941152,2026-07-13T11:12:32Z,SWR188,"47.457516,8.55129",0,15,334
1783941159,2026-07-13T11:12:39Z,SWR188,"47.457958,8.55099",0,15,334
1783941166,2026-07-13T11:12:46Z,SWR188,"47.458378,8.550691",0,15,334
1783941173,2026-07-13T11:12:53Z,SWR188,"47.458832,8.550367",0,14,334
1783941182,2026-07-13T11:13:02Z,SWR188,"47.459141,8.550161",0,12,334
1783941196,2026-07-13T11:13:16Z,SWR188,"47.459564,8.549881",0,1,334
1783941221,2026-07-13T11:13:41Z,SWR188,"47.460011,8.549561",0,10,334
1783941227,2026-07-13T11:13:47Z,SWR188,"47.46032,8.549353",0,12,334
1783941234,2026-07-13T11:13:54Z,SWR188,"47.460732,8.549063",0,14,334
1783941244,2026-07-13T11:14:04Z,SWR188,"47.461369,8.548631",0,16,334
1783941253,2026-07-13T11:14:13Z,SWR188,"47.462059,8.548153",0,16,334
1783941266,2026-07-13T11:14:26Z,SWR188,"47.462879,8.547575",0,15,334
1783941277,2026-07-13T11:14:37Z,SWR188,"47.463615,8.54768",0,15,14
1783941280,2026-07-13T11:14:40Z,SWR188,"47.463837,8.547804",0,15,19
1783941289,2026-07-13T11:14:49Z,SWR188,"47.464428,8.547947",0,15,19
1783941292,2026-07-13T11:14:52Z,SWR188,"47.464638,8.547821",0,15,348
1783941298,2026-07-13T11:14:58Z,SWR188,"47.465046,8.547557",0,15,334
1783941303,2026-07-13T11:15:03Z,SWR188,"47.465355,8.547329",0,15,334
1783941308,2026-07-13T11:15:08Z,SWR188,"47.465687,8.547099",0,15,334
1783941312,2026-07-13T11:15:12Z,SWR188,"47.465927,8.546934",0,15,334
1783941315,2026-07-13T11:15:15Z,SWR188,"47.466129,8.5468",0,15,334
1783941323,2026-07-13T11:15:23Z,SWR188,"47.466663,8.546448",0,16,334
1783941331,2026-07-13T11:15:31Z,SWR188,"47.46722,8.546061",0,0,334
1783941339,2026-07-13T11:15:39Z,SWR188,"47.467781,8.545355",0,19,312
1783941341,2026-07-13T11:15:41Z,SWR188,"47.467896,8.545127",0,19,306
1783941346,2026-07-13T11:15:46Z,SWR188,"47.468105,8.544652",0,20,303
1783941349,2026-07-13T11:15:49Z,SWR188,"47.468285,8.544273",0,19,306
1783941352,2026-07-13T11:15:52Z,SWR188,"47.468468,8.543982",0,18,312
1783941356,2026-07-13T11:15:56Z,SWR188,"47.468746,8.543701",0,18,326
1783941365,2026-07-13T11:16:05Z,SWR188,"47.46941,8.543226",0,17,334
1783941369,2026-07-13T11:16:09Z,SWR188,"47.469677,8.54305",0,17,334
1783941377,2026-07-13T11:16:17Z,SWR188,"47.470329,8.542609",0,18,334
1783941381,2026-07-13T11:16:21Z,SWR188,"47.470596,8.542419",0,18,334
1783941383,2026-07-13T11:16:23Z,SWR188,"47.470829,8.542275",0,18,334
1783941394,2026-07-13T11:16:34Z,SWR188,"47.471672,8.541681",0,0,334
1783941406,2026-07-13T11:16:46Z,SWR188,"47.472656,8.541007",0,20,334
1783941414,2026-07-13T11:16:54Z,SWR188,"47.473438,8.540462",0,20,334
1783941428,2026-07-13T11:17:08Z,SWR188,"47.474552,8.539704",0,17,334
1783941436,2026-07-13T11:17:16Z,SWR188,"47.475006,8.53937",0,14,334
1783941442,2026-07-13T11:17:22Z,SWR188,"47.4753,8.539176",0,11,334
1783941452,2026-07-13T11:17:32Z,SWR188,"47.47551,8.539036",0,3,334
1783941691,2026-07-13T11:21:31Z,SWR188,"47.475742,8.538877",0,5,334
1783941700,2026-07-13T11:21:40Z,SWR188,"47.476021,8.538683",0,8,334
1783941710,2026-07-13T11:21:50Z,SWR188,"47.476406,8.538437",0,10,334
1783941717,2026-07-13T11:21:57Z,SWR188,"47.476742,8.538208",0,10,334
1783941729,2026-07-13T11:22:09Z,SWR188,"47.477119,8.537733",0,10,312
1783941732,2026-07-13T11:22:12Z,SWR188,"47.477139,8.537521",0,9,298
1783941738,2026-07-13T11:22:18Z,SWR188,"47.477066,8.537187",0,8,267
1783941946,2026-07-13T11:25:46Z,SWR188,"47.476936,8.536926",0,0,247
1783941955,2026-07-13T11:25:55Z,SWR188,"47.476685,8.536686",0,8,219
1783941961,2026-07-13T11:26:01Z,SWR188,"47.476429,8.536571",0,10,205
1783941971,2026-07-13T11:26:11Z,SWR188,"47.475964,8.536306",0,12,202
1783941977,2026-07-13T11:26:17Z,SWR188,"47.475677,8.536068",0,10,208
1783941983,2026-07-13T11:26:23Z,SWR188,"47.47546,8.536007",0,10,194
1783941989,2026-07-13T11:26:29Z,SWR188,"47.47522,8.53624",0,9,160
1783942088,2026-07-13T11:28:08Z,SWR188,"47.475014,8.536428",0,0,151
1783942096,2026-07-13T11:28:16Z,SWR188,"47.474438,8.536835",0,27,154
1783942105,2026-07-13T11:28:25Z,SWR188,"47.472542,8.538137",0,60,154
1783942115,2026-07-13T11:28:35Z,SWR188,"47.469131,8.540497",1250,88,154
1783942126,2026-07-13T11:28:46Z,SWR188,"47.464096,8.54393",1250,124,155
1783942135,2026-07-13T11:28:55Z,SWR188,"47.458099,8.54805",1250,138,154
1783942146,2026-07-13T11:29:06Z,SWR188,"47.4505,8.553268",1250,172,155
1783942154,2026-07-13T11:29:14Z,SWR188,"47.444962,8.556908",1350,177,156
1783942161,2026-07-13T11:29:21Z,SWR188,"47.439606,8.560478",1500,178,155
1783942169,2026-07-13T11:29:29Z,SWR188,"47.433517,8.564617",1675,180,154
1783942178,2026-07-13T11:29:38Z,SWR188,"47.42728,8.569336",1900,178,152
1783942182,2026-07-13T11:29:42Z,SWR188,"47.424408,8.571739",2025,178,150
1783942184,2026-07-13T11:29:44Z,SWR188,"47.422897,8.573181",2075,177,146
1783942186,2026-07-13T11:29:46Z,SWR188,"47.421616,8.574554",2125,176,145
1783942188,2026-07-13T11:29:48Z,SWR188,"47.420105,8.576614",2175,176,138
1783942190,2026-07-13T11:29:50Z,SWR188,"47.419144,8.578194",2200,176,133
1783942192,2026-07-13T11:29:52Z,SWR188,"47.418091,8.580185",2250,175,128
1783942194,2026-07-13T11:29:54Z,SWR188,"47.417225,8.582224",2275,175,123
1783942196,2026-07-13T11:29:56Z,SWR188,"47.416435,8.584548",2325,175,117
1783942198,2026-07-13T11:29:58Z,SWR188,"47.415874,8.586731",2350,175,112
1783942201,2026-07-13T11:30:01Z,SWR188,"47.415436,8.589043",2375,176,107
1783942203,2026-07-13T11:30:03Z,SWR188,"47.415085,8.59152",2400,176,102
1783942205,2026-07-13T11:30:05Z,SWR188,"47.414886,8.593987",2425,176,97
1783942207,2026-07-13T11:30:07Z,SWR188,"47.414898,8.596943",2475,177,93
1783942209,2026-07-13T11:30:09Z,SWR188,"47.414978,8.599342",2500,178,88
1783942211,2026-07-13T11:30:11Z,SWR188,"47.415268,8.60145",2550,178,82
1783942213,2026-07-13T11:30:13Z,SWR188,"47.41571,8.604012",2575,179,77
1783942215,2026-07-13T11:30:15Z,SWR188,"47.416435,8.606802",2625,179,70
1783942217,2026-07-13T11:30:17Z,SWR188,"47.416946,8.608562",2650,179,65
1783942219,2026-07-13T11:30:19Z,SWR188,"47.418064,8.611238",2700,178,60
1783942221,2026-07-13T11:30:21Z,SWR188,"47.419006,8.613144",2750,178,56
1783942224,2026-07-13T11:30:24Z,SWR188,"47.420158,8.615183",2800,177,51
1783942226,2026-07-13T11:30:26Z,SWR188,"47.421432,8.617126",2825,177,47
1783942228,2026-07-13T11:30:28Z,SWR188,"47.422394,8.618423",2875,176,44
1783942230,2026-07-13T11:30:30Z,SWR188,"47.423649,8.620112",2925,176,42
1783942232,2026-07-13T11:30:32Z,SWR188,"47.424953,8.621873",2950,176,41
1783942234,2026-07-13T11:30:34Z,SWR188,"47.426163,8.623352",3000,176,41
1783942236,2026-07-13T11:30:36Z,SWR188,"47.427605,8.625254",3050,175,41
1783942238,2026-07-13T11:30:38Z,SWR188,"47.428848,8.626877",3100,175,41
1783942240,2026-07-13T11:30:40Z,SWR188,"47.429981,8.628352",3125,174,41
1783942242,2026-07-13T11:30:42Z,SWR188,"47.431236,8.629972",3175,174,41
1783942244,2026-07-13T11:30:44Z,SWR188,"47.432465,8.631546",3200,174,41
1783942246,2026-07-13T11:30:46Z,SWR188,"47.433659,8.633071",3250,174,40
1783942248,2026-07-13T11:30:48Z,SWR188,"47.434914,8.63462",3275,174,40
1783942250,2026-07-13T11:30:50Z,SWR188,"47.436172,8.636284",3325,175,40
1783942253,2026-07-13T11:30:53Z,SWR188,"47.437637,8.638069",3350,174,40
1783942255,2026-07-13T11:30:55Z,SWR188,"47.438919,8.639648",3400,174,40
1783942261,2026-07-13T11:31:01Z,SWR188,"47.442947,8.64473",3500,175,40
1783942269,2026-07-13T11:31:09Z,SWR188,"47.447994,8.65117",3625,177,40
1783942278,2026-07-13T11:31:18Z,SWR188,"47.453156,8.657776",3775,177,41
1783942284,2026-07-13T11:31:24Z,SWR188,"47.457047,8.662926",3850,178,41
1783942288,2026-07-13T11:31:28Z,SWR188,"47.459427,8.666359",3925,178,45
1783942290,2026-07-13T11:31:30Z,SWR188,"47.460571,8.668076",3950,178,48
1783942292,2026-07-13T11:31:32Z,SWR188,"47.461716,8.670547",3975,178,52
1783942294,2026-07-13T11:31:34Z,SWR188,"47.462723,8.672951",3975,179,57
1783942296,2026-07-13T11:31:36Z,SWR188,"47.46336,8.675185",4000,179,63
1783942298,2026-07-13T11:31:38Z,SWR188,"47.463917,8.67758",4000,181,69
1783942301,2026-07-13T11:31:41Z,SWR188,"47.464279,8.680298",4025,182,78
1783942303,2026-07-13T11:31:43Z,SWR188,"47.464474,8.68265",4050,183,80
1783942305,2026-07-13T11:31:45Z,SWR188,"47.4646,8.685173",4075,184,85
1783942307,2026-07-13T11:31:47Z,SWR188,"47.464615,8.688073",4100,184,87
1783942309,2026-07-13T11:31:49Z,SWR188,"47.464661,8.690608",4150,184,89
1783942311,2026-07-13T11:31:51Z,SWR188,"47.464645,8.693344",4200,184,89
1783942313,2026-07-13T11:31:53Z,SWR188,"47.464645,8.695816",4250,182,90
1783942315,2026-07-13T11:31:55Z,SWR188,"47.464615,8.698214",4300,182,90
1783942317,2026-07-13T11:31:57Z,SWR188,"47.464615,8.701242",4350,181,90
1783942319,2026-07-13T11:31:59Z,SWR188,"47.464615,8.703637",4375,181,90
1783942322,2026-07-13T11:32:02Z,SWR188,"47.4646,8.706116",4400,181,90
1783942324,2026-07-13T11:32:04Z,SWR188,"47.464554,8.708794",4425,181,90
1783942326,2026-07-13T11:32:06Z,SWR188,"47.464554,8.711266",4450,182,90
1783942328,2026-07-13T11:32:08Z,SWR188,"47.464523,8.713848",4450,184,90
1783942330,2026-07-13T11:32:10Z,SWR188,"47.464554,8.716347",4450,185,90
1783942332,2026-07-13T11:32:12Z,SWR188,"47.464554,8.718887",4475,186,89
1783942334,2026-07-13T11:32:14Z,SWR188,"47.464569,8.721736",4500,188,89
1783942342,2026-07-13T11:32:22Z,SWR188,"47.464691,8.732552",4550,193,89
1783942351,2026-07-13T11:32:31Z,SWR188,"47.464848,8.744413",4575,200,88
1783942359,2026-07-13T11:32:39Z,SWR188,"47.465126,8.75554",4625,207,88
1783942367,2026-07-13T11:32:47Z,SWR188,"47.465359,8.767583",4750,212,88
1783942374,2026-07-13T11:32:54Z,SWR188,"47.465546,8.77709",4800,215,88
1783942382,2026-07-13T11:33:02Z,SWR188,"47.465881,8.789886",4825,223,87
1783942391,2026-07-13T11:33:11Z,SWR188,"47.466198,8.802302",4875,230,87
1783942397,2026-07-13T11:33:17Z,SWR188,"47.466522,8.812232",4925,236,87
1783942403,2026-07-13T11:33:23Z,SWR188,"47.466385,8.823257",5000,240,91
1783942407,2026-07-13T11:33:27Z,SWR188,"47.465824,8.829416",5025,243,97
1783942409,2026-07-13T11:33:29Z,SWR188,"47.465313,8.833712",5050,244,99
1783942411,2026-07-13T11:33:31Z,SWR188,"47.464966,8.836304",5050,246,100
1783942414,2026-07-13T11:33:34Z,SWR188,"47.464417,8.840424",5075,247,101
1783942416,2026-07-13T11:33:36Z,SWR188,"47.463959,8.843857",5100,250,101
1783942418,2026-07-13T11:33:38Z,SWR188,"47.463455,8.847359",5100,251,101
1783942420,2026-07-13T11:33:40Z,SWR188,"47.463032,8.850473",5125,254,101
1783942422,2026-07-13T11:33:42Z,SWR188,"47.462585,8.853745",5150,254,101
1783942424,2026-07-13T11:33:44Z,SWR188,"47.462036,8.857864",5175,256,101
1783942426,2026-07-13T11:33:46Z,SWR188,"47.461544,8.861248",5200,257,101
1783942428,2026-07-13T11:33:48Z,SWR188,"47.461029,8.864981",5225,259,101
1783942430,2026-07-13T11:33:50Z,SWR188,"47.460564,8.868432",5250,260,101
1783942432,2026-07-13T11:33:52Z,SWR188,"47.460022,8.872009",5275,262,101
1783942447,2026-07-13T11:34:07Z,SWR188,"47.456406,8.897209",5500,267,102
1783942461,2026-07-13T11:34:21Z,SWR188,"47.452652,8.922871",5825,270,102
1783942476,2026-07-13T11:34:36Z,SWR188,"47.448742,8.949843",6200,269,101
1783942488,2026-07-13T11:34:48Z,SWR188,"47.445557,8.971916",6450,272,102
1783942501,2026-07-13T11:35:01Z,SWR188,"47.442131,8.995549",6700,275,101
1783942515,2026-07-13T11:35:15Z,SWR188,"47.438267,9.022593",7025,278,102
1783942528,2026-07-13T11:35:28Z,SWR188,"47.434963,9.045622",7150,284,102
1783942542,2026-07-13T11:35:42Z,SWR188,"47.430912,9.07365",7300,294,102
1783942555,2026-07-13T11:35:55Z,SWR188,"47.427235,9.099145",7475,304,102
1783942569,2026-07-13T11:36:09Z,SWR188,"47.42281,9.129568",7650,314,102
1783942582,2026-07-13T11:36:22Z,SWR188,"47.418961,9.156143",7875,322,102
1783942595,2026-07-13T11:36:35Z,SWR188,"47.415085,9.183232",8175,325,101
1783942603,2026-07-13T11:36:43Z,SWR188,"47.413502,9.202247",8375,329,93
1783942605,2026-07-13T11:36:45Z,SWR188,"47.413502,9.205698",8425,330,91
1783942607,2026-07-13T11:36:47Z,SWR188,"47.413742,9.211006",8475,330,86
1783942609,2026-07-13T11:36:49Z,SWR188,"47.414154,9.21595",8525,331,83
1783942611,2026-07-13T11:36:51Z,SWR188,"47.414612,9.220001",8600,331,80
1783942613,2026-07-13T11:36:53Z,SWR188,"47.415298,9.22467",8650,330,78
1783942615,2026-07-13T11:36:55Z,SWR188,"47.415985,9.229271",8725,330,77
1783942617,2026-07-13T11:36:57Z,SWR188,"47.416759,9.233868",8775,330,76
1783942619,2026-07-13T11:36:59Z,SWR188,"47.417458,9.238023",8850,330,76
1783942622,2026-07-13T11:37:02Z,SWR188,"47.418434,9.243657",8925,330,76
1783942624,2026-07-13T11:37:04Z,SWR188,"47.419144,9.247879",8975,332,76
1783942626,2026-07-13T11:37:06Z,SWR188,"47.420013,9.253235",9025,331,76
1783942628,2026-07-13T11:37:08Z,SWR188,"47.420715,9.257461",9100,332,76
1783942630,2026-07-13T11:37:10Z,SWR188,"47.421432,9.261887",9150,332,76
1783942632,2026-07-13T11:37:12Z,SWR188,"47.422161,9.266475",9200,334,76
1783942634,2026-07-13T11:37:14Z,SWR188,"47.422897,9.271088",9225,333,76
1783942636,2026-07-13T11:37:16Z,SWR188,"47.423584,9.275482",9275,334,76
1783942651,2026-07-13T11:37:31Z,SWR188,"47.428528,9.30748",9650,337,77
1783942665,2026-07-13T11:37:45Z,SWR188,"47.433609,9.340782",10050,340,77
1783942680,2026-07-13T11:38:00Z,SWR188,"47.438553,9.373741",10300,346,77
1783942694,2026-07-13T11:38:14Z,SWR188,"47.443619,9.407537",10475,356,77
1783942708,2026-07-13T11:38:28Z,SWR188,"47.448715,9.441513",10625,366,77
1783942721,2026-07-13T11:38:41Z,SWR188,"47.453396,9.47282",10775,374,77
1783942736,2026-07-13T11:38:56Z,SWR188,"47.458889,9.509371",10925,384,77
1783942748,2026-07-13T11:39:08Z,SWR188,"47.463871,9.542612",11050,392,77
1783942763,2026-07-13T11:39:23Z,SWR188,"47.466805,9.581487",11250,400,89
1783942765,2026-07-13T11:39:25Z,SWR188,"47.466572,9.586909",11275,400,92
1783942767,2026-07-13T11:39:27Z,SWR188,"47.466198,9.592192",11325,401,95
1783942769,2026-07-13T11:39:29Z,SWR188,"47.465515,9.598824",11350,401,97
1783942771,2026-07-13T11:39:31Z,SWR188,"47.464966,9.603149",11400,401,99
1783942773,2026-07-13T11:39:33Z,SWR188,"47.463963,9.609727",11450,402,102
1783942775,2026-07-13T11:39:35Z,SWR188,"47.463127,9.614939",11500,401,103
1783942777,2026-07-13T11:39:37Z,SWR188,"47.462009,9.621558",11550,402,103
1783942779,2026-07-13T11:39:39Z,SWR188,"47.461075,9.626907",11625,402,104
1783942781,2026-07-13T11:39:41Z,SWR188,"47.460251,9.631371",11650,402,104
1783942784,2026-07-13T11:39:44Z,SWR188,"47.459244,9.637138",11725,403,104
1783942786,2026-07-13T11:39:46Z,SWR188,"47.458099,9.643743",11775,404,104
1783942788,2026-07-13T11:39:48Z,SWR188,"47.457138,9.649086",11825,403,104
1783942790,2026-07-13T11:39:50Z,SWR188,"47.456375,9.653602",11875,403,104
1783942792,2026-07-13T11:39:52Z,SWR188,"47.455353,9.659386",11925,403,104
1783942794,2026-07-13T11:39:54Z,SWR188,"47.454422,9.6648",11975,404,104
1783942809,2026-07-13T11:40:09Z,SWR188,"47.447762,9.704871",12300,408,103
1783942840,2026-07-13T11:40:40Z,SWR188,"47.433838,9.791428",13000,414,103
1783942871,2026-07-13T11:41:11Z,SWR188,"47.41988,9.877625",13800,418,103
1783942903,2026-07-13T11:41:43Z,SWR188,"47.40596,9.963295",14600,419,103
1783942934,2026-07-13T11:42:14Z,SWR188,"47.391529,10.051223",15250,428,103
1783942966,2026-07-13T11:42:46Z,SWR188,"47.376537,10.142212",15875,434,103
1783942997,2026-07-13T11:43:17Z,SWR188,"47.36174,10.231842",16650,437,103
1783943029,2026-07-13T11:43:49Z,SWR188,"47.346359,10.325844",17300,444,103
1783943060,2026-07-13T11:44:20Z,SWR188,"47.331116,10.418541",17925,451,103
1783943092,2026-07-13T11:44:52Z,SWR188,"47.315742,10.511099",18825,450,103
1783943123,2026-07-13T11:45:23Z,SWR188,"47.300053,10.605117",19475,456,103
1783943155,2026-07-13T11:45:55Z,SWR188,"47.283875,10.701714",20175,458,103
1783943186,2026-07-13T11:46:26Z,SWR188,"47.267746,10.797095",20825,464,103
1783943218,2026-07-13T11:46:58Z,SWR188,"47.251328,10.893768",21525,464,104
1783943250,2026-07-13T11:47:30Z,SWR188,"47.234509,10.992244",22150,469,104
1783943281,2026-07-13T11:48:01Z,SWR188,"47.217842,11.089431",22650,473,104
1783943313,2026-07-13T11:48:33Z,SWR188,"47.200897,11.187532",23175,477,104
1783943345,2026-07-13T11:49:05Z,SWR188,"47.183212,11.289207",23700,480,104
1783943376,2026-07-13T11:49:36Z,SWR188,"47.165798,11.389019",24075,488,104
1783943408,2026-07-13T11:50:08Z,SWR188,"47.148014,11.490291",24525,490,104
1783943439,2026-07-13T11:50:39Z,SWR188,"47.130112,11.591675",25000,493,104
1783943471,2026-07-13T11:51:11Z,SWR188,"47.111935,11.694101",25625,491,104
1783943502,2026-07-13T11:51:42Z,SWR188,"47.093315,11.796499",25925,498,106
1783943533,2026-07-13T11:52:13Z,SWR188,"47.069153,11.89594",26250,502,110
1783943565,2026-07-13T11:52:45Z,SWR188,"47.041965,11.993972",26800,500,112
1783943596,2026-07-13T11:53:16Z,SWR188,"47.014549,12.092708",27275,502,111
1783943628,2026-07-13T11:53:48Z,SWR188,"46.98764,12.192007",27725,501,111
1783943660,2026-07-13T11:54:20Z,SWR188,"46.96027,12.293631",28150,502,111
1783943691,2026-07-13T11:54:51Z,SWR188,"46.934151,12.390395",28650,502,111
1783943722,2026-07-13T11:55:22Z,SWR188,"46.907364,12.489052",29050,502,111
1783943753,2026-07-13T11:55:53Z,SWR188,"46.88063,12.587242",29525,501,111
1783943784,2026-07-13T11:56:24Z,SWR188,"46.853897,12.684952",30025,500,111
1783943816,2026-07-13T11:56:56Z,SWR188,"46.826897,12.783211",30450,499,111
1783943848,2026-07-13T11:57:28Z,SWR188,"46.799709,12.881744",30850,498,111
1783943879,2026-07-13T11:57:59Z,SWR188,"46.772289,12.98069",31000,503,111
1783943910,2026-07-13T11:58:30Z,SWR188,"46.744904,13.079157",31000,506,112
1783943942,2026-07-13T11:59:02Z,SWR188,"46.716888,13.179507",31000,506,112
1783943973,2026-07-13T11:59:33Z,SWR188,"46.689697,13.276442",31000,504,112
1783944004,2026-07-13T12:00:04Z,SWR188,"46.662193,13.374207",31000,504,112
1783944036,2026-07-13T12:00:36Z,SWR188,"46.634262,13.473015",31000,504,112
1783944067,2026-07-13T12:01:07Z,SWR188,"46.606659,13.570259",31000,504,112
1783944098,2026-07-13T12:01:38Z,SWR188,"46.579006,13.667198",31000,504,112
1783944129,2026-07-13T12:02:09Z,SWR188,"46.55127,13.76406",31000,504,112
1783944161,2026-07-13T12:02:41Z,SWR188,"46.522842,13.862937",31000,504,112
1783944192,2026-07-13T12:03:12Z,SWR188,"46.49501,13.959202",31125,509,112
1783944223,2026-07-13T12:03:43Z,SWR188,"46.466629,14.057281",31425,509,112
1783944254,2026-07-13T12:04:14Z,SWR188,"46.438091,14.155403",31650,511,112
1783944285,2026-07-13T12:04:45Z,SWR188,"46.409454,14.253488",32025,511,112
1783944317,2026-07-13T12:05:17Z,SWR188,"46.380554,14.35199",32375,510,113
1783944348,2026-07-13T12:05:48Z,SWR188,"46.351776,14.449902",32700,509,113
1783944379,2026-07-13T12:06:19Z,SWR188,"46.323063,14.546997",33000,509,113
1783944410,2026-07-13T12:06:50Z,SWR188,"46.293732,14.645943",33000,512,113
1783944441,2026-07-13T12:07:21Z,SWR188,"46.265121,14.742044",33000,512,113
1783944472,2026-07-13T12:07:52Z,SWR188,"46.235733,14.840319",33000,511,113
1783944504,2026-07-13T12:08:24Z,SWR188,"46.206665,14.937119",33000,510,113
1783944535,2026-07-13T12:08:55Z,SWR188,"46.177185,15.03479",33000,509,113
1783944566,2026-07-13T12:09:26Z,SWR188,"46.148212,15.130577",33000,508,113
1783944599,2026-07-13T12:09:59Z,SWR188,"46.117302,15.232407",33000,507,113
1783944629,2026-07-13T12:10:29Z,SWR188,"46.088436,15.327026",33000,507,113
1783944661,2026-07-13T12:11:01Z,SWR188,"46.058784,15.423981",33000,509,113
1783944692,2026-07-13T12:11:32Z,SWR188,"46.03006,15.518944",33000,510,111
1783944722,2026-07-13T12:12:02Z,SWR188,"46.006119,15.618339",33000,506,108
1783944753,2026-07-13T12:12:33Z,SWR188,"45.983044,15.716766",33000,505,108
1783944784,2026-07-13T12:13:04Z,SWR188,"45.960186,15.813309",33000,505,108
1783944815,2026-07-13T12:13:35Z,SWR188,"45.937374,15.910538",33000,506,108
1783944846,2026-07-13T12:14:06Z,SWR188,"45.914005,16.008865",33000,505,108
1783944877,2026-07-13T12:14:37Z,SWR188,"45.890545,16.106506",33000,503,109
1783944908,2026-07-13T12:15:08Z,SWR188,"45.867035,16.204147",33000,501,109
1783944939,2026-07-13T12:15:39Z,SWR188,"45.843246,16.302103",33000,500,109
1783944971,2026-07-13T12:16:11Z,SWR188,"45.819134,16.401352",33000,498,109
1783945002,2026-07-13T12:16:42Z,SWR188,"45.795719,16.496933",33000,496,109
1783945033,2026-07-13T12:17:13Z,SWR188,"45.77211,16.593241",33000,498,109
1783945064,2026-07-13T12:17:44Z,SWR188,"45.748608,16.68837",33000,497,109
1783945097,2026-07-13T12:18:17Z,SWR188,"45.723129,16.791128",33000,497,109
1783945128,2026-07-13T12:18:48Z,SWR188,"45.699417,16.886522",33000,496,109
1783945159,2026-07-13T12:19:19Z,SWR188,"45.675339,16.98292",33000,494,109
1783945191,2026-07-13T12:19:51Z,SWR188,"45.650757,17.080927",33000,494,109
1783945222,2026-07-13T12:20:22Z,SWR188,"45.626724,17.176455",33000,494,109
1783945253,2026-07-13T12:20:53Z,SWR188,"45.602619,17.271469",33000,494,109
1783945284,2026-07-13T12:21:24Z,SWR188,"45.578506,17.366501",33000,494,109
1783945316,2026-07-13T12:21:56Z,SWR188,"45.553848,17.463171",33000,494,110
1783945347,2026-07-13T12:22:27Z,SWR188,"45.529633,17.557526",33000,516,110
1783945378,2026-07-13T12:22:58Z,SWR188,"45.504822,17.654049",33000,493,110
1783945410,2026-07-13T12:23:30Z,SWR188,"45.479965,17.750309",33000,493,110
1783945442,2026-07-13T12:24:02Z,SWR188,"45.45491,17.846888",33000,492,110
1783945474,2026-07-13T12:24:34Z,SWR188,"45.429771,17.943287",33000,493,110
1783945505,2026-07-13T12:25:05Z,SWR188,"45.404938,18.038242",33000,494,110
1783945537,2026-07-13T12:25:37Z,SWR188,"45.379807,18.133915",33000,494,110
1783945568,2026-07-13T12:26:08Z,SWR188,"45.354446,18.230373",33000,492,110
1783945600,2026-07-13T12:26:40Z,SWR188,"45.328983,18.326401",33000,488,110
1783945631,2026-07-13T12:27:11Z,SWR188,"45.304184,18.419626",33000,484,110
1783945663,2026-07-13T12:27:43Z,SWR188,"45.279327,18.512943",33000,484,110
1783945694,2026-07-13T12:28:14Z,SWR188,"45.254547,18.605213",33000,484,110
1783945725,2026-07-13T12:28:45Z,SWR188,"45.229317,18.698997",33000,485,110
1783945758,2026-07-13T12:29:18Z,SWR188,"45.203804,18.793722",33000,486,110
1783945789,2026-07-13T12:29:49Z,SWR188,"45.178391,18.887264",33000,484,111
1783945821,2026-07-13T12:30:21Z,SWR188,"45.152618,18.982021",33000,483,111
1783945853,2026-07-13T12:30:53Z,SWR188,"45.125832,19.072802",33000,483,115
1783945884,2026-07-13T12:31:24Z,SWR188,"45.09201,19.159567",33000,485,120
1783945915,2026-07-13T12:31:55Z,SWR188,"45.055954,19.245434",33000,483,120
1783945947,2026-07-13T12:32:27Z,SWR188,"45.020481,19.331316",33000,485,120
1783945978,2026-07-13T12:32:58Z,SWR188,"44.985195,19.41713",33000,486,120
1783946010,2026-07-13T12:33:30Z,SWR188,"44.949783,19.503218",33000,486,120
1783946042,2026-07-13T12:34:02Z,SWR188,"44.912899,19.592642",33000,488,120
1783946074,2026-07-13T12:34:34Z,SWR188,"44.876816,19.679783",33000,489,120
1783946106,2026-07-13T12:35:06Z,SWR188,"44.840057,19.768263",33000,490,120
1783946138,2026-07-13T12:35:38Z,SWR188,"44.803501,19.856113",33000,491,120
1783946169,2026-07-13T12:36:09Z,SWR188,"44.767612,19.941994",33000,490,120
1783946201,2026-07-13T12:36:41Z,SWR188,"44.731659,20.027815",33000,490,120
1783946233,2026-07-13T12:37:13Z,SWR188,"44.694901,20.115313",33000,490,120
1783946264,2026-07-13T12:37:44Z,SWR188,"44.658817,20.200844",33000,489,120
1783946295,2026-07-13T12:38:15Z,SWR188,"44.622742,20.286121",33000,490,120
1783946327,2026-07-13T12:38:47Z,SWR188,"44.586105,20.372604",33000,491,120
1783946359,2026-07-13T12:39:19Z,SWR188,"44.549332,20.459028",33000,492,120
1783946391,2026-07-13T12:39:51Z,SWR188,"44.511749,20.547115",33000,493,120
1783946422,2026-07-13T12:40:22Z,SWR188,"44.474892,20.633263",33000,492,120
1783946454,2026-07-13T12:40:54Z,SWR188,"44.438004,20.719168",33000,491,121
1783946485,2026-07-13T12:41:25Z,SWR188,"44.401104,20.80489",33000,490,121
1783946517,2026-07-13T12:41:57Z,SWR188,"44.36412,20.890568",33000,489,121
1783946549,2026-07-13T12:42:29Z,SWR188,"44.327316,20.975515",33000,488,121
1783946580,2026-07-13T12:43:00Z,SWR188,"44.290962,21.059116",33000,488,121
1783946611,2026-07-13T12:43:31Z,SWR188,"44.253983,21.144104",33000,489,121
1783946643,2026-07-13T12:44:03Z,SWR188,"44.216766,21.229183",33000,491,121
1783946675,2026-07-13T12:44:35Z,SWR188,"44.17947,21.314327",33000,493,121
1783946707,2026-07-13T12:45:07Z,SWR188,"44.141205,21.401367",33000,494,121
1783946737,2026-07-13T12:45:37Z,SWR188,"44.105118,21.483191",33000,495,121
1783946769,2026-07-13T12:46:09Z,SWR188,"44.066952,21.569498",33000,496,121
1783946800,2026-07-13T12:46:40Z,SWR188,"44.028732,21.655558",33000,497,121
1783946832,2026-07-13T12:47:12Z,SWR188,"43.99054,21.741497",33000,498,121
1783946863,2026-07-13T12:47:43Z,SWR188,"43.952808,21.826107",33000,500,121
1783946895,2026-07-13T12:48:15Z,SWR188,"43.914597,21.91153",33000,501,121
1783946926,2026-07-13T12:48:46Z,SWR188,"43.876091,21.997244",33000,502,121
1783946957,2026-07-13T12:49:17Z,SWR188,"43.837784,22.082329",33000,502,121
1783946988,2026-07-13T12:49:48Z,SWR188,"43.799149,22.167919",33000,502,121
1783947020,2026-07-13T12:50:20Z,SWR188,"43.761017,22.252998",33000,503,120
1783947051,2026-07-13T12:50:51Z,SWR188,"43.72728,22.342422",33000,498,114
1783947083,2026-07-13T12:51:23Z,SWR188,"43.701416,22.435232",33000,494,108
1783947115,2026-07-13T12:51:55Z,SWR188,"43.682713,22.531193",33000,489,102
1783947146,2026-07-13T12:52:26Z,SWR188,"43.671539,22.627258",33000,483,96
1783947178,2026-07-13T12:52:58Z,SWR188,"43.664886,22.725092",33000,481,95
1783947210,2026-07-13T12:53:30Z,SWR188,"43.6577,22.823523",33000,482,95
1783947242,2026-07-13T12:54:02Z,SWR188,"43.650822,22.919115",33000,484,95
1783947273,2026-07-13T12:54:33Z,SWR188,"43.643738,23.016869",33000,487,95
1783947304,2026-07-13T12:55:04Z,SWR188,"43.636623,23.113338",33000,488,95
1783947336,2026-07-13T12:55:36Z,SWR188,"43.628769,23.209831",33000,489,97
1783947367,2026-07-13T12:56:07Z,SWR188,"43.619865,23.307821",33000,488,97
1783947399,2026-07-13T12:56:39Z,SWR188,"43.611115,23.404802",33000,488,97
1783947430,2026-07-13T12:57:10Z,SWR188,"43.602585,23.500841",33000,487,97
1783947461,2026-07-13T12:57:41Z,SWR188,"43.598007,23.597355",33000,477,89
1783947466,2026-07-13T12:57:46Z,SWR188,"43.598312,23.609619",33000,476,87
1783947470,2026-07-13T12:57:50Z,SWR188,"43.598877,23.623926",33000,475,86
1783947503,2026-07-13T12:58:23Z,SWR188,"43.602905,23.722101",33000,475,86
1783947534,2026-07-13T12:58:54Z,SWR188,"43.607391,23.818033",33000,477,86
1783947566,2026-07-13T12:59:26Z,SWR188,"43.612244,23.912062",33000,478,85
1783947598,2026-07-13T12:59:58Z,SWR188,"43.618469,24.009918",33000,482,85
1783947629,2026-07-13T13:00:29Z,SWR188,"43.624466,24.106688",33000,483,84
1783947661,2026-07-13T13:01:01Z,SWR188,"43.631195,24.205309",33000,485,84
1783947693,2026-07-13T13:01:33Z,SWR188,"43.638245,24.301119",33000,488,84
1783947724,2026-07-13T13:02:04Z,SWR188,"43.645935,24.397366",33000,491,83
1783947755,2026-07-13T13:02:35Z,SWR188,"43.654266,24.496254",33000,492,83
1783947787,2026-07-13T13:03:07Z,SWR188,"43.662926,24.595381",33000,495,83
1783947818,2026-07-13T13:03:38Z,SWR188,"43.671616,24.69305",33000,494,82
1783947850,2026-07-13T13:04:10Z,SWR188,"43.680679,24.793652",33000,496,83
1783947882,2026-07-13T13:04:42Z,SWR188,"43.688808,24.893778",33000,497,86
1783947914,2026-07-13T13:05:14Z,SWR188,"43.687508,24.996447",33000,499,94
1783947921,2026-07-13T13:05:21Z,SWR188,"43.685551,25.017765",33000,499,98
1783947927,2026-07-13T13:05:27Z,SWR188,"43.68327,25.035749",33000,500,100
1783947929,2026-07-13T13:05:29Z,SWR188,"43.682293,25.042551",33025,500,101
1783947931,2026-07-13T13:05:31Z,SWR188,"43.681316,25.049089",33000,500,101
1783947934,2026-07-13T13:05:34Z,SWR188,"43.680084,25.057196",33000,500,101
1783947936,2026-07-13T13:05:36Z,SWR188,"43.679081,25.063477",33000,500,101
1783947968,2026-07-13T13:06:08Z,SWR188,"43.664417,25.162746",33000,502,101
1783948000,2026-07-13T13:06:40Z,SWR188,"43.649754,25.264109",33000,504,101
1783948031,2026-07-13T13:07:11Z,SWR188,"43.635601,25.361677",33000,502,101
1783948063,2026-07-13T13:07:43Z,SWR188,"43.620804,25.462349",33000,506,101
1783948093,2026-07-13T13:08:13Z,SWR188,"43.606831,25.556423",33000,510,101
1783948124,2026-07-13T13:08:44Z,SWR188,"43.591747,25.658438",33000,508,101
1783948156,2026-07-13T13:09:16Z,SWR188,"43.576859,25.758469",33000,507,101
1783948188,2026-07-13T13:09:48Z,SWR188,"43.561615,25.8599",33000,505,101
1783948220,2026-07-13T13:10:20Z,SWR188,"43.546314,25.960955",33000,507,101
1783948252,2026-07-13T13:10:52Z,SWR188,"43.531368,26.059048",33000,508,101
1783948283,2026-07-13T13:11:23Z,SWR188,"43.516068,26.158831",33000,507,101
1783948314,2026-07-13T13:11:54Z,SWR188,"43.50087,26.257387",33000,509,101
1783948346,2026-07-13T13:12:26Z,SWR188,"43.48547,26.35692",33000,510,101
1783948378,2026-07-13T13:12:58Z,SWR188,"43.46978,26.457367",33000,511,102
1783948408,2026-07-13T13:13:28Z,SWR188,"43.45512,26.551096",33000,512,102
1783948439,2026-07-13T13:13:59Z,SWR188,"43.439182,26.651608",33000,512,102
1783948471,2026-07-13T13:14:31Z,SWR188,"43.4231,26.752142",33000,510,102
1783948503,2026-07-13T13:15:03Z,SWR188,"43.406738,26.854277",33000,510,102
1783948535,2026-07-13T13:15:35Z,SWR188,"43.3908,26.954517",33000,508,102
1783948566,2026-07-13T13:16:06Z,SWR188,"43.374645,27.053089",33000,510,102
1783948598,2026-07-13T13:16:38Z,SWR188,"43.358162,27.153418",33000,512,102
1783948630,2026-07-13T13:17:10Z,SWR188,"43.341591,27.254007",33000,508,102
1783948661,2026-07-13T13:17:41Z,SWR188,"43.325077,27.353914",33000,508,103
1783948678,2026-07-13T13:17:58Z,SWR188,"43.316124,27.40827",32975,510,102
1783948681,2026-07-13T13:18:01Z,SWR188,"43.315086,27.414164",32975,510,103
1783948683,2026-07-13T13:18:03Z,SWR188,"43.313984,27.421",32975,510,102
1783948685,2026-07-13T13:18:05Z,SWR188,"43.312958,27.427238",33000,510,102
1783948687,2026-07-13T13:18:07Z,SWR188,"43.311817,27.433926",33000,510,102
1783948718,2026-07-13T13:18:38Z,SWR188,"43.295292,27.533802",33025,512,103
1783948750,2026-07-13T13:19:10Z,SWR188,"43.278526,27.634249",33025,512,102
1783948781,2026-07-13T13:19:41Z,SWR188,"43.261738,27.734411",33000,514,102
1783948813,2026-07-13T13:20:13Z,SWR188,"43.24511,27.834188",32975,512,102
1783948844,2026-07-13T13:20:44Z,SWR188,"43.228523,27.932703",33000,510,102
1783948857,2026-07-13T13:20:57Z,SWR188,"43.221508,27.973814",33000,512,102
1783948859,2026-07-13T13:20:59Z,SWR188,"43.220348,27.980177",33000,512,103
1783948861,2026-07-13T13:21:01Z,SWR188,"43.219227,27.986868",33000,512,102
1783948863,2026-07-13T13:21:03Z,SWR188,"43.218136,27.993408",33000,512,102
1783948866,2026-07-13T13:21:06Z,SWR188,"43.216877,28.000416",33000,512,103
1783948868,2026-07-13T13:21:08Z,SWR188,"43.215809,28.006945",33000,512,102
1783948870,2026-07-13T13:21:10Z,SWR188,"43.214794,28.013269",33000,512,102
1783948872,2026-07-13T13:21:12Z,SWR188,"43.213577,28.019957",33000,512,103
1783948874,2026-07-13T13:21:14Z,SWR188,"43.212608,28.026501",33000,512,102
1783948876,2026-07-13T13:21:16Z,SWR188,"43.211216,28.033113",33000,512,104
1783948878,2026-07-13T13:21:18Z,SWR188,"43.210121,28.039612",33000,512,103
1783948880,2026-07-13T13:21:20Z,SWR188,"43.209103,28.046019",33000,512,102
1783948882,2026-07-13T13:21:22Z,SWR188,"43.208107,28.052624",33000,512,102
1783948884,2026-07-13T13:21:24Z,SWR188,"43.206772,28.059481",33000,512,104
1783948887,2026-07-13T13:21:27Z,SWR188,"43.205505,28.066433",33000,512,104
1783948889,2026-07-13T13:21:29Z,SWR188,"43.204185,28.074364",33000,512,103
1783948891,2026-07-13T13:21:31Z,SWR188,"43.20306,28.08082",33000,514,103
1783948893,2026-07-13T13:21:33Z,SWR188,"43.202045,28.087194",33000,514,102
1783948895,2026-07-13T13:21:35Z,SWR188,"43.20084,28.093929",33000,514,103
1783948897,2026-07-13T13:21:37Z,SWR188,"43.19973,28.10025",33000,514,103
1783948899,2026-07-13T13:21:39Z,SWR188,"43.198547,28.106817",33000,514,103
1783948901,2026-07-13T13:21:41Z,SWR188,"43.197262,28.114435",33000,514,103
1783948932,2026-07-13T13:22:12Z,SWR188,"43.180332,28.212921",33000,516,103
1783948964,2026-07-13T13:22:44Z,SWR188,"43.162636,28.313789",33000,522,103
1783948995,2026-07-13T13:23:15Z,SWR188,"43.145039,28.414915",33000,522,103
1783949027,2026-07-13T13:23:47Z,SWR188,"43.127312,28.516104",33000,520,103
1783949044,2026-07-13T13:24:04Z,SWR188,"43.118408,28.569162",33000,516,85
1783949046,2026-07-13T13:24:06Z,SWR188,"43.117458,28.575377",33000,516,103
1783949048,2026-07-13T13:24:08Z,SWR188,"43.116142,28.582041",33000,516,104
1783949050,2026-07-13T13:24:10Z,SWR188,"43.115086,28.588316",33000,516,103
1783949052,2026-07-13T13:24:12Z,SWR188,"43.113964,28.594879",33000,516,103
1783949054,2026-07-13T13:24:14Z,SWR188,"43.112907,28.601225",33000,516,103
1783949056,2026-07-13T13:24:16Z,SWR188,"43.111496,28.608309",33025,516,104
1783949058,2026-07-13T13:24:18Z,SWR188,"43.109783,28.616234",33000,516,105
1783949060,2026-07-13T13:24:20Z,SWR188,"43.108498,28.622879",33000,516,105
1783949062,2026-07-13T13:24:22Z,SWR188,"43.107292,28.629274",33000,516,104
1783949065,2026-07-13T13:24:25Z,SWR188,"43.106182,28.636009",33000,516,103
1783949067,2026-07-13T13:24:27Z,SWR188,"43.104897,28.643307",33000,514,103
1783949069,2026-07-13T13:24:29Z,SWR188,"43.103691,28.649925",33000,514,103
1783949071,2026-07-13T13:24:31Z,SWR188,"43.1026,28.65637",33000,514,103
1783949073,2026-07-13T13:24:33Z,SWR188,"43.101295,28.663088",33000,514,104
1783949105,2026-07-13T13:25:05Z,SWR188,"43.083553,28.762964",33000,512,103
1783949136,2026-07-13T13:25:36Z,SWR188,"43.065777,28.861864",33000,512,103
1783949168,2026-07-13T13:26:08Z,SWR188,"43.04768,28.962063",33000,514,103
1783949172,2026-07-13T13:26:12Z,SWR188,"43.045261,28.975233",33000,514,105
1783949174,2026-07-13T13:26:14Z,SWR188,"43.043888,28.982658",33000,514,104
1783949176,2026-07-13T13:26:16Z,SWR188,"43.042854,28.988405",33000,514,104
1783949178,2026-07-13T13:26:18Z,SWR188,"43.041706,28.994984",33000,514,103
1783949180,2026-07-13T13:26:20Z,SWR188,"43.040512,29.001738",33000,514,103
1783949182,2026-07-13T13:26:22Z,SWR188,"43.039417,29.007851",33000,514,103
1783949184,2026-07-13T13:26:24Z,SWR188,"43.038231,29.014303",33000,514,103
1783949187,2026-07-13T13:26:27Z,SWR188,"43.037006,29.021263",33000,514,103
1783949189,2026-07-13T13:26:29Z,SWR188,"43.035831,29.027594",33000,514,104
1783949191,2026-07-13T13:26:31Z,SWR188,"43.034615,29.034275",33000,514,103
1783949193,2026-07-13T13:26:33Z,SWR188,"43.033413,29.041019",33000,514,103
1783949195,2026-07-13T13:26:35Z,SWR188,"43.032185,29.047754",33000,514,103
1783949197,2026-07-13T13:26:37Z,SWR188,"43.030876,29.05492",33000,514,104
1783949199,2026-07-13T13:26:39Z,SWR188,"43.029728,29.06144",33000,514,103
1783949225,2026-07-13T13:27:05Z,SWR188,"43.015198,29.14127",33000,512,103
1783949227,2026-07-13T13:27:07Z,SWR188,"43.013977,29.147888",33000,512,104
1783949229,2026-07-13T13:27:09Z,SWR188,"43.012825,29.154345",33000,512,103
1783949231,2026-07-13T13:27:11Z,SWR188,"43.011581,29.161236",33000,514,103
1783949262,2026-07-13T13:27:42Z,SWR188,"42.993927,29.258192",33000,512,103
1783949293,2026-07-13T13:28:13Z,SWR188,"42.975906,29.355732",33000,512,103
1783949324,2026-07-13T13:28:44Z,SWR188,"42.957668,29.453941",33000,512,103
1783949356,2026-07-13T13:29:16Z,SWR188,"42.939079,29.553905",33000,510,104
1783949388,2026-07-13T13:29:48Z,SWR188,"42.920105,29.655556",33000,510,104
1783949420,2026-07-13T13:30:20Z,SWR188,"42.901596,29.753708",33000,510,104
1783949452,2026-07-13T13:30:52Z,SWR188,"42.88287,29.852463",33000,512,104
1783949484,2026-07-13T13:31:24Z,SWR188,"42.863941,29.952988",33000,514,104
1783949516,2026-07-13T13:31:56Z,SWR188,"42.845173,30.051802",33000,516,104
1783949547,2026-07-13T13:32:27Z,SWR188,"42.82605,30.152802",33000,516,104
1783949579,2026-07-13T13:32:59Z,SWR188,"42.807007,30.251457",33000,514,104
1783949610,2026-07-13T13:33:30Z,SWR188,"42.788052,30.349436",33000,512,104
1783949642,2026-07-13T13:34:02Z,SWR188,"42.769001,30.447536",33000,512,104
1783949673,2026-07-13T13:34:33Z,SWR188,"42.749706,30.546394",33000,512,104
1783949704,2026-07-13T13:35:04Z,SWR188,"42.730667,30.64295",33000,510,105
1783949736,2026-07-13T13:35:36Z,SWR188,"42.709198,30.740955",33000,510,107
1783949768,2026-07-13T13:36:08Z,SWR188,"42.687645,30.838322",33000,514,106
1783949800,2026-07-13T13:36:40Z,SWR188,"42.665878,30.937363",33000,514,106
1783949831,2026-07-13T13:37:11Z,SWR188,"42.644539,31.034519",33000,514,106
1783949863,2026-07-13T13:37:43Z,SWR188,"42.622585,31.133297",33000,514,106
1783949895,2026-07-13T13:38:15Z,SWR188,"42.600597,31.231918",33000,514,106
1783949926,2026-07-13T13:38:46Z,SWR188,"42.578259,31.329927",33000,514,111
1783949958,2026-07-13T13:39:18Z,SWR188,"42.556629,31.426664",33000,512,105
1783949962,2026-07-13T13:39:22Z,SWR188,"42.55386,31.438826",33000,512,110
1783949964,2026-07-13T13:39:24Z,SWR188,"42.552494,31.445082",33000,512,106
1783949966,2026-07-13T13:39:26Z,SWR188,"42.55101,31.452042",33000,512,106
1783949968,2026-07-13T13:39:28Z,SWR188,"42.549568,31.458197",33000,514,106
1783949970,2026-07-13T13:39:30Z,SWR188,"42.547909,31.465366",33000,514,107
1783949972,2026-07-13T13:39:32Z,SWR188,"42.546684,31.47093",33000,514,106
1783949974,2026-07-13T13:39:34Z,SWR188,"42.545254,31.4772",33000,514,106
1783949977,2026-07-13T13:39:37Z,SWR188,"42.543663,31.484327",33000,514,106
1783949979,2026-07-13T13:39:39Z,SWR188,"42.542412,31.490471",33000,514,103
1783949981,2026-07-13T13:39:41Z,SWR188,"42.540924,31.496674",33000,514,106
1783949983,2026-07-13T13:39:43Z,SWR188,"42.539513,31.502859",33000,514,107
1783949985,2026-07-13T13:39:45Z,SWR188,"42.538017,31.509857",33000,514,104
1783949987,2026-07-13T13:39:47Z,SWR188,"42.536442,31.516006",33000,514,108
1783949989,2026-07-13T13:39:49Z,SWR188,"42.534882,31.523142",33000,514,106
1783949991,2026-07-13T13:39:51Z,SWR188,"42.533459,31.52948",33000,514,106
1783949994,2026-07-13T13:39:54Z,SWR188,"42.531933,31.536127",33000,514,107
1783949996,2026-07-13T13:39:56Z,SWR188,"42.53043,31.542622",33000,514,107
1783949998,2026-07-13T13:39:58Z,SWR188,"42.529064,31.548698",33000,514,107
1783950000,2026-07-13T13:40:00Z,SWR188,"42.527485,31.555454",33000,514,107
1783950002,2026-07-13T13:40:02Z,SWR188,"42.526009,31.562082",33000,514,106
1783950004,2026-07-13T13:40:04Z,SWR188,"42.524338,31.569674",33000,514,106
1783950006,2026-07-13T13:40:06Z,SWR188,"42.52314,31.575068",33000,514,106
1783950008,2026-07-13T13:40:08Z,SWR188,"42.521591,31.582008",33000,514,106
1783950010,2026-07-13T13:40:10Z,SWR188,"42.520096,31.588163",33000,514,107
1783950013,2026-07-13T13:40:13Z,SWR188,"42.518539,31.594929",33000,514,107
1783950027,2026-07-13T13:40:27Z,SWR188,"42.508041,31.640692",33000,514,108
1783950030,2026-07-13T13:40:30Z,SWR188,"42.506462,31.647484",33000,514,107
1783950032,2026-07-13T13:40:32Z,SWR188,"42.505249,31.654251",33000,514,105
1783950034,2026-07-13T13:40:34Z,SWR188,"42.503647,31.660915",33000,514,105
1783950036,2026-07-13T13:40:36Z,SWR188,"42.502117,31.666718",33000,514,108
1783950038,2026-07-13T13:40:38Z,SWR188,"42.50074,31.673155",33000,514,106
1783950040,2026-07-13T13:40:40Z,SWR188,"42.499039,31.680534",33000,514,107
1783950042,2026-07-13T13:40:42Z,SWR188,"42.49762,31.686666",33000,514,107
1783950044,2026-07-13T13:40:44Z,SWR188,"42.496162,31.692699",33000,514,109
1783950046,2026-07-13T13:40:46Z,SWR188,"42.494614,31.699131",33000,514,108
1783950049,2026-07-13T13:40:49Z,SWR188,"42.493267,31.705963",33000,514,117
1783950051,2026-07-13T13:40:51Z,SWR188,"42.491543,31.713625",33000,514,101
1783950053,2026-07-13T13:40:53Z,SWR188,"42.490028,31.719072",33000,516,104
1783950055,2026-07-13T13:40:55Z,SWR188,"42.488998,31.726488",33000,516,106
1783950057,2026-07-13T13:40:57Z,SWR188,"42.486942,31.732244",33000,516,112
1783950059,2026-07-13T13:40:59Z,SWR188,"42.4855,31.739496",33000,516,104
1783950061,2026-07-13T13:41:01Z,SWR188,"42.484085,31.745222",33000,516,116
1783950064,2026-07-13T13:41:04Z,SWR188,"42.482494,31.752733",33000,516,106
1783950066,2026-07-13T13:41:06Z,SWR188,"42.481049,31.759056",33000,516,106
1783950068,2026-07-13T13:41:08Z,SWR188,"42.479271,31.766302",33000,516,116
1783950070,2026-07-13T13:41:10Z,SWR188,"42.47784,31.773577",33000,516,103
1783950073,2026-07-13T13:41:13Z,SWR188,"42.4762,31.780058",33000,516,107
1783950075,2026-07-13T13:41:15Z,SWR188,"42.47493,31.786791",33000,516,104
1783950077,2026-07-13T13:41:17Z,SWR188,"42.472946,31.793123",33000,516,114
1783950079,2026-07-13T13:41:19Z,SWR188,"42.470966,31.801651",33000,516,109
1783950081,2026-07-13T13:41:21Z,SWR188,"42.470226,31.80555",33000,516,107
1783950083,2026-07-13T13:41:23Z,SWR188,"42.468559,31.813114",33000,516,107
1783950085,2026-07-13T13:41:25Z,SWR188,"42.467281,31.818956",33000,518,103
1783950087,2026-07-13T13:41:27Z,SWR188,"42.4655,31.82597",33000,518,115
1783950090,2026-07-13T13:41:30Z,SWR188,"42.464294,31.833206",33000,518,96
1783950092,2026-07-13T13:41:32Z,SWR188,"42.463276,31.839758",33000,518,114
1783950094,2026-07-13T13:41:34Z,SWR188,"42.463192,31.846752",33000,518,77
1783950096,2026-07-13T13:41:36Z,SWR188,"42.458828,31.855698",33000,518,105
1783950098,2026-07-13T13:41:38Z,SWR188,"42.457901,31.859966",33000,518,108
1783950100,2026-07-13T13:41:40Z,SWR188,"42.456276,31.86586",33000,518,110
1783950102,2026-07-13T13:41:42Z,SWR188,"42.454891,31.872927",33000,518,103
1783950105,2026-07-13T13:41:45Z,SWR188,"42.453598,31.879185",33000,518,83
1783950107,2026-07-13T13:41:47Z,SWR188,"42.451962,31.885618",33000,518,102
1783950109,2026-07-13T13:41:49Z,SWR188,"42.450283,31.892162",33000,518,113
1783950111,2026-07-13T13:41:51Z,SWR188,"42.44875,31.899368",33000,518,106
1783950114,2026-07-13T13:41:54Z,SWR188,"42.447132,31.910156",33000,518,96
1783950116,2026-07-13T13:41:56Z,SWR188,"42.446018,31.917948",33000,518,94
1783950119,2026-07-13T13:41:59Z,SWR188,"42.44416,31.925264",33000,518,87
1783950121,2026-07-13T13:42:01Z,SWR188,"42.440834,31.933252",33000,518,108
1783950124,2026-07-13T13:42:04Z,SWR188,"42.438866,31.941025",33000,518,105
1783950126,2026-07-13T13:42:06Z,SWR188,"42.437447,31.945843",33000,518,127
1783950128,2026-07-13T13:42:08Z,SWR188,"42.436001,31.953949",33000,518,106
1783950131,2026-07-13T13:42:11Z,SWR188,"42.435589,31.959753",33000,518,95
1783950133,2026-07-13T13:42:13Z,SWR188,"42.433296,31.965584",33000,518,139
1783950135,2026-07-13T13:42:15Z,SWR188,"42.431335,31.972847",33000,518,109
1783950137,2026-07-13T13:42:17Z,SWR188,"42.430019,31.978981",33000,518,126
1783950139,2026-07-13T13:42:19Z,SWR188,"42.428188,31.988045",33000,518,106
1783950141,2026-07-13T13:42:21Z,SWR188,"42.427647,31.994162",33000,518,97
1783950143,2026-07-13T13:42:23Z,SWR188,"42.425774,31.999834",33000,518,99
1783950146,2026-07-13T13:42:26Z,SWR188,"42.423218,32.009777",33000,518,107
1783950148,2026-07-13T13:42:28Z,SWR188,"42.422184,32.015518",33000,518,105
1783950151,2026-07-13T13:42:31Z,SWR188,"42.42041,32.02272",33000,518,106
1783950153,2026-07-13T13:42:33Z,SWR188,"42.418468,32.03138",33000,518,106
1783950155,2026-07-13T13:42:35Z,SWR188,"42.417416,32.035381",33000,518,107
1783950157,2026-07-13T13:42:37Z,SWR188,"42.415619,32.042213",33000,518,100
1783950159,2026-07-13T13:42:39Z,SWR188,"42.41415,32.04884",33000,518,104
1783950161,2026-07-13T13:42:41Z,SWR188,"42.412724,32.054054",33000,518,112
1783950164,2026-07-13T13:42:44Z,SWR188,"42.41011,32.064499",33000,518,108
1783950166,2026-07-13T13:42:46Z,SWR188,"42.40897,32.070145",33000,518,109
1783950169,2026-07-13T13:42:49Z,SWR188,"42.409,32.078449",33000,518,79
1783950171,2026-07-13T13:42:51Z,SWR188,"42.405659,32.083",33000,518,108
1783950173,2026-07-13T13:42:53Z,SWR188,"42.404545,32.090336",33000,518,101
1783950175,2026-07-13T13:42:55Z,SWR188,"42.405243,32.097961",33000,518,69
1783950177,2026-07-13T13:42:57Z,SWR188,"42.401825,32.103069",33000,518,94
1783950179,2026-07-13T13:42:59Z,SWR188,"42.399788,32.108826",33000,518,116
1783950182,2026-07-13T13:43:02Z,SWR188,"42.397793,32.118195",33000,518,105
1783950184,2026-07-13T13:43:04Z,SWR188,"42.396111,32.125538",33000,518,107
1783950188,2026-07-13T13:43:08Z,SWR188,"42.393299,32.138493",33000,518,103
1783950191,2026-07-13T13:43:11Z,SWR188,"42.392086,32.147202",33000,518,94
1783950193,2026-07-13T13:43:13Z,SWR188,"42.38998,32.151428",33000,518,125
1783950195,2026-07-13T13:43:15Z,SWR188,"42.388226,32.158669",33000,518,112
1783950197,2026-07-13T13:43:17Z,SWR188,"42.386852,32.165993",33000,518,107
1783950200,2026-07-13T13:43:20Z,SWR188,"42.384571,32.175655",33000,518,106
1783950202,2026-07-13T13:43:22Z,SWR188,"42.384628,32.183067",33000,518,75
1783950204,2026-07-13T13:43:24Z,SWR188,"42.381447,32.188538",33000,518,110
1783950207,2026-07-13T13:43:27Z,SWR188,"42.380074,32.195244",33000,518,107
1783950209,2026-07-13T13:43:29Z,SWR188,"42.378532,32.201183",33000,518,118
1783950211,2026-07-13T13:43:31Z,SWR188,"42.376488,32.208889",33000,518,106
1783950213,2026-07-13T13:43:33Z,SWR188,"42.375607,32.215199",33000,518,100
1783950216,2026-07-13T13:43:36Z,SWR188,"42.372879,32.226086",33000,518,107
1783950219,2026-07-13T13:43:39Z,SWR188,"42.371571,32.231937",33000,518,105
1783950221,2026-07-13T13:43:41Z,SWR188,"42.369781,32.239155",33000,518,107
1783950223,2026-07-13T13:43:43Z,SWR188,"42.367882,32.245098",33000,518,116
1783950225,2026-07-13T13:43:45Z,SWR188,"42.366665,32.251141",33000,518,120
1783950227,2026-07-13T13:43:47Z,SWR188,"42.365036,32.260197",33000,518,99
1783950229,2026-07-13T13:43:49Z,SWR188,"42.363743,32.265087",33000,518,110
1783950231,2026-07-13T13:43:51Z,SWR188,"42.362221,32.271183",33000,518,98
1783950233,2026-07-13T13:43:53Z,SWR188,"42.361217,32.277996",33000,518,85
1783950235,2026-07-13T13:43:55Z,SWR188,"42.359257,32.283775",33000,518,109
1783950238,2026-07-13T13:43:58Z,SWR188,"42.357452,32.289246",33000,518,109
1783950240,2026-07-13T13:44:00Z,SWR188,"42.355934,32.296387",33000,518,129
1783950242,2026-07-13T13:44:02Z,SWR188,"42.35424,32.304493",33000,518,108
1783950244,2026-07-13T13:44:04Z,SWR188,"42.352512,32.309986",33000,518,129
1783950246,2026-07-13T13:44:06Z,SWR188,"42.351784,32.317196",33000,518,100
1783950248,2026-07-13T13:44:08Z,SWR188,"42.352367,32.326122",33000,518,52
1783950250,2026-07-13T13:44:10Z,SWR188,"42.350796,32.331829",33000,518,67
1783950252,2026-07-13T13:44:12Z,SWR188,"42.347851,32.338539",33000,518,88
1783950256,2026-07-13T13:44:16Z,SWR188,"42.342735,32.345375",33000,518,145
1783950258,2026-07-13T13:44:18Z,SWR188,"42.343487,32.353321",33000,518,89
1783950260,2026-07-13T13:44:20Z,SWR188,"42.340725,32.360401",33000,518,123
1783950262,2026-07-13T13:44:22Z,SWR188,"42.33976,32.367306",33000,518,128
1783950264,2026-07-13T13:44:24Z,SWR188,"42.341095,32.377106",33000,520,79
1783950267,2026-07-13T13:44:27Z,SWR188,"42.335949,32.379993",33000,520,113
1783950269,2026-07-13T13:44:29Z,SWR188,"42.334816,32.386818",33000,520,116
1783950271,2026-07-13T13:44:31Z,SWR188,"42.332947,32.393559",33000,520,109
1783950273,2026-07-13T13:44:33Z,SWR188,"42.331821,32.400417",33000,520,102
1783950275,2026-07-13T13:44:35Z,SWR188,"42.330147,32.406433",33000,520,124
1783950277,2026-07-13T13:44:37Z,SWR188,"42.329052,32.413265",33000,520,103
1783950279,2026-07-13T13:44:39Z,SWR188,"42.3269,32.418934",33000,520,119
1783950281,2026-07-13T13:44:41Z,SWR188,"42.3256,32.426739",33000,520,99
1783950283,2026-07-13T13:44:43Z,SWR188,"42.323967,32.433758",33000,520,101
1783950286,2026-07-13T13:44:46Z,SWR188,"42.321819,32.442524",33000,520,106
1783950288,2026-07-13T13:44:48Z,SWR188,"42.320126,32.447632",33000,520,111
1783950292,2026-07-13T13:44:52Z,SWR188,"42.318016,32.457935",33000,520,110
1783950294,2026-07-13T13:44:54Z,SWR188,"42.316463,32.464672",33000,520,109
1783950296,2026-07-13T13:44:56Z,SWR188,"42.314774,32.472832",33000,520,106
1783950298,2026-07-13T13:44:58Z,SWR188,"42.313351,32.478764",33000,520,106
1783950300,2026-07-13T13:45:00Z,SWR188,"42.311821,32.484478",33000,520,111
1783950302,2026-07-13T13:45:02Z,SWR188,"42.3106,32.490692",33000,520,106
1783950305,2026-07-13T13:45:05Z,SWR188,"42.309059,32.497353",33000,520,106
1783950307,2026-07-13T13:45:07Z,SWR188,"42.307476,32.504589",33000,520,106
1783950309,2026-07-13T13:45:09Z,SWR188,"42.305767,32.510876",33000,520,107
1783950311,2026-07-13T13:45:11Z,SWR188,"42.303837,32.518723",33000,520,108
1783950313,2026-07-13T13:45:13Z,SWR188,"42.302464,32.524891",33000,520,105
1783950315,2026-07-13T13:45:15Z,SWR188,"42.300957,32.530201",33000,520,95
1783950317,2026-07-13T13:45:17Z,SWR188,"42.298767,32.540146",33000,520,104
1783950319,2026-07-13T13:45:19Z,SWR188,"42.297764,32.544308",33000,520,109
1783950322,2026-07-13T13:45:22Z,SWR188,"42.295643,32.550552",33000,520,134
1783950324,2026-07-13T13:45:24Z,SWR188,"42.293518,32.559986",33000,520,106
1783950326,2026-07-13T13:45:26Z,SWR188,"42.292591,32.566803",33000,520,104
1783950328,2026-07-13T13:45:28Z,SWR188,"42.291267,32.572208",33000,520,106
1783950330,2026-07-13T13:45:30Z,SWR188,"42.289387,32.579262",33000,520,107
1783950332,2026-07-13T13:45:32Z,SWR188,"42.288235,32.584557",33000,520,95
1783950335,2026-07-13T13:45:35Z,SWR188,"42.286568,32.591824",33000,520,105
1783950337,2026-07-13T13:45:37Z,SWR188,"42.285069,32.597824",33000,520,105
1783950339,2026-07-13T13:45:39Z,SWR188,"42.28339,32.60524",33000,520,96
1783950341,2026-07-13T13:45:41Z,SWR188,"42.281208,32.614239",33000,522,106
1783950343,2026-07-13T13:45:43Z,SWR188,"42.279625,32.61953",33000,522,114
1783950346,2026-07-13T13:45:46Z,SWR188,"42.277733,32.6273",33000,522,115
1783950348,2026-07-13T13:45:48Z,SWR188,"42.276443,32.63316",33000,522,112
1783950350,2026-07-13T13:45:50Z,SWR188,"42.274414,32.641926",33000,522,112
1783950352,2026-07-13T13:45:52Z,SWR188,"42.273651,32.646294",33000,522,107
1783950354,2026-07-13T13:45:54Z,SWR188,"42.272186,32.652431",33000,522,101
1783950357,2026-07-13T13:45:57Z,SWR188,"42.270031,32.661247",33000,522,104
1783950359,2026-07-13T13:45:59Z,SWR188,"42.268669,32.667007",33000,522,106
1783950361,2026-07-13T13:46:01Z,SWR188,"42.266682,32.674225",33000,522,108
1783950363,2026-07-13T13:46:03Z,SWR188,"42.264786,32.681728",33000,522,108
1783950365,2026-07-13T13:46:05Z,SWR188,"42.263283,32.68718",33000,522,108
1783950367,2026-07-13T13:46:07Z,SWR188,"42.261845,32.693356",33000,522,108
1783950369,2026-07-13T13:46:09Z,SWR188,"42.259937,32.702068",33000,522,107
1783950372,2026-07-13T13:46:12Z,SWR188,"42.258869,32.706909",33000,522,107
1783950377,2026-07-13T13:46:17Z,SWR188,"42.254944,32.723434",33000,522,107
1783950379,2026-07-13T13:46:19Z,SWR188,"42.253441,32.729202",33000,522,108
1783950381,2026-07-13T13:46:21Z,SWR188,"42.251633,32.736263",33000,522,108
1783950427,2026-07-13T13:47:07Z,SWR188,"42.216976,32.88166",33000,524,108
1783950458,2026-07-13T13:47:38Z,SWR188,"42.19413,32.975441",33000,524,109
1783950462,2026-07-13T13:47:42Z,SWR188,"42.191601,32.987526",33000,524,105
1783950464,2026-07-13T13:47:44Z,SWR188,"42.189693,32.993813",33000,524,108
1783950466,2026-07-13T13:47:46Z,SWR188,"42.187672,33.002964",33000,524,107
1783950469,2026-07-13T13:47:49Z,SWR188,"42.187031,33.0061",33000,524,107
1783950471,2026-07-13T13:47:51Z,SWR188,"42.185406,33.013306",33000,524,106
1783950473,2026-07-13T13:47:53Z,SWR188,"42.183872,33.020004",33000,524,102
1783950475,2026-07-13T13:47:55Z,SWR188,"42.181881,33.027805",33000,524,107
1783950477,2026-07-13T13:47:57Z,SWR188,"42.180424,33.033714",33000,524,107
1783950479,2026-07-13T13:47:59Z,SWR188,"42.178192,33.043083",33000,524,107
1783950481,2026-07-13T13:48:01Z,SWR188,"42.177364,33.046574",33000,524,107
1783950484,2026-07-13T13:48:04Z,SWR188,"42.175781,33.053192",33000,524,108
1783950486,2026-07-13T13:48:06Z,SWR188,"42.173931,33.060818",33000,524,108
1783950488,2026-07-13T13:48:08Z,SWR188,"42.172707,33.065865",33000,524,108
1783950490,2026-07-13T13:48:10Z,SWR188,"42.171013,33.072834",33000,524,108
1783950492,2026-07-13T13:48:12Z,SWR188,"42.169277,33.0802",33000,524,107
1783950494,2026-07-13T13:48:14Z,SWR188,"42.167973,33.08559",33000,524,107
1783950496,2026-07-13T13:48:16Z,SWR188,"42.166348,33.092392",33000,524,107
1783950498,2026-07-13T13:48:18Z,SWR188,"42.164593,33.099392",33000,524,108
1783950500,2026-07-13T13:48:20Z,SWR188,"42.163132,33.105389",33000,524,108
1783950533,2026-07-13T13:48:53Z,SWR188,"42.138512,33.206638",33000,524,108
1783950535,2026-07-13T13:48:55Z,SWR188,"42.137352,33.213535",33000,522,99
1783950537,2026-07-13T13:48:57Z,SWR188,"42.135777,33.218937",33000,522,109
1783950539,2026-07-13T13:48:59Z,SWR188,"42.134293,33.225189",33000,522,108
1783950541,2026-07-13T13:49:01Z,SWR188,"42.132816,33.231422",33000,522,107
1783950543,2026-07-13T13:49:03Z,SWR188,"42.131172,33.238209",33000,522,107
1783950546,2026-07-13T13:49:06Z,SWR188,"42.129143,33.245792",33000,522,108
1783950548,2026-07-13T13:49:08Z,SWR188,"42.127308,33.252869",33000,522,108
1783950550,2026-07-13T13:49:10Z,SWR188,"42.125999,33.258354",33000,522,108
1783950552,2026-07-13T13:49:12Z,SWR188,"42.124462,33.265045",33000,522,108
1783950554,2026-07-13T13:49:14Z,SWR188,"42.122986,33.271477",33000,522,107
1783950556,2026-07-13T13:49:16Z,SWR188,"42.121323,33.27845",33000,522,107
1783950558,2026-07-13T13:49:18Z,SWR188,"42.119701,33.285294",33000,522,107
1783950560,2026-07-13T13:49:20Z,SWR188,"42.118141,33.291306",33000,522,108
1783950562,2026-07-13T13:49:22Z,SWR188,"42.116367,33.297916",33000,522,108
1783950571,2026-07-13T13:49:31Z,SWR188,"42.110126,33.324005",33000,522,107
1783950573,2026-07-13T13:49:33Z,SWR188,"42.108223,33.331673",33000,522,107
1783950575,2026-07-13T13:49:35Z,SWR188,"42.106678,33.3377",33000,522,108
1783950577,2026-07-13T13:49:37Z,SWR188,"42.106567,33.343555",33000,522,63
1783950579,2026-07-13T13:49:39Z,SWR188,"42.103424,33.351765",33000,522,104
1783950583,2026-07-13T13:49:43Z,SWR188,"42.101048,33.362495",33000,522,106
1783950586,2026-07-13T13:49:46Z,SWR188,"42.098492,33.372871",33000,522,108
1783950588,2026-07-13T13:49:48Z,SWR188,"42.097183,33.377983",33000,522,109
1783950590,2026-07-13T13:49:50Z,SWR188,"42.095249,33.386162",33000,522,106
1783950592,2026-07-13T13:49:52Z,SWR188,"42.093773,33.39146",33000,522,107
1783950596,2026-07-13T13:49:56Z,SWR188,"42.090801,33.402203",33000,522,110
1783950598,2026-07-13T13:49:58Z,SWR188,"42.08968,33.407211",33000,522,119
1783950600,2026-07-13T13:50:00Z,SWR188,"42.087997,33.414482",33000,522,107
1783950602,2026-07-13T13:50:02Z,SWR188,"42.086502,33.421043",33000,522,107
1783950604,2026-07-13T13:50:04Z,SWR188,"42.084835,33.42757",33000,522,107
1783950607,2026-07-13T13:50:07Z,SWR188,"42.083122,33.434166",33000,522,108
1783950610,2026-07-13T13:50:10Z,SWR188,"42.08094,33.444126",33000,522,106
1783950612,2026-07-13T13:50:12Z,SWR188,"42.079136,33.450325",33000,522,122
1783950614,2026-07-13T13:50:14Z,SWR188,"42.077782,33.456757",33000,524,108
1783950616,2026-07-13T13:50:16Z,SWR188,"42.075848,33.464645",33000,524,108
1783950618,2026-07-13T13:50:18Z,SWR188,"42.074429,33.470566",33000,524,108
1783950620,2026-07-13T13:50:20Z,SWR188,"42.073021,33.476181",33000,524,108
1783950622,2026-07-13T13:50:22Z,SWR188,"42.071289,33.483101",33000,524,108
1783950624,2026-07-13T13:50:24Z,SWR188,"42.069534,33.490242",33000,524,108
1783950626,2026-07-13T13:50:26Z,SWR188,"42.068043,33.495941",33000,524,108
1783950629,2026-07-13T13:50:29Z,SWR188,"42.06662,33.501881",33000,524,108
1783950631,2026-07-13T13:50:31Z,SWR188,"42.064987,33.508564",33000,524,108
1783950633,2026-07-13T13:50:33Z,SWR188,"42.063343,33.514912",33000,524,108
1783950635,2026-07-13T13:50:35Z,SWR188,"42.061726,33.521561",33000,524,108
1783950637,2026-07-13T13:50:37Z,SWR188,"42.06007,33.528339",33000,522,108
1783950639,2026-07-13T13:50:39Z,SWR188,"42.058372,33.535439",33000,522,108
1783950642,2026-07-13T13:50:42Z,SWR188,"42.056423,33.543381",33000,522,108
1783950665,2026-07-13T13:51:05Z,SWR188,"42.038876,33.61536",33000,522,103
1783950667,2026-07-13T13:51:07Z,SWR188,"42.03714,33.62183",33000,522,95
1783950669,2026-07-13T13:51:09Z,SWR188,"42.03532,33.628254",33000,522,111
1783950672,2026-07-13T13:51:12Z,SWR188,"42.032803,33.637707",33000,522,109
1783950674,2026-07-13T13:51:14Z,SWR188,"42.031155,33.644089",33000,522,112
1783950676,2026-07-13T13:51:16Z,SWR188,"42.030334,33.648361",33000,522,108
1783950678,2026-07-13T13:51:18Z,SWR188,"42.028442,33.656792",33000,522,106
1783950682,2026-07-13T13:51:22Z,SWR188,"42.025375,33.669205",33000,522,108
1783950684,2026-07-13T13:51:24Z,SWR188,"42.023373,33.675232",33000,522,114
1783950686,2026-07-13T13:51:26Z,SWR188,"42.022594,33.680382",33000,522,111
1783950689,2026-07-13T13:51:29Z,SWR188,"42.021008,33.686611",33000,522,108
1783950691,2026-07-13T13:51:31Z,SWR188,"42.018833,33.694214",33000,522,115
1783950693,2026-07-13T13:51:33Z,SWR188,"42.017223,33.700989",33000,522,109
1783950695,2026-07-13T13:51:35Z,SWR188,"42.015434,33.708092",33000,522,108
1783950697,2026-07-13T13:51:37Z,SWR188,"42.013439,33.714375",33000,522,122
1783950699,2026-07-13T13:51:39Z,SWR188,"42.012417,33.720459",33000,522,108
1783950702,2026-07-13T13:51:42Z,SWR188,"42.010597,33.727524",33000,522,109
1783950704,2026-07-13T13:51:44Z,SWR188,"42.008873,33.733807",33000,522,109
1783950706,2026-07-13T13:51:46Z,SWR188,"42.007561,33.739868",33000,522,109
1783950708,2026-07-13T13:51:48Z,SWR188,"42.005943,33.746277",33000,522,108
1783950710,2026-07-13T13:51:50Z,SWR188,"42.004128,33.753067",33000,522,109
1783950712,2026-07-13T13:51:52Z,SWR188,"42.002621,33.760044",33000,522,105
1783950714,2026-07-13T13:51:54Z,SWR188,"42.000896,33.767365",33000,522,103
1783950716,2026-07-13T13:51:56Z,SWR188,"41.999115,33.773159",33000,522,109
1783950719,2026-07-13T13:51:59Z,SWR188,"41.997276,33.781151",33000,522,104
1783950721,2026-07-13T13:52:01Z,SWR188,"41.995613,33.787025",33000,522,113
1783950725,2026-07-13T13:52:05Z,SWR188,"41.99263,33.799271",33000,522,107
1783950727,2026-07-13T13:52:07Z,SWR188,"41.990921,33.805717",33000,522,109
1783950729,2026-07-13T13:52:09Z,SWR188,"41.988869,33.814083",33000,522,107
1783950731,2026-07-13T13:52:11Z,SWR188,"41.987461,33.819618",33000,522,109
1783950733,2026-07-13T13:52:13Z,SWR188,"41.986084,33.824802",33000,522,108
1783950735,2026-07-13T13:52:15Z,SWR188,"41.984509,33.831459",33000,522,108
1783950737,2026-07-13T13:52:17Z,SWR188,"41.982635,33.837975",33000,522,110
1783950739,2026-07-13T13:52:19Z,SWR188,"41.981544,33.843857",33000,522,107
1783950742,2026-07-13T13:52:22Z,SWR188,"41.9795,33.851765",33000,522,108
1783950744,2026-07-13T13:52:24Z,SWR188,"41.978287,33.856499",33000,522,107
1783950746,2026-07-13T13:52:26Z,SWR188,"41.976467,33.863636",33000,522,107
1783950748,2026-07-13T13:52:28Z,SWR188,"41.974224,33.870956",33000,522,116
1783950750,2026-07-13T13:52:30Z,SWR188,"41.973366,33.876949",33000,522,106
1783950752,2026-07-13T13:52:32Z,SWR188,"41.97147,33.883011",33000,522,114
1783950754,2026-07-13T13:52:34Z,SWR188,"41.969204,33.8922",33000,522,112
1783950756,2026-07-13T13:52:36Z,SWR188,"41.96841,33.895634",33000,522,114
1783950758,2026-07-13T13:52:38Z,SWR188,"41.966789,33.902115",33000,522,108
1783950761,2026-07-13T13:52:41Z,SWR188,"41.964996,33.90831",33000,522,103
1783950763,2026-07-13T13:52:43Z,SWR188,"41.963394,33.915993",33000,522,110
1783950765,2026-07-13T13:52:45Z,SWR188,"41.961575,33.922466",33000,522,111
1783950767,2026-07-13T13:52:47Z,SWR188,"41.959892,33.929543",33000,522,98
1783950769,2026-07-13T13:52:49Z,SWR188,"41.95792,33.936489",33000,522,109
1783950772,2026-07-13T13:52:52Z,SWR188,"41.955639,33.944305",33000,522,111
1783950774,2026-07-13T13:52:54Z,SWR188,"41.953896,33.952019",33000,522,107
1783950776,2026-07-13T13:52:56Z,SWR188,"41.952332,33.958305",33000,522,109
1783950779,2026-07-13T13:52:59Z,SWR188,"41.951023,33.964043",33000,522,118
1783950781,2026-07-13T13:53:01Z,SWR188,"41.949547,33.970398",33000,522,109
1783950783,2026-07-13T13:53:03Z,SWR188,"41.947895,33.976536",33000,520,109
1783950785,2026-07-13T13:53:05Z,SWR188,"41.94635,33.982986",33000,520,107
1783950787,2026-07-13T13:53:07Z,SWR188,"41.944939,33.989693",33000,520,103
1783950789,2026-07-13T13:53:09Z,SWR188,"41.943314,33.995735",33000,520,107
1783950791,2026-07-13T13:53:11Z,SWR188,"41.94149,34.002739",33000,520,108
1783950794,2026-07-13T13:53:14Z,SWR188,"41.938766,34.012806",33000,520,110
1783950797,2026-07-13T13:53:17Z,SWR188,"41.937332,34.019024",33000,520,107
1783950799,2026-07-13T13:53:19Z,SWR188,"41.935795,34.025551",33000,520,108
1783950801,2026-07-13T13:53:21Z,SWR188,"41.934162,34.031738",33000,520,108
1783950803,2026-07-13T13:53:23Z,SWR188,"41.932278,34.039345",33000,520,108
1783950805,2026-07-13T13:53:25Z,SWR188,"41.930817,34.045105",33000,520,108
1783950807,2026-07-13T13:53:27Z,SWR188,"41.929062,34.05183",33000,520,109
1783950809,2026-07-13T13:53:29Z,SWR188,"41.927265,34.058132",33000,520,106
1783950811,2026-07-13T13:53:31Z,SWR188,"41.926079,34.064251",33000,520,101
1783950815,2026-07-13T13:53:35Z,SWR188,"41.92308,34.075817",33000,520,106
1783950817,2026-07-13T13:53:37Z,SWR188,"41.921478,34.081619",33000,520,109
1783950819,2026-07-13T13:53:39Z,SWR188,"41.920506,34.086746",33000,520,101
1783950822,2026-07-13T13:53:42Z,SWR188,"41.917076,34.098007",33000,520,111
1783950824,2026-07-13T13:53:44Z,SWR188,"41.915615,34.10471",33000,520,119
1783950827,2026-07-13T13:53:47Z,SWR188,"41.91349,34.112823",33000,520,111
1783950829,2026-07-13T13:53:49Z,SWR188,"41.912453,34.117443",33000,520,106
1783950831,2026-07-13T13:53:51Z,SWR188,"41.910786,34.124073",33000,520,106
1783950833,2026-07-13T13:53:53Z,SWR188,"41.909241,34.130344",33000,520,107
1783950835,2026-07-13T13:53:55Z,SWR188,"41.90757,34.137745",33000,520,109
1783950837,2026-07-13T13:53:57Z,SWR188,"41.905933,34.144234",33000,520,108
1783950840,2026-07-13T13:54:00Z,SWR188,"41.904507,34.150208",33000,520,108
1783950842,2026-07-13T13:54:02Z,SWR188,"41.902958,34.1562",33000,520,109
1783950844,2026-07-13T13:54:04Z,SWR188,"41.901215,34.162476",33000,520,114
1783950846,2026-07-13T13:54:06Z,SWR188,"41.899368,34.170036",33000,520,110
1783950848,2026-07-13T13:54:08Z,SWR188,"41.897545,34.176853",33000,520,109
1783950850,2026-07-13T13:54:10Z,SWR188,"41.895988,34.183125",33000,520,109
1783950852,2026-07-13T13:54:12Z,SWR188,"41.894295,34.189514",33000,520,109
1783950854,2026-07-13T13:54:14Z,SWR188,"41.89296,34.195797",33000,520,108
1783950857,2026-07-13T13:54:17Z,SWR188,"41.891346,34.201935",33000,520,108
1783950859,2026-07-13T13:54:19Z,SWR188,"41.889904,34.208187",33000,520,104
1783950861,2026-07-13T13:54:21Z,SWR188,"41.887905,34.214962",33000,520,109
1783950863,2026-07-13T13:54:23Z,SWR188,"41.886162,34.222076",33000,520,108
1783950865,2026-07-13T13:54:25Z,SWR188,"41.884445,34.228767",33000,520,108
1783950867,2026-07-13T13:54:27Z,SWR188,"41.882755,34.235672",33000,520,108
1783950870,2026-07-13T13:54:30Z,SWR188,"41.881298,34.24139",33000,520,108
1783950872,2026-07-13T13:54:32Z,SWR188,"41.879608,34.247833",33000,520,109
1783950874,2026-07-13T13:54:34Z,SWR188,"41.87809,34.253773",33000,520,108
1783950876,2026-07-13T13:54:36Z,SWR188,"41.876442,34.260452",33000,520,108
1783950878,2026-07-13T13:54:38Z,SWR188,"41.874844,34.266914",33000,520,106
1783950880,2026-07-13T13:54:40Z,SWR188,"41.873047,34.27383",33000,520,107
1783950882,2026-07-13T13:54:42Z,SWR188,"41.871559,34.279976",33000,520,105
1783950884,2026-07-13T13:54:44Z,SWR188,"41.869637,34.286888",33000,520,110
1783950886,2026-07-13T13:54:46Z,SWR188,"41.868202,34.292618",33000,520,107
1783950888,2026-07-13T13:54:48Z,SWR188,"41.866497,34.299438",33000,520,106
1783950891,2026-07-13T13:54:51Z,SWR188,"41.865047,34.305019",33000,520,110
1783950895,2026-07-13T13:54:55Z,SWR188,"41.861614,34.319122",33000,520,108
1783950897,2026-07-13T13:54:57Z,SWR188,"41.859703,34.325096",33000,520,113
1783950900,2026-07-13T13:55:00Z,SWR188,"41.857441,34.334999",33000,520,106
1783950902,2026-07-13T13:55:02Z,SWR188,"41.856098,34.340477",33000,520,107
1783950904,2026-07-13T13:55:04Z,SWR188,"41.854366,34.347496",33000,520,107
1783950906,2026-07-13T13:55:06Z,SWR188,"41.852684,34.353771",33000,520,108
1783950908,2026-07-13T13:55:08Z,SWR188,"41.851101,34.359886",33000,520,106
1783950911,2026-07-13T13:55:11Z,SWR188,"41.849201,34.367371",33000,520,110
1783950913,2026-07-13T13:55:13Z,SWR188,"41.847797,34.3727",33000,520,110
1783950915,2026-07-13T13:55:15Z,SWR188,"41.8456,34.380848",33000,520,109
1783950918,2026-07-13T13:55:18Z,SWR188,"41.843426,34.389385",33000,520,106
1783950920,2026-07-13T13:55:20Z,SWR188,"41.841869,34.395805",33000,520,109
1783950922,2026-07-13T13:55:22Z,SWR188,"41.840019,34.402008",33000,518,113
1783950924,2026-07-13T13:55:24Z,SWR188,"41.838642,34.408798",33000,518,107
1783950926,2026-07-13T13:55:26Z,SWR188,"41.836842,34.41526",33000,518,118
1783950929,2026-07-13T13:55:29Z,SWR188,"41.835472,34.421196",33000,518,107
1783950931,2026-07-13T13:55:31Z,SWR188,"41.833679,34.427555",33000,518,112
1783950933,2026-07-13T13:55:33Z,SWR188,"41.832222,34.433842",33000,518,112
1783950935,2026-07-13T13:55:35Z,SWR188,"41.83007,34.44244",33000,518,109
1783950937,2026-07-13T13:55:37Z,SWR188,"41.828312,34.449047",33000,518,109
1783950939,2026-07-13T13:55:39Z,SWR188,"41.827187,34.45377",33000,518,103
1783950941,2026-07-13T13:55:41Z,SWR188,"41.824955,34.461391",33000,518,111
1783950943,2026-07-13T13:55:43Z,SWR188,"41.82402,34.466846",33000,518,105
1783950945,2026-07-13T13:55:45Z,SWR188,"41.822495,34.471893",33000,518,109
1783950948,2026-07-13T13:55:48Z,SWR188,"41.820889,34.478821",33000,518,100
1783950950,2026-07-13T13:55:50Z,SWR188,"41.818985,34.485329",33000,518,109
1783950952,2026-07-13T13:55:52Z,SWR188,"41.81736,34.491825",33000,518,108
1783950954,2026-07-13T13:55:54Z,SWR188,"41.815777,34.497971",33000,518,109
1783950956,2026-07-13T13:55:56Z,SWR188,"41.814327,34.503532",33000,518,109
1783950958,2026-07-13T13:55:58Z,SWR188,"41.811874,34.512569",33000,518,110
1783950961,2026-07-13T13:56:01Z,SWR188,"41.810013,34.518677",33000,518,115
1783950963,2026-07-13T13:56:03Z,SWR188,"41.808987,34.524437",33000,518,109
1783950965,2026-07-13T13:56:05Z,SWR188,"41.807259,34.53096",33000,518,109
1783950967,2026-07-13T13:56:07Z,SWR188,"41.805553,34.537685",33000,518,109
1783950969,2026-07-13T13:56:09Z,SWR188,"41.803761,34.544643",33000,518,108
1783950971,2026-07-13T13:56:11Z,SWR188,"41.802052,34.551174",33000,518,108
1783950973,2026-07-13T13:56:13Z,SWR188,"41.800423,34.556984",33000,518,110
1783950976,2026-07-13T13:56:16Z,SWR188,"41.798492,34.564472",33000,518,109
1783950978,2026-07-13T13:56:18Z,SWR188,"41.796707,34.571789",33000,518,108
1783950980,2026-07-13T13:56:20Z,SWR188,"41.795162,34.578011",33000,518,109
1783950982,2026-07-13T13:56:22Z,SWR188,"41.793674,34.583138",33000,518,103
1783950984,2026-07-13T13:56:24Z,SWR188,"41.791348,34.592167",33000,518,111
1783950986,2026-07-13T13:56:26Z,SWR188,"41.790409,34.596527",33000,518,109
1783950989,2026-07-13T13:56:29Z,SWR188,"41.788475,34.603836",33000,518,109
1783950991,2026-07-13T13:56:31Z,SWR188,"41.786777,34.610168",33000,518,109
1783950993,2026-07-13T13:56:33Z,SWR188,"41.785099,34.616337",33000,518,109
1783950996,2026-07-13T13:56:36Z,SWR188,"41.782253,34.627434",33000,518,116
1783950999,2026-07-13T13:56:39Z,SWR188,"41.780544,34.634399",33000,518,104
1783951002,2026-07-13T13:56:42Z,SWR188,"41.778271,34.643318",33000,302,25
1783951007,2026-07-13T13:56:47Z,SWR188,"41.774006,34.659496",33000,303,17
1783951009,2026-07-13T13:56:49Z,SWR188,"41.772507,34.665688",33000,303,14
1783951012,2026-07-13T13:56:52Z,SWR188,"41.770119,34.674919",33000,304,10
1783951014,2026-07-13T13:56:54Z,SWR188,"41.768406,34.681282",33000,304,10
1783951017,2026-07-13T13:56:57Z,SWR188,"41.765659,34.691303",33000,304,10
1783951021,2026-07-13T13:57:01Z,SWR188,"41.763062,34.70174",33000,304,10
1783951023,2026-07-13T13:57:03Z,SWR188,"41.761166,34.709152",33000,304,10
1783951025,2026-07-13T13:57:05Z,SWR188,"41.759586,34.71487",33000,304,10
1783951027,2026-07-13T13:57:07Z,SWR188,"41.758057,34.720573",33000,302,347
1783951030,2026-07-13T13:57:10Z,SWR188,"41.756008,34.728737",33000,302,347
1783951032,2026-07-13T13:57:12Z,SWR188,"41.754337,34.735474",33000,302,347
1783951034,2026-07-13T13:57:14Z,SWR188,"41.752556,34.742363",33000,302,347
1783951036,2026-07-13T13:57:16Z,SWR188,"41.751186,34.747936",33000,302,347
1783951038,2026-07-13T13:57:18Z,SWR188,"41.749664,34.753963",33000,302,347
1783951042,2026-07-13T13:57:22Z,SWR188,"41.747051,34.763512",33000,524,347
1783951044,2026-07-13T13:57:24Z,SWR188,"41.745327,34.770153",33000,520,347
1783951046,2026-07-13T13:57:26Z,SWR188,"41.743767,34.776318",33000,522,313
1783951050,2026-07-13T13:57:30Z,SWR188,"41.74015,34.78994",33000,279,308
1783951052,2026-07-13T13:57:32Z,SWR188,"41.738777,34.79578",33000,279,304
1783951059,2026-07-13T13:57:39Z,SWR188,"41.733559,34.818264",33000,279,292
1783951066,2026-07-13T13:57:46Z,SWR188,"41.727169,34.83947",33000,281,279
1783951069,2026-07-13T13:57:49Z,SWR188,"41.725395,34.846249",33000,281,276
1783951071,2026-07-13T13:57:51Z,SWR188,"41.723732,34.852634",33000,276,277
1783951073,2026-07-13T13:57:53Z,SWR188,"41.721935,34.859203",33000,276,277
1783951075,2026-07-13T13:57:55Z,SWR188,"41.720364,34.865509",33000,276,277
1783951077,2026-07-13T13:57:57Z,SWR188,"41.718967,34.871113",33000,276,277
1783951081,2026-07-13T13:58:01Z,SWR188,"41.71534,34.884663",33000,276,277
1783951085,2026-07-13T13:58:05Z,SWR188,"41.712791,34.894066",33000,529,277
1783951087,2026-07-13T13:58:07Z,SWR188,"41.711346,34.9002",33000,290,277
1783951089,2026-07-13T13:58:09Z,SWR188,"41.709362,34.906315",33000,493,277
1783951105,2026-07-13T13:58:25Z,SWR188,"41.697086,34.954681",33000,300,107
1783951107,2026-07-13T13:58:27Z,SWR188,"41.695133,34.961327",33000,360,111
1783951109,2026-07-13T13:58:29Z,SWR188,"41.69371,34.967289",33000,531,108
1783951111,2026-07-13T13:58:31Z,SWR188,"41.691833,34.974602",33000,390,109
1783951113,2026-07-13T13:58:33Z,SWR188,"41.690277,34.980846",33000,270,106
1783951115,2026-07-13T13:58:35Z,SWR188,"41.688549,34.986504",33000,330,110
1783951117,2026-07-13T13:58:37Z,SWR188,"41.687103,34.992332",33000,517,108
1783951119,2026-07-13T13:58:39Z,SWR188,"41.685383,34.998604",33000,270,109
1783951121,2026-07-13T13:58:41Z,SWR188,"41.683823,35.004772",33000,300,107
1783951123,2026-07-13T13:58:43Z,SWR188,"41.682301,35.011082",33000,190,100
1783951126,2026-07-13T13:58:46Z,SWR188,"41.68026,35.017769",33000,250,116
1783951128,2026-07-13T13:58:48Z,SWR188,"41.678417,35.024887",33000,527,110
1783951130,2026-07-13T13:58:50Z,SWR188,"41.67675,35.031307",33000,190,106
1783951132,2026-07-13T13:58:52Z,SWR188,"41.674965,35.038357",33000,360,108
1783951134,2026-07-13T13:58:54Z,SWR188,"41.673405,35.044174",33000,270,109
1783951136,2026-07-13T13:58:56Z,SWR188,"41.671749,35.050537",33000,360,109
1783951139,2026-07-13T13:58:59Z,SWR188,"41.669987,35.057472",33000,420,109
1783951141,2026-07-13T13:59:01Z,SWR188,"41.668846,35.063072",33000,210,103
1783951143,2026-07-13T13:59:03Z,SWR188,"41.666756,35.06913",33000,230,111
1783951145,2026-07-13T13:59:05Z,SWR188,"41.665035,35.075516",33000,517,109
1783951147,2026-07-13T13:59:07Z,SWR188,"41.662956,35.084351",33000,430,105
1783951149,2026-07-13T13:59:09Z,SWR188,"41.661613,35.0891",33000,280,108
1783951151,2026-07-13T13:59:11Z,SWR188,"41.659237,35.097939",33000,560,109
1783951154,2026-07-13T13:59:14Z,SWR188,"41.656944,35.106335",33000,400,109
1783951156,2026-07-13T13:59:16Z,SWR188,"41.655762,35.110809",33000,220,89
1783951159,2026-07-13T13:59:19Z,SWR188,"41.65369,35.118378",33000,430,109
1783951161,2026-07-13T13:59:21Z,SWR188,"41.65229,35.123482",33000,330,111
1783951163,2026-07-13T13:59:23Z,SWR188,"41.650349,35.131607",33000,470,108
1783951165,2026-07-13T13:59:25Z,SWR188,"41.648952,35.136566",33000,518,109
1783951167,2026-07-13T13:59:27Z,SWR188,"41.647446,35.14201",33000,100,125
1783951169,2026-07-13T13:59:29Z,SWR188,"41.645592,35.149441",33000,527,107
1783951171,2026-07-13T13:59:31Z,SWR188,"41.644176,35.154591",33000,513,109
1783951173,2026-07-13T13:59:33Z,SWR188,"41.642262,35.162083",33000,517,109
1783951175,2026-07-13T13:59:35Z,SWR188,"41.640724,35.167839",33000,519,109
1783951178,2026-07-13T13:59:38Z,SWR188,"41.638779,35.174911",33000,519,109
1783951180,2026-07-13T13:59:40Z,SWR188,"41.636959,35.181702",33000,516,109
1783951182,2026-07-13T13:59:42Z,SWR188,"41.635674,35.186596",33000,514,109
1783951184,2026-07-13T13:59:44Z,SWR188,"41.634041,35.192875",33000,516,109
1783951186,2026-07-13T13:59:46Z,SWR188,"41.632301,35.199398",33000,515,109
1783951188,2026-07-13T13:59:48Z,SWR188,"41.630871,35.204773",33000,515,109
1783951190,2026-07-13T13:59:50Z,SWR188,"41.62851,35.2136",33000,514,109
1783951192,2026-07-13T13:59:52Z,SWR188,"41.627197,35.218452",33000,300,109
1783951194,2026-07-13T13:59:54Z,SWR188,"41.625587,35.224377",33000,528,110
1783951196,2026-07-13T13:59:56Z,SWR188,"41.623768,35.231441",33000,320,109
1783951228,2026-07-13T14:00:28Z,SWR188,"41.598495,35.326637",33000,511,109
1783951260,2026-07-13T14:01:00Z,SWR188,"41.572994,35.42197",33000,517,109
1783951292,2026-07-13T14:01:32Z,SWR188,"41.547535,35.516689",33000,516,109
1783951324,2026-07-13T14:02:04Z,SWR188,"41.521809,35.611847",33000,250,114
1783951334,2026-07-13T14:02:14Z,SWR188,"41.512939,35.644802",33000,541,109
1783951336,2026-07-13T14:02:16Z,SWR188,"41.51128,35.650944",33000,529,109
1783951339,2026-07-13T14:02:19Z,SWR188,"41.509705,35.657097",33000,525,108
1783951341,2026-07-13T14:02:21Z,SWR188,"41.507824,35.663292",33000,310,110
1783951343,2026-07-13T14:02:23Z,SWR188,"41.506096,35.670258",33000,510,108
1783951345,2026-07-13T14:02:25Z,SWR188,"41.504055,35.677814",33000,518,109
1783951347,2026-07-13T14:02:27Z,SWR188,"41.502522,35.68335",33000,522,109
1783951349,2026-07-13T14:02:29Z,SWR188,"41.500774,35.689621",33000,515,110
1783951351,2026-07-13T14:02:31Z,SWR188,"41.498745,35.697205",33000,521,109
1783951353,2026-07-13T14:02:33Z,SWR188,"41.497597,35.70153",33000,523,109
1783951356,2026-07-13T14:02:36Z,SWR188,"41.495564,35.708649",33000,400,110
1783951358,2026-07-13T14:02:38Z,SWR188,"41.493614,35.71624",33000,540,108
1783951360,2026-07-13T14:02:40Z,SWR188,"41.491989,35.721333",33000,528,113
1783951362,2026-07-13T14:02:42Z,SWR188,"41.490189,35.728355",33000,370,109
1783951364,2026-07-13T14:02:44Z,SWR188,"41.488609,35.734398",33000,535,109
1783951366,2026-07-13T14:02:46Z,SWR188,"41.486969,35.740036",33000,403,112
1783951368,2026-07-13T14:02:48Z,SWR188,"41.485069,35.747452",33000,542,109
1783951370,2026-07-13T14:02:50Z,SWR188,"41.483135,35.754208",33000,420,111
1783951372,2026-07-13T14:02:52Z,SWR188,"41.481667,35.761414",33000,600,104
1783951375,2026-07-13T14:02:55Z,SWR188,"41.4799,35.766376",33000,517,109
1783951377,2026-07-13T14:02:57Z,SWR188,"41.47826,35.77219",33000,540,110
1783951379,2026-07-13T14:02:59Z,SWR188,"41.476234,35.7794",33000,270,116
1783951381,2026-07-13T14:03:01Z,SWR188,"41.474567,35.785866",33000,537,110
1783951383,2026-07-13T14:03:03Z,SWR188,"41.47295,35.791985",33000,527,109
1783951385,2026-07-13T14:03:05Z,SWR188,"41.471333,35.798325",33000,524,109
1783951387,2026-07-13T14:03:07Z,SWR188,"41.469536,35.80479",33000,522,109
1783951389,2026-07-13T14:03:09Z,SWR188,"41.468002,35.810379",33000,523,109
1783951392,2026-07-13T14:03:12Z,SWR188,"41.466393,35.817028",33000,524,109
1783951395,2026-07-13T14:03:15Z,SWR188,"41.463337,35.826214",33000,370,115
1783951397,2026-07-13T14:03:17Z,SWR188,"41.462345,35.833195",33000,576,91
1783951399,2026-07-13T14:03:19Z,SWR188,"41.46003,35.841114",33000,532,107
1783951401,2026-07-13T14:03:21Z,SWR188,"41.458752,35.846165",33000,530,108
1783951403,2026-07-13T14:03:23Z,SWR188,"41.456707,35.853798",33000,527,108
1783951407,2026-07-13T14:03:27Z,SWR188,"41.453194,35.866531",33000,480,110
1783951409,2026-07-13T14:03:29Z,SWR188,"41.451759,35.87146",33000,512,110
1783951412,2026-07-13T14:03:32Z,SWR188,"41.449913,35.878147",33000,420,110
1783951414,2026-07-13T14:03:34Z,SWR188,"41.448265,35.884556",33000,290,109
1783951416,2026-07-13T14:03:36Z,SWR188,"41.446556,35.890339",33000,516,111
1783951418,2026-07-13T14:03:38Z,SWR188,"41.444649,35.897255",33000,519,110
1783951420,2026-07-13T14:03:40Z,SWR188,"41.443081,35.903008",33000,521,110
1783951422,2026-07-13T14:03:42Z,SWR188,"41.441181,35.910038",33000,522,110
1783951424,2026-07-13T14:03:44Z,SWR188,"41.439526,35.916042",33000,523,110
1783951426,2026-07-13T14:03:46Z,SWR188,"41.437542,35.923615",33000,523,109
1783951454,2026-07-13T14:04:14Z,SWR188,"41.415081,36.005535",33000,150,71
1783951456,2026-07-13T14:04:16Z,SWR188,"41.411854,36.013947",33000,570,120
1783951458,2026-07-13T14:04:18Z,SWR188,"41.409946,36.019733",33000,470,127
1783951460,2026-07-13T14:04:20Z,SWR188,"41.409645,36.024982",33000,110,110
1783951464,2026-07-13T14:04:24Z,SWR188,"41.406399,36.034504",33000,220,125
1783951466,2026-07-13T14:04:26Z,SWR188,"41.404537,36.041294",33000,350,97
1783951468,2026-07-13T14:04:28Z,SWR188,"41.402802,36.047508",33000,536,113
1783951470,2026-07-13T14:04:30Z,SWR188,"41.400646,36.055431",33000,500,112
1783951472,2026-07-13T14:04:32Z,SWR188,"41.398853,36.06012",33000,560,101
1783951474,2026-07-13T14:04:34Z,SWR188,"41.397041,36.06604",33000,70,123
1783951476,2026-07-13T14:04:36Z,SWR188,"41.394886,36.074295",33000,460,126
1783951478,2026-07-13T14:04:38Z,SWR188,"41.393837,36.080467",33000,360,103
1783951480,2026-07-13T14:04:40Z,SWR188,"41.392414,36.086025",33000,290,119
1783951482,2026-07-13T14:04:42Z,SWR188,"41.390553,36.09108",33000,230,121
1783951486,2026-07-13T14:04:46Z,SWR188,"41.387962,36.101559",33000,430,111
1783951488,2026-07-13T14:04:48Z,SWR188,"41.386574,36.106995",33000,523,109
1783951491,2026-07-13T14:04:51Z,SWR188,"41.383297,36.118805",33000,490,109
1783951493,2026-07-13T14:04:53Z,SWR188,"41.381626,36.12505",33000,440,107
1783951495,2026-07-13T14:04:55Z,SWR188,"41.380795,36.129642",33000,130,90
1783951497,2026-07-13T14:04:57Z,SWR188,"41.378578,36.136425",33000,370,110
1783951499,2026-07-13T14:04:59Z,SWR188,"41.376205,36.14204",33000,300,124
1783951501,2026-07-13T14:05:01Z,SWR188,"41.375099,36.148762",33000,280,108
1783951503,2026-07-13T14:05:03Z,SWR188,"41.373512,36.154854",33000,290,107
1783951506,2026-07-13T14:05:06Z,SWR188,"41.371746,36.160789",33000,512,110
1783951508,2026-07-13T14:05:08Z,SWR188,"41.370102,36.166744",33000,524,110
1783951510,2026-07-13T14:05:10Z,SWR188,"41.368427,36.160995",33000,320,96
1783951512,2026-07-13T14:05:12Z,SWR188,"41.365803,36.181835",33000,460,109
1783951514,2026-07-13T14:05:14Z,SWR188,"41.364174,36.186806",33000,460,94
1783951516,2026-07-13T14:05:16Z,SWR188,"41.362926,36.192856",33000,460,93
1783951519,2026-07-13T14:05:19Z,SWR188,"41.361599,36.199017",33000,290,100
1783951521,2026-07-13T14:05:21Z,SWR188,"41.359413,36.205452",33000,160,107
1783951523,2026-07-13T14:05:23Z,SWR188,"41.357437,36.212158",33000,350,108
1783951526,2026-07-13T14:05:26Z,SWR188,"41.355015,36.221458",33000,350,95
1783951528,2026-07-13T14:05:28Z,SWR188,"41.35313,36.229988",33000,510,106
1783951531,2026-07-13T14:05:31Z,SWR188,"41.350689,36.216724",33000,420,104
1783951533,2026-07-13T14:05:33Z,SWR188,"41.348782,36.220722",33000,150,162
1783951537,2026-07-13T14:05:37Z,SWR188,"41.345322,36.231384",33000,500,255
1783951552,2026-07-13T14:05:52Z,SWR188,"41.336258,36.303299",33000,350,102
1783951555,2026-07-13T14:05:55Z,SWR188,"41.330151,36.31353",33000,550,128
1783951557,2026-07-13T14:05:57Z,SWR188,"41.328869,36.315357",33000,295,129
1783951566,2026-07-13T14:06:06Z,SWR188,"41.321983,36.340981",33000,490,109
1783951570,2026-07-13T14:06:10Z,SWR188,"41.318954,36.351833",33000,370,110
1783951574,2026-07-13T14:06:14Z,SWR188,"41.317513,36.371605",33000,800,88
1783951576,2026-07-13T14:06:16Z,SWR188,"41.312828,36.371273",33000,90,191
1783951580,2026-07-13T14:06:20Z,SWR188,"41.310631,36.383926",33000,360,104
1783951582,2026-07-13T14:06:22Z,SWR188,"41.308258,36.392788",33000,530,110
1783951584,2026-07-13T14:06:24Z,SWR188,"41.306992,36.397633",33000,270,109
1783951586,2026-07-13T14:06:26Z,SWR188,"41.305195,36.403667",33000,310,112
1783951588,2026-07-13T14:06:28Z,SWR188,"41.303314,36.410503",33000,90,115
1783951590,2026-07-13T14:06:30Z,SWR188,"41.301704,36.416328",33000,515,110
1783951592,2026-07-13T14:06:32Z,SWR188,"41.299778,36.422981",33000,527,110
1783951595,2026-07-13T14:06:35Z,SWR188,"41.298355,36.428486",33000,300,107
1783951599,2026-07-13T14:06:39Z,SWR188,"41.294567,36.442265",33000,430,109
1783951601,2026-07-13T14:06:41Z,SWR188,"41.295059,36.448696",33000,220,140
1783951604,2026-07-13T14:06:44Z,SWR188,"41.291046,36.45253",33000,220,93
1783951606,2026-07-13T14:06:46Z,SWR188,"41.28894,36.464333",33000,610,91
1783951609,2026-07-13T14:06:49Z,SWR188,"41.287251,36.472691",33000,450,90
1783951611,2026-07-13T14:06:51Z,SWR188,"41.288582,36.477154",33000,280,68
1783951613,2026-07-13T14:06:53Z,SWR188,"41.286926,36.48642",33000,290,117
1783951615,2026-07-13T14:06:55Z,SWR188,"41.282715,36.490685",33000,600,97
1783951617,2026-07-13T14:06:57Z,SWR188,"41.281403,36.497097",33000,504,102
1783951621,2026-07-13T14:07:01Z,SWR188,"41.281548,36.50853",33000,504,91
1783951624,2026-07-13T14:07:04Z,SWR188,"41.276497,36.519653",33000,400,98
1783951627,2026-07-13T14:07:07Z,SWR188,"41.274612,36.533291",33000,640,100
1783951630,2026-07-13T14:07:10Z,SWR188,"41.275764,36.541355",33000,740,83
1783951632,2026-07-13T14:07:12Z,SWR188,"41.27161,36.546341",33000,220,103
1783951635,2026-07-13T14:07:15Z,SWR188,"41.273296,36.552689",33000,220,92
1783951638,2026-07-13T14:07:18Z,SWR188,"41.268604,36.562584",33000,440,136
1783951640,2026-07-13T14:07:20Z,SWR188,"41.271847,36.569046",33000,715,58
1783951642,2026-07-13T14:07:22Z,SWR188,"41.270184,36.575882",33000,310,40
1783951644,2026-07-13T14:07:24Z,SWR188,"41.265949,36.563389",33000,820,266
1783951647,2026-07-13T14:07:27Z,SWR188,"41.264812,36.57637",33000,350,265
1783951652,2026-07-13T14:07:32Z,SWR188,"41.262119,36.607674",33000,543,102
1783951654,2026-07-13T14:07:34Z,SWR188,"41.264099,36.617031",33000,580,59
1783951656,2026-07-13T14:07:36Z,SWR188,"41.263153,36.623486",33000,330,44
1783951659,2026-07-13T14:07:39Z,SWR188,"41.259212,36.63089",33000,350,140
1783951662,2026-07-13T14:07:42Z,SWR188,"41.261463,36.638733",33000,532,97
1783951664,2026-07-13T14:07:44Z,SWR188,"41.260845,36.644947",33000,530,97
1783951666,2026-07-13T14:07:46Z,SWR188,"41.260117,36.652241",33000,531,97
1783951668,2026-07-13T14:07:48Z,SWR188,"41.259537,36.658627",33000,531,97
1783951671,2026-07-13T14:07:51Z,SWR188,"41.258614,36.669571",33000,540,96
1783951675,2026-07-13T14:07:55Z,SWR188,"41.254028,36.684177",33000,390,98
1783951677,2026-07-13T14:07:57Z,SWR188,"41.253803,36.690544",33000,524,95
1783951680,2026-07-13T14:08:00Z,SWR188,"41.256523,36.698986",33000,250,37
1783951682,2026-07-13T14:08:02Z,SWR188,"41.255959,36.706688",33000,534,95
1783951686,2026-07-13T14:08:06Z,SWR188,"41.255264,36.717525",33000,760,93
1783951688,2026-07-13T14:08:08Z,SWR188,"41.254192,36.72739",33000,534,102
1783951691,2026-07-13T14:08:11Z,SWR188,"41.254169,36.734489",33000,350,98
1783951693,2026-07-13T14:08:13Z,SWR188,"41.253483,36.740845",33000,528,96
1783951707,2026-07-13T14:08:27Z,SWR188,"41.2495,36.78812",33000,530,96
1783951710,2026-07-13T14:08:30Z,SWR188,"41.249317,36.79747",33000,531,92
1783951712,2026-07-13T14:08:32Z,SWR188,"41.248764,36.803673",33000,529,97
1783951714,2026-07-13T14:08:34Z,SWR188,"41.248325,36.809822",33000,529,96
1783951716,2026-07-13T14:08:36Z,SWR188,"41.24778,36.816277",33000,532,96
1783951718,2026-07-13T14:08:38Z,SWR188,"41.247272,36.824944",33000,536,95
1783951720,2026-07-13T14:08:40Z,SWR188,"41.247036,36.830334",33000,535,94
1783951722,2026-07-13T14:08:42Z,SWR188,"41.246647,36.836063",33000,535,95
1783951724,2026-07-13T14:08:44Z,SWR188,"41.246162,36.843014",33000,533,95
1783951726,2026-07-13T14:08:46Z,SWR188,"41.245747,36.850178",33000,534,94
1783951729,2026-07-13T14:08:49Z,SWR188,"41.245224,36.856468",33000,532,95
1783951731,2026-07-13T14:08:51Z,SWR188,"41.244461,36.866127",33000,534,95
1783951733,2026-07-13T14:08:53Z,SWR188,"41.24416,36.871399",33000,370,93
1783951735,2026-07-13T14:08:55Z,SWR188,"41.243488,36.876156",33000,790,92
1783951740,2026-07-13T14:09:00Z,SWR188,"41.241959,36.895321",33000,530,95
1783951742,2026-07-13T14:09:02Z,SWR188,"41.24028,36.90163",33000,410,113
1783951746,2026-07-13T14:09:06Z,SWR188,"41.237213,36.915005",33000,470,106
1783951749,2026-07-13T14:09:09Z,SWR188,"41.237072,36.924412",33000,530,93
1783951752,2026-07-13T14:09:12Z,SWR188,"41.236698,36.932842",33000,535,92
1783951755,2026-07-13T14:09:15Z,SWR188,"41.235451,36.941677",33000,380,100
1783951758,2026-07-13T14:09:18Z,SWR188,"41.234386,36.951897",33000,430,97
1783951764,2026-07-13T14:09:24Z,SWR188,"41.231823,36.989368",33000,880,95
1783951766,2026-07-13T14:09:26Z,SWR188,"41.23391,36.980049",33000,280,71
1783951768,2026-07-13T14:09:28Z,SWR188,"41.23542,36.986336",33000,350,56
1783951770,2026-07-13T14:09:30Z,SWR188,"41.234615,37.00135",33000,670,81
1783951774,2026-07-13T14:09:34Z,SWR188,"41.23019,37.003273",33000,670,84
1783951777,2026-07-13T14:09:37Z,SWR188,"41.229797,37.014194",33000,110,192
1783951782,2026-07-13T14:09:42Z,SWR188,"41.228405,37.031338",33000,260,122
1783951784,2026-07-13T14:09:44Z,SWR188,"41.227917,37.037994",33000,554,93
1783951786,2026-07-13T14:09:46Z,SWR188,"41.227066,37.044205",33000,270,104
1783951789,2026-07-13T14:09:49Z,SWR188,"41.226765,37.051857",33000,320,93
1783951791,2026-07-13T14:09:51Z,SWR188,"41.226131,37.058918",33000,340,99
1783951793,2026-07-13T14:09:53Z,SWR188,"41.225616,37.065334",33000,310,99
1783951795,2026-07-13T14:09:55Z,SWR188,"41.225048,37.072208",33000,190,99
1783951797,2026-07-13T14:09:57Z,SWR188,"41.224468,37.079655",33000,320,97
1783951800,2026-07-13T14:10:00Z,SWR188,"41.2239,37.090302",33000,330,84
1783951802,2026-07-13T14:10:02Z,SWR188,"41.223118,37.096809",33000,410,91
1783951804,2026-07-13T14:10:04Z,SWR188,"41.222633,37.103184",33000,280,94
1783951806,2026-07-13T14:10:06Z,SWR188,"41.222267,37.110382",33000,340,91
1783951809,2026-07-13T14:10:09Z,SWR188,"41.221687,37.117542",33000,529,126
1783951811,2026-07-13T14:10:11Z,SWR188,"41.221043,37.12476",33000,536,96
1783951813,2026-07-13T14:10:13Z,SWR188,"41.22065,37.13176",33000,541,95
1783951815,2026-07-13T14:10:15Z,SWR188,"41.220123,37.137169",33000,539,96
1783951817,2026-07-13T14:10:17Z,SWR188,"41.219646,37.144005",33000,540,95
1783951819,2026-07-13T14:10:19Z,SWR188,"41.219105,37.150764",33000,536,95
1783951821,2026-07-13T14:10:21Z,SWR188,"41.218399,37.158951",33000,536,96
1783951823,2026-07-13T14:10:23Z,SWR188,"41.217831,37.166142",33000,561,95
1783951825,2026-07-13T14:10:25Z,SWR188,"41.217411,37.171494",33000,537,95
1783951827,2026-07-13T14:10:27Z,SWR188,"41.216846,37.178379",33000,531,96
1783951829,2026-07-13T14:10:29Z,SWR188,"41.216301,37.184986",33000,533,96
1783951832,2026-07-13T14:10:32Z,SWR188,"41.21571,37.192066",33000,536,96
1783951834,2026-07-13T14:10:34Z,SWR188,"41.215157,37.199322",33000,512,97
1783951836,2026-07-13T14:10:36Z,SWR188,"41.214565,37.206165",33000,537,96
1783951838,2026-07-13T14:10:38Z,SWR188,"41.213993,37.213871",33000,533,96
1783951856,2026-07-13T14:10:56Z,SWR188,"41.209805,37.270332",33000,280,99
1783951860,2026-07-13T14:11:00Z,SWR188,"41.208424,37.284462",33000,526,96
1783951862,2026-07-13T14:11:02Z,SWR188,"41.207916,37.29126",33000,532,96
1783951864,2026-07-13T14:11:04Z,SWR188,"41.207394,37.29808",33000,535,95
1783951866,2026-07-13T14:11:06Z,SWR188,"41.206867,37.305664",33000,539,95
1783951868,2026-07-13T14:11:08Z,SWR188,"41.206367,37.311954",33000,538,95
1783951870,2026-07-13T14:11:10Z,SWR188,"41.20583,37.318806",33000,533,95
1783951872,2026-07-13T14:11:12Z,SWR188,"41.205299,37.325314",33000,535,95
1783951874,2026-07-13T14:11:14Z,SWR188,"41.204876,37.332188",33000,536,95
1783951878,2026-07-13T14:11:18Z,SWR188,"41.204288,37.342514",33000,330,90
1783951881,2026-07-13T14:11:21Z,SWR188,"41.203209,37.354237",33000,480,95
1783951883,2026-07-13T14:11:23Z,SWR188,"41.202953,37.359318",33000,508,97
1783951885,2026-07-13T14:11:25Z,SWR188,"41.202465,37.36673",33000,534,95
1783951887,2026-07-13T14:11:27Z,SWR188,"41.201889,37.374447",33000,537,95
1783951889,2026-07-13T14:11:29Z,SWR188,"41.201488,37.38023",33000,537,95
1783951891,2026-07-13T14:11:31Z,SWR188,"41.20089,37.387493",33000,538,95
1783951894,2026-07-13T14:11:34Z,SWR188,"41.200417,37.394581",33000,536,95
1783951896,2026-07-13T14:11:36Z,SWR188,"41.199963,37.40139",33000,538,95
1783951898,2026-07-13T14:11:38Z,SWR188,"41.199562,37.40926",33000,547,94
1783951900,2026-07-13T14:11:40Z,SWR188,"41.198906,37.415859",33000,531,95
1783951902,2026-07-13T14:11:42Z,SWR188,"41.198368,37.422787",33000,530,95
1783951904,2026-07-13T14:11:44Z,SWR188,"41.197865,37.429314",33000,533,95
1783951906,2026-07-13T14:11:46Z,SWR188,"41.197296,37.436684",33000,537,95
1783951909,2026-07-13T14:11:49Z,SWR188,"41.196743,37.443577",33000,350,95
1783951911,2026-07-13T14:11:51Z,SWR188,"41.195999,37.449432",33000,140,113
1783951913,2026-07-13T14:11:53Z,SWR188,"41.195606,37.457897",33000,549,98
1783951915,2026-07-13T14:11:55Z,SWR188,"41.195156,37.463646",33000,300,95
1783951921,2026-07-13T14:12:01Z,SWR188,"41.193775,37.484142",33000,470,95
1783951926,2026-07-13T14:12:06Z,SWR188,"41.192696,37.498772",33000,290,94
1783951928,2026-07-13T14:12:08Z,SWR188,"41.192398,37.505535",33000,520,93
1783951930,2026-07-13T14:12:10Z,SWR188,"41.19154,37.513744",33000,532,96
1783951932,2026-07-13T14:12:12Z,SWR188,"41.191074,37.520889",33000,260,92
1783951934,2026-07-13T14:12:14Z,SWR188,"41.190536,37.526985",33000,360,100
1783951936,2026-07-13T14:12:16Z,SWR188,"41.190155,37.533482",33000,30,94
1783951938,2026-07-13T14:12:18Z,SWR188,"41.189575,37.540668",33000,280,92
1783951940,2026-07-13T14:12:20Z,SWR188,"41.188988,37.547276",33000,330,96
1783951942,2026-07-13T14:12:22Z,SWR188,"41.188396,37.55484",33000,240,97
1783951947,2026-07-13T14:12:27Z,SWR188,"41.187523,37.567329",33000,360,95
1783951949,2026-07-13T14:12:29Z,SWR188,"41.186981,37.575069",33000,525,95
1783951951,2026-07-13T14:12:31Z,SWR188,"41.186485,37.581718",33000,180,89
1783951953,2026-07-13T14:12:33Z,SWR188,"41.185883,37.58947",33000,150,100
1783951955,2026-07-13T14:12:35Z,SWR188,"41.185471,37.595909",33000,250,95
1783951957,2026-07-13T14:12:37Z,SWR188,"41.185272,37.602097",33000,210,92
1783951959,2026-07-13T14:12:39Z,SWR188,"41.184521,37.609333",33000,170,99
1783951961,2026-07-13T14:12:41Z,SWR188,"41.184196,37.616016",33000,200,100
1783951964,2026-07-13T14:12:44Z,SWR188,"41.183971,37.622402",33000,220,88
1783951966,2026-07-13T14:12:46Z,SWR188,"41.183693,37.629726",33000,280,91
1783951969,2026-07-13T14:12:49Z,SWR188,"41.183067,37.639736",33000,340,92
1783951971,2026-07-13T14:12:51Z,SWR188,"41.182945,37.646236",33000,300,88
1783951973,2026-07-13T14:12:53Z,SWR188,"41.18259,37.652725",33000,290,84
1783951975,2026-07-13T14:12:55Z,SWR188,"41.182053,37.662945",33000,590,93
1783951977,2026-07-13T14:12:57Z,SWR188,"41.181652,37.668842",33000,530,94
1783951979,2026-07-13T14:12:59Z,SWR188,"41.18132,37.67421",33000,536,95
1783951981,2026-07-13T14:13:01Z,SWR188,"41.180843,37.680363",33000,150,96
1783951984,2026-07-13T14:13:04Z,SWR188,"41.17992,37.687008",33000,340,74
1783951986,2026-07-13T14:13:06Z,SWR188,"41.179886,37.69453",33000,190,92
1783951988,2026-07-13T14:13:08Z,SWR188,"41.179302,37.701538",33000,525,95
1783951990,2026-07-13T14:13:10Z,SWR188,"41.178638,37.708302",33000,532,96
1783951992,2026-07-13T14:13:12Z,SWR188,"41.177986,37.716236",33000,532,96
1783951994,2026-07-13T14:13:14Z,SWR188,"41.177582,37.721436",33000,240,97
1783951996,2026-07-13T14:13:16Z,SWR188,"41.176815,37.729366",33000,539,98
1783951999,2026-07-13T14:13:19Z,SWR188,"41.176277,37.736408",33000,330,97
1783952001,2026-07-13T14:13:21Z,SWR188,"41.175472,37.743565",33000,340,99
1783952003,2026-07-13T14:13:23Z,SWR188,"41.174751,37.751759",33000,320,98
1783952005,2026-07-13T14:13:25Z,SWR188,"41.174438,37.757137",33000,320,96
1783952007,2026-07-13T14:13:27Z,SWR188,"41.173744,37.764393",33000,290,98
1783952009,2026-07-13T14:13:29Z,SWR188,"41.173084,37.770996",33000,340,98
1783952011,2026-07-13T14:13:31Z,SWR188,"41.172501,37.777306",33000,290,96
1783952013,2026-07-13T14:13:33Z,SWR188,"41.171898,37.783951",33000,220,98
1783952015,2026-07-13T14:13:35Z,SWR188,"41.170872,37.79369",33000,538,98
1783952018,2026-07-13T14:13:38Z,SWR188,"41.170616,37.798862",33000,280,95
1783952020,2026-07-13T14:13:40Z,SWR188,"41.169926,37.805721",33000,370,92
1783952022,2026-07-13T14:13:42Z,SWR188,"41.169281,37.811886",33000,450,98
1783952024,2026-07-13T14:13:44Z,SWR188,"41.1688,37.817921",33000,340,96
1783952027,2026-07-13T14:13:47Z,SWR188,"41.167572,37.830048",33000,450,96
1783952030,2026-07-13T14:13:50Z,SWR188,"41.166824,37.838188",33000,533,96
1783952032,2026-07-13T14:13:52Z,SWR188,"41.16626,37.845722",33000,300,93
1783952035,2026-07-13T14:13:55Z,SWR188,"41.165348,37.852787",33000,340,98
1783952037,2026-07-13T14:13:57Z,SWR188,"41.163822,37.857983",33000,230,134
1783952039,2026-07-13T14:13:59Z,SWR188,"41.164448,37.865227",33000,190,95
1783952042,2026-07-13T14:14:02Z,SWR188,"41.163635,37.875732",33000,330,97
1783952044,2026-07-13T14:14:04Z,SWR188,"41.162941,37.882439",33000,290,94
1783952046,2026-07-13T14:14:06Z,SWR188,"41.162258,37.88866",33000,518,96
1783952048,2026-07-13T14:14:08Z,SWR188,"41.161678,37.896824",33000,410,92
1783952050,2026-07-13T14:14:10Z,SWR188,"41.160919,37.903942",33000,531,96
1783952052,2026-07-13T14:14:12Z,SWR188,"41.160515,37.908733",33000,543,95
1783952054,2026-07-13T14:14:14Z,SWR188,"41.159943,37.915398",33000,260,96
1783952056,2026-07-13T14:14:16Z,SWR188,"41.159241,37.922325",33000,290,98
1783952058,2026-07-13T14:14:18Z,SWR188,"41.158703,37.930508",33000,513,96
1783952061,2026-07-13T14:14:21Z,SWR188,"41.158249,37.935104",33000,521,96
1783952063,2026-07-13T14:14:23Z,SWR188,"41.1576,37.942474",33000,340,94
1783952065,2026-07-13T14:14:25Z,SWR188,"41.157051,37.949825",33000,370,96
1783952067,2026-07-13T14:14:27Z,SWR188,"41.15654,37.956665",33000,410,94
1783952069,2026-07-13T14:14:29Z,SWR188,"41.155796,37.96365",33000,320,100
1783952071,2026-07-13T14:14:31Z,SWR188,"41.155392,37.969288",33000,250,100
1783952073,2026-07-13T14:14:33Z,SWR188,"41.155071,37.976257",33000,525,94
1783952075,2026-07-13T14:14:35Z,SWR188,"41.154247,37.983448",33000,410,96
1783952077,2026-07-13T14:14:37Z,SWR188,"41.153561,37.991333",33000,450,99
1783952079,2026-07-13T14:14:39Z,SWR188,"41.153107,37.996311",33000,310,96
1783952081,2026-07-13T14:14:41Z,SWR188,"41.152855,38.002804",33000,230,93
1783952084,2026-07-13T14:14:44Z,SWR188,"41.152107,38.011368",33000,380,95
1783952086,2026-07-13T14:14:46Z,SWR188,"41.151566,38.017445",33000,440,95
1783952088,2026-07-13T14:14:48Z,SWR188,"41.1511,38.024353",33000,519,98
1783952091,2026-07-13T14:14:51Z,SWR188,"41.15036,38.033924",33000,200,93
1783952093,2026-07-13T14:14:53Z,SWR188,"41.149693,38.041504",33000,320,98
1783952095,2026-07-13T14:14:55Z,SWR188,"41.149132,38.049435",33000,533,94
1783952098,2026-07-13T14:14:58Z,SWR188,"41.148205,38.058994",33000,529,96
1783952101,2026-07-13T14:15:01Z,SWR188,"41.147526,38.067482",33000,380,97
1783952103,2026-07-13T14:15:03Z,SWR188,"41.147324,38.072296",33000,270,92
1783952105,2026-07-13T14:15:05Z,SWR188,"41.146507,38.080631",33000,500,97
1783952107,2026-07-13T14:15:07Z,SWR188,"41.145885,38.087669",33000,544,93
1783952110,2026-07-13T14:15:10Z,SWR188,"41.145248,38.096241",33000,534,96
1783952112,2026-07-13T14:15:12Z,SWR188,"41.144707,38.103573",33000,529,96
1783952120,2026-07-13T14:15:20Z,SWR188,"41.142708,38.128109",33000,500,96
1783952122,2026-07-13T14:15:22Z,SWR188,"41.142105,38.134647",33000,532,95
1783952124,2026-07-13T14:15:24Z,SWR188,"41.141499,38.14064",33000,534,96
1783952126,2026-07-13T14:15:26Z,SWR188,"41.140934,38.147652",33000,530,96
1783952128,2026-07-13T14:15:28Z,SWR188,"41.14045,38.153587",33000,531,96
1783952130,2026-07-13T14:15:30Z,SWR188,"41.139854,38.160488",33000,528,96
1783952134,2026-07-13T14:15:34Z,SWR188,"41.138947,38.17115",33000,529,96
1783952144,2026-07-13T14:15:44Z,SWR188,"41.136284,38.204464",33000,220,82
1783952146,2026-07-13T14:15:46Z,SWR188,"41.135315,38.213673",33000,310,98
1783952152,2026-07-13T14:15:52Z,SWR188,"41.13364,38.231476",33000,508,98
1783952154,2026-07-13T14:15:54Z,SWR188,"41.13319,38.238907",33000,532,96
1783952156,2026-07-13T14:15:56Z,SWR188,"41.132591,38.245369",33000,531,96
1783952159,2026-07-13T14:15:59Z,SWR188,"41.132114,38.251629",33000,531,96
1783952161,2026-07-13T14:16:01Z,SWR188,"41.131355,38.259338",33000,532,96
1783952163,2026-07-13T14:16:03Z,SWR188,"41.130836,38.265755",33000,531,96
1783952165,2026-07-13T14:16:05Z,SWR188,"41.130169,38.273201",33000,530,96
1783952167,2026-07-13T14:16:07Z,SWR188,"41.129719,38.279198",33000,529,96
1783952169,2026-07-13T14:16:09Z,SWR188,"41.129112,38.286335",33000,530,96
1783952171,2026-07-13T14:16:11Z,SWR188,"41.128529,38.293648",33000,529,96
1783952174,2026-07-13T14:16:14Z,SWR188,"41.127708,38.303307",33000,532,96
1783952184,2026-07-13T14:16:24Z,SWR188,"41.125282,38.335503",33000,410,93
1783952186,2026-07-13T14:16:26Z,SWR188,"41.12468,38.34016",33000,60,91
1783952188,2026-07-13T14:16:28Z,SWR188,"41.124023,38.348221",33000,330,97
1783952191,2026-07-13T14:16:31Z,SWR188,"41.123131,38.357834",33000,390,96
1783952193,2026-07-13T14:16:33Z,SWR188,"41.122593,38.364841",33000,150,94
1783952196,2026-07-13T14:16:36Z,SWR188,"41.122189,38.370907",33000,130,99
1783952198,2026-07-13T14:16:38Z,SWR188,"41.121613,38.377815",33000,536,96
1783952203,2026-07-13T14:16:43Z,SWR188,"41.120098,38.39579",33000,510,96
1783952205,2026-07-13T14:16:45Z,SWR188,"41.119682,38.401173",33000,20,95
1783952207,2026-07-13T14:16:47Z,SWR188,"41.11911,38.408691",33000,518,97
1783952209,2026-07-13T14:16:49Z,SWR188,"41.118649,38.414963",33000,529,93
1783952211,2026-07-13T14:16:51Z,SWR188,"41.118263,38.421837",33000,150,90
1783952213,2026-07-13T14:16:53Z,SWR188,"41.117508,38.428566",33000,290,90
1783952215,2026-07-13T14:16:55Z,SWR188,"41.116993,38.435081",33000,130,88
1783952218,2026-07-13T14:16:58Z,SWR188,"41.116226,38.442905",33000,524,97
1783952220,2026-07-13T14:17:00Z,SWR188,"41.115654,38.450665",33000,525,96
1783952222,2026-07-13T14:17:02Z,SWR188,"41.11504,38.455719",33000,523,97
1783952224,2026-07-13T14:17:04Z,SWR188,"41.11433,38.463326",33000,527,97
1783952226,2026-07-13T14:17:06Z,SWR188,"41.113991,38.469261",33000,533,96
1783952228,2026-07-13T14:17:08Z,SWR188,"41.113628,38.476601",33000,340,91
1783952230,2026-07-13T14:17:10Z,SWR188,"41.113003,38.482613",33000,527,97
1783952232,2026-07-13T14:17:12Z,SWR188,"41.112514,38.489666",33000,350,97
1783952235,2026-07-13T14:17:15Z,SWR188,"41.111938,38.497429",33000,450,98
1783952237,2026-07-13T14:17:17Z,SWR188,"41.111622,38.502991",33000,320,94
1783952239,2026-07-13T14:17:19Z,SWR188,"41.110806,38.51017",33000,290,95
1783952241,2026-07-13T14:17:21Z,SWR188,"41.110538,38.516895",33000,70,56
1783952243,2026-07-13T14:17:23Z,SWR188,"41.109776,38.523651",33000,527,98
1783952246,2026-07-13T14:17:26Z,SWR188,"41.108616,38.535088",33000,490,97
1783952248,2026-07-13T14:17:28Z,SWR188,"41.108181,38.539745",33000,270,97
1783952250,2026-07-13T14:17:30Z,SWR188,"41.108059,38.546772",33000,521,94
1783952252,2026-07-13T14:17:32Z,SWR188,"41.107365,38.554085",33000,527,96
1783952254,2026-07-13T14:17:34Z,SWR188,"41.106632,38.561783",33000,523,96
1783952257,2026-07-13T14:17:37Z,SWR188,"41.106018,38.56768",33000,522,96
1783952259,2026-07-13T14:17:39Z,SWR188,"41.105644,38.573914",33000,532,96
1783952261,2026-07-13T14:17:41Z,SWR188,"41.105106,38.581596",33000,532,95
1783952263,2026-07-13T14:17:43Z,SWR188,"41.10463,38.589432",33000,460,93
1783952265,2026-07-13T14:17:45Z,SWR188,"41.103973,38.594772",33000,543,99
1783952267,2026-07-13T14:17:47Z,SWR188,"41.103588,38.601444",33000,529,95
1783952269,2026-07-13T14:17:49Z,SWR188,"41.103008,38.60767",33000,525,96
1783952272,2026-07-13T14:17:52Z,SWR188,"41.101738,38.620453",33000,520,97
1783952276,2026-07-13T14:17:56Z,SWR188,"41.100891,38.62817",33000,320,98
1783952281,2026-07-13T14:18:01Z,SWR188,"41.099545,38.647015",33000,450,97
1783952284,2026-07-13T14:18:04Z,SWR188,"41.098568,38.657677",33000,460,96
1783952288,2026-07-13T14:18:08Z,SWR188,"41.097511,38.671108",33000,430,95
1783952290,2026-07-13T14:18:10Z,SWR188,"41.097057,38.676991",33000,522,95
1783952293,2026-07-13T14:18:13Z,SWR188,"41.096642,38.682613",33000,521,96
1783952295,2026-07-13T14:18:15Z,SWR188,"41.095905,38.690895",33000,524,96
1783952302,2026-07-13T14:18:22Z,SWR188,"41.093819,38.71526",33000,450,95
1783952304,2026-07-13T14:18:24Z,SWR188,"41.09322,38.72187",33000,310,97
1783952306,2026-07-13T14:18:26Z,SWR188,"41.092743,38.727219",33000,350,95
1783952310,2026-07-13T14:18:30Z,SWR188,"41.091965,38.736427",33000,370,96
1783952312,2026-07-13T14:18:32Z,SWR188,"41.090736,38.746212",33000,540,99
1783952314,2026-07-13T14:18:34Z,SWR188,"41.090816,38.751022",33000,534,90
1783952317,2026-07-13T14:18:37Z,SWR188,"41.089031,38.762817",33000,360,98
1783952319,2026-07-13T14:18:39Z,SWR188,"41.088692,38.768509",33000,370,105
1783952321,2026-07-13T14:18:41Z,SWR188,"41.088173,38.774818",33000,280,105
1783952324,2026-07-13T14:18:44Z,SWR188,"41.087845,38.782482",33000,526,94
1783952326,2026-07-13T14:18:46Z,SWR188,"41.087337,38.788116",33000,320,96
1783952329,2026-07-13T14:18:49Z,SWR188,"41.086422,38.798367",33000,390,96
1783952332,2026-07-13T14:18:52Z,SWR188,"41.08477,38.809814",33000,430,100
1783952334,2026-07-13T14:18:54Z,SWR188,"41.084324,38.81662",33000,300,100
1783952343,2026-07-13T14:19:03Z,SWR188,"41.081997,38.846348",33000,480,95
1783952345,2026-07-13T14:19:05Z,SWR188,"41.081417,38.854092",33000,460,95
1783952348,2026-07-13T14:19:08Z,SWR188,"41.080994,38.857822",33000,210,97
1783952350,2026-07-13T14:19:10Z,SWR188,"41.08041,38.865211",33000,545,92
1783952352,2026-07-13T14:19:12Z,SWR188,"41.079002,38.871742",33000,120,102
1783952354,2026-07-13T14:19:14Z,SWR188,"41.078949,38.877708",33000,528,95
1783952356,2026-07-13T14:19:16Z,SWR188,"41.078739,38.884563",33000,514,94
1783952359,2026-07-13T14:19:19Z,SWR188,"41.077385,38.896824",33000,510,98
1783952361,2026-07-13T14:19:21Z,SWR188,"41.076939,38.901459",33000,544,97
1783952363,2026-07-13T14:19:23Z,SWR188,"41.07642,38.907887",33000,517,96
1783952366,2026-07-13T14:19:26Z,SWR188,"41.075771,38.915562",33000,523,96
1783952368,2026-07-13T14:19:28Z,SWR188,"41.075233,38.92194",33000,518,96
1783952370,2026-07-13T14:19:30Z,SWR188,"41.07452,38.929207",33000,526,96
1783952372,2026-07-13T14:19:32Z,SWR188,"41.073906,38.93565",33000,526,97
1783952374,2026-07-13T14:19:34Z,SWR188,"41.073269,38.942085",33000,525,97
1783952376,2026-07-13T14:19:36Z,SWR188,"41.072613,38.94865",33000,559,98
1783952378,2026-07-13T14:19:38Z,SWR188,"41.071781,38.956898",33000,380,96
1783952380,2026-07-13T14:19:40Z,SWR188,"41.071316,38.962173",33000,530,98
1783952382,2026-07-13T14:19:42Z,SWR188,"41.070732,38.968964",33000,527,97
1783952384,2026-07-13T14:19:44Z,SWR188,"41.070309,38.97472",33000,497,90
1783952386,2026-07-13T14:19:46Z,SWR188,"41.069519,38.98164",33000,530,97
1783952388,2026-07-13T14:19:48Z,SWR188,"41.068596,38.989616",33000,450,99
1783952391,2026-07-13T14:19:51Z,SWR188,"41.068272,38.994514",33000,290,95
1783952393,2026-07-13T14:19:53Z,SWR188,"41.067501,39.002625",33000,470,99
1783952395,2026-07-13T14:19:55Z,SWR188,"41.067158,39.007347",33000,280,98
1783952397,2026-07-13T14:19:57Z,SWR188,"41.066177,39.015415",33000,100,108
1783952400,2026-07-13T14:20:00Z,SWR188,"41.064785,39.024364",33000,380,105
1783952402,2026-07-13T14:20:02Z,SWR188,"41.06464,39.03339",33000,410,86
1783952404,2026-07-13T14:20:04Z,SWR188,"41.063534,39.041382",33000,390,89
1783952407,2026-07-13T14:20:07Z,SWR188,"41.062435,39.049473",33000,340,100
1783952410,2026-07-13T14:20:10Z,SWR188,"41.062004,39.05484",33000,180,122
1783952413,2026-07-13T14:20:13Z,SWR188,"41.06155,39.065674",33000,460,93
1783952416,2026-07-13T14:20:16Z,SWR188,"41.060371,39.077415",33000,480,97
1783952418,2026-07-13T14:20:18Z,SWR188,"41.059978,39.082432",33000,200,97
1783952420,2026-07-13T14:20:20Z,SWR188,"41.058693,39.08987",33000,170,123
1783952422,2026-07-13T14:20:22Z,SWR188,"41.057835,39.095844",33000,520,104
1783952424,2026-07-13T14:20:24Z,SWR188,"41.057983,39.102764",33000,574,73
1783952427,2026-07-13T14:20:27Z,SWR188,"41.057064,39.110012",33000,533,94
1783952429,2026-07-13T14:20:29Z,SWR188,"41.056671,39.116142",33000,528,94
1783952431,2026-07-13T14:20:31Z,SWR188,"41.056137,39.122906",33000,160,100
1783952435,2026-07-13T14:20:35Z,SWR188,"41.054726,39.13802",33000,500,95
1783952437,2026-07-13T14:20:37Z,SWR188,"41.054382,39.142765",33000,528,95
1783952439,2026-07-13T14:20:39Z,SWR188,"41.053719,39.15115",33000,400,95
1783952441,2026-07-13T14:20:41Z,SWR188,"41.05299,39.159107",33000,470,96
1783952443,2026-07-13T14:20:43Z,SWR188,"41.051487,39.162697",33000,240,110
1783952445,2026-07-13T14:20:45Z,SWR188,"41.051033,39.168919",33000,527,95
1783952447,2026-07-13T14:20:47Z,SWR188,"41.050045,39.176498",33000,290,101
1783952451,2026-07-13T14:20:51Z,SWR188,"41.049995,39.189064",33000,510,90
1783952453,2026-07-13T14:20:53Z,SWR188,"41.049622,39.192413",33000,130,96
1783952455,2026-07-13T14:20:55Z,SWR188,"41.049061,39.200321",33000,460,95
1783952457,2026-07-13T14:20:57Z,SWR188,"41.048279,39.207184",33000,390,98
1783952459,2026-07-13T14:20:59Z,SWR188,"41.04755,39.214996",33000,390,97
1783952463,2026-07-13T14:21:03Z,SWR188,"41.046566,39.227081",33000,430,96
1783952466,2026-07-13T14:21:06Z,SWR188,"41.045906,39.235241",33000,280,97
1783952468,2026-07-13T14:21:08Z,SWR188,"41.045376,39.240276",33000,290,94
1783952470,2026-07-13T14:21:10Z,SWR188,"41.044754,39.247032",33000,360,70
1783952472,2026-07-13T14:21:12Z,SWR188,"41.043953,39.255108",33000,440,95
1783952475,2026-07-13T14:21:15Z,SWR188,"41.042072,39.26519",33000,390,109
1783952477,2026-07-13T14:21:17Z,SWR188,"41.04253,39.271011",33000,521,96
1783952479,2026-07-13T14:21:19Z,SWR188,"41.040752,39.279636",33000,400,91
1783952481,2026-07-13T14:21:21Z,SWR188,"41.040867,39.286808",33000,390,99
1783952485,2026-07-13T14:21:25Z,SWR188,"41.040405,39.293571",33000,505,92
1783952487,2026-07-13T14:21:27Z,SWR188,"41.039768,39.302723",33000,420,87
1783952489,2026-07-13T14:21:29Z,SWR188,"41.038048,39.308506",33000,320,99
1783952491,2026-07-13T14:21:31Z,SWR188,"41.037144,39.31662",33000,320,101
1783952493,2026-07-13T14:21:33Z,SWR188,"41.03627,39.324135",33000,400,97
1783952496,2026-07-13T14:21:36Z,SWR188,"41.035473,39.334988",33000,430,107
1783952500,2026-07-13T14:21:40Z,SWR188,"41.034794,39.344936",33000,480,96
1783952502,2026-07-13T14:21:42Z,SWR188,"41.034225,39.350235",33000,370,96
1783952504,2026-07-13T14:21:44Z,SWR188,"41.033585,39.356667",33000,340,95
1783952506,2026-07-13T14:21:46Z,SWR188,"41.032948,39.363281",33000,523,96
1783952511,2026-07-13T14:21:51Z,SWR188,"41.030899,39.382462",33000,420,96
1783952513,2026-07-13T14:21:53Z,SWR188,"41.030224,39.38541",33000,180,120
1783952515,2026-07-13T14:21:55Z,SWR188,"41.02993,39.393703",33000,340,101
1783952517,2026-07-13T14:21:57Z,SWR188,"41.029156,39.400928",33000,410,99
1783952519,2026-07-13T14:21:59Z,SWR188,"41.028973,39.406635",33000,350,93
1783952521,2026-07-13T14:22:01Z,SWR188,"41.028004,39.412769",33000,536,94
1783952524,2026-07-13T14:22:04Z,SWR188,"41.027416,39.419521",33000,340,97
1783952526,2026-07-13T14:22:06Z,SWR188,"41.026726,39.427395",33000,520,100
1783952528,2026-07-13T14:22:08Z,SWR188,"41.025993,39.433887",33000,310,99
1783952530,2026-07-13T14:22:10Z,SWR188,"41.025795,39.438705",33000,300,95
1783952532,2026-07-13T14:22:12Z,SWR188,"41.024994,39.44566",33000,330,96
1783952534,2026-07-13T14:22:14Z,SWR188,"41.02446,39.452267",33000,240,94
1783952536,2026-07-13T14:22:16Z,SWR188,"41.023739,39.459969",33000,330,100
1783952538,2026-07-13T14:22:18Z,SWR188,"41.023067,39.465961",33000,280,98
1783952540,2026-07-13T14:22:20Z,SWR188,"41.022358,39.474773",33000,440,95
1783952542,2026-07-13T14:22:22Z,SWR188,"41.021862,39.480095",33000,360,95
1783952545,2026-07-13T14:22:25Z,SWR188,"41.021088,39.486057",33000,220,100
1783952547,2026-07-13T14:22:27Z,SWR188,"41.020527,39.493496",33000,524,96
1783952549,2026-07-13T14:22:29Z,SWR188,"41.019981,39.499321",33000,200,100
1783952551,2026-07-13T14:22:31Z,SWR188,"41.019093,39.507446",33000,330,98
1783952553,2026-07-13T14:22:33Z,SWR188,"41.018806,39.512833",33000,290,94
1783952555,2026-07-13T14:22:35Z,SWR188,"41.018044,39.520107",33000,380,97
1783952557,2026-07-13T14:22:37Z,SWR188,"41.017128,39.527611",33000,420,99
1783952559,2026-07-13T14:22:39Z,SWR188,"41.016605,39.533924",33000,350,96
1783952562,2026-07-13T14:22:42Z,SWR188,"41.016144,39.54076",33000,290,94
1783952564,2026-07-13T14:22:44Z,SWR188,"41.015293,39.547485",33000,410,99
1783952566,2026-07-13T14:22:46Z,SWR188,"41.015011,39.553757",33000,240,93
1783952568,2026-07-13T14:22:48Z,SWR188,"41.014477,39.559895",33000,270,95
1783952570,2026-07-13T14:22:50Z,SWR188,"41.013687,39.566708",33000,60,101
1783952572,2026-07-13T14:22:52Z,SWR188,"41.013054,39.573029",33000,130,93
1783952574,2026-07-13T14:22:54Z,SWR188,"41.012547,39.579643",33000,250,94
1783952576,2026-07-13T14:22:56Z,SWR188,"41.01173,39.586372",33000,130,89
1783952578,2026-07-13T14:22:58Z,SWR188,"41.011238,39.592682",33000,310,94
1783952580,2026-07-13T14:23:00Z,SWR188,"41.010582,39.599644",33000,497,98
1783952584,2026-07-13T14:23:04Z,SWR188,"41.009209,39.611053",33000,640,87
1783952586,2026-07-13T14:23:06Z,SWR188,"41.008831,39.617664",33000,320,100
1783952588,2026-07-13T14:23:08Z,SWR188,"41.008366,39.62289",33000,300,96
1783952590,2026-07-13T14:23:10Z,SWR188,"41.007401,39.629848",33000,320,99
1783952592,2026-07-13T14:23:12Z,SWR188,"41.006954,39.63607",33000,280,98
1783952594,2026-07-13T14:23:14Z,SWR188,"41.006325,39.642914",33000,350,100
1783952596,2026-07-13T14:23:16Z,SWR188,"41.005878,39.649731",33000,310,88
1783952598,2026-07-13T14:23:18Z,SWR188,"41.005585,39.655186",33000,200,86
1783952600,2026-07-13T14:23:20Z,SWR188,"41.004711,39.662144",33000,537,98
1783952602,2026-07-13T14:23:22Z,SWR188,"41.003967,39.66975",33000,524,97
1783952605,2026-07-13T14:23:25Z,SWR188,"41.002953,39.676212",33000,310,104
1783952607,2026-07-13T14:23:27Z,SWR188,"41.002518,39.68343",33000,310,110
1783952609,2026-07-13T14:23:29Z,SWR188,"41.001743,39.690571",33000,531,99
1783952611,2026-07-13T14:23:31Z,SWR188,"41.001064,39.697456",33000,528,98
1783952613,2026-07-13T14:23:33Z,SWR188,"41.000408,39.703453",33000,220,104
1783952615,2026-07-13T14:23:35Z,SWR188,"40.999653,39.710171",33000,50,104
1783952618,2026-07-13T14:23:38Z,SWR188,"40.999199,39.718388",33000,410,93
1783952620,2026-07-13T14:23:40Z,SWR188,"40.9981,39.726189",33000,300,98
1783952622,2026-07-13T14:23:42Z,SWR188,"40.997257,39.733875",33000,530,102
1783952624,2026-07-13T14:23:44Z,SWR188,"40.997158,39.737732",33000,270,97
1783952626,2026-07-13T14:23:46Z,SWR188,"40.996208,39.74572",33000,380,96
1783952628,2026-07-13T14:23:48Z,SWR188,"40.995781,39.750626",33000,310,99
1783952630,2026-07-13T14:23:50Z,SWR188,"40.994972,39.760063",33000,360,94
1783952633,2026-07-13T14:23:53Z,SWR188,"40.994282,39.768646",33000,470,99
1783952642,2026-07-13T14:24:02Z,SWR188,"40.991798,39.79644",33000,490,96
1783952673,2026-07-13T14:24:33Z,SWR188,"40.991203,39.893734",33000,510,90
1783952697,2026-07-13T14:24:57Z,SWR188,"40.986404,39.97266",33000,280,95
1783952699,2026-07-13T14:24:59Z,SWR188,"40.98682,39.978764",33000,340,84
1783952703,2026-07-13T14:25:03Z,SWR188,"40.986496,39.989849",33000,450,92
1783952705,2026-07-13T14:25:05Z,SWR188,"40.986561,39.996338",33000,270,77
1783952707,2026-07-13T14:25:07Z,SWR188,"40.985928,40.003101",33000,390,97
1783952710,2026-07-13T14:25:10Z,SWR188,"40.985733,40.013676",33000,710,159
1783952712,2026-07-13T14:25:12Z,SWR188,"40.985313,40.02108",33000,240,94
1783952718,2026-07-13T14:25:18Z,SWR188,"40.985176,40.037304",33000,520,128
1783952720,2026-07-13T14:25:20Z,SWR188,"40.984955,40.044601",33000,516,89
1783952722,2026-07-13T14:25:22Z,SWR188,"40.983864,40.05188",33000,330,114
1783952724,2026-07-13T14:25:24Z,SWR188,"40.98542,40.057594",33000,160,71
1783952726,2026-07-13T14:25:26Z,SWR188,"40.985035,40.064072",33000,200,81
1783952729,2026-07-13T14:25:29Z,SWR188,"40.995029,40.072388",33000,600,12
1783952732,2026-07-13T14:25:32Z,SWR188,"40.987114,40.087204",33000,360,61
1783952734,2026-07-13T14:25:34Z,SWR188,"40.984356,40.092678",33000,140,91
1783952736,2026-07-13T14:25:36Z,SWR188,"40.98418,40.09943",33000,430,90
1783952740,2026-07-13T14:25:40Z,SWR188,"40.983303,40.109612",33000,370,129
1783952742,2026-07-13T14:25:42Z,SWR188,"40.987164,40.114712",33000,450,27
1783952744,2026-07-13T14:25:44Z,SWR188,"40.983635,40.121376",33000,300,166
1783952746,2026-07-13T14:25:46Z,SWR188,"40.989429,40.126919",33000,500,10
1783952748,2026-07-13T14:25:48Z,SWR188,"40.982697,40.135365",33000,380,144
1783952771,2026-07-13T14:26:11Z,SWR188,"40.982151,40.211788",33000,490,94
1783952773,2026-07-13T14:26:13Z,SWR188,"40.98217,40.216999",33000,210,98
1783952775,2026-07-13T14:26:15Z,SWR188,"40.981976,40.225452",33000,528,91
1783952777,2026-07-13T14:26:17Z,SWR188,"40.981995,40.231098",33000,120,86
1783952780,2026-07-13T14:26:20Z,SWR188,"40.981728,40.237503",33000,523,92
1783952782,2026-07-13T14:26:22Z,SWR188,"40.981598,40.244717",33000,528,91
1783952784,2026-07-13T14:26:24Z,SWR188,"40.981525,40.252045",33000,530,91
1783952786,2026-07-13T14:26:26Z,SWR188,"40.981529,40.257442",33000,519,90
1783952788,2026-07-13T14:26:28Z,SWR188,"40.98143,40.264641",33000,520,91
1783952790,2026-07-13T14:26:30Z,SWR188,"40.981075,40.273663",33000,522,91
1783952792,2026-07-13T14:26:32Z,SWR188,"40.980789,40.280025",33000,370,93
1783952794,2026-07-13T14:26:34Z,SWR188,"40.980667,40.286148",33000,500,93
1783952796,2026-07-13T14:26:36Z,SWR188,"40.98064,40.292713",33000,529,92
1783952798,2026-07-13T14:26:38Z,SWR188,"40.980766,40.29834",33000,529,89
1783952801,2026-07-13T14:26:41Z,SWR188,"40.980621,40.306313",33000,532,90
1783952803,2026-07-13T14:26:43Z,SWR188,"40.98056,40.312283",33000,525,85
1783952805,2026-07-13T14:26:45Z,SWR188,"40.98,40.319546",33000,370,92
1783952807,2026-07-13T14:26:47Z,SWR188,"40.979797,40.326149",33000,540,97
1783952809,2026-07-13T14:26:49Z,SWR188,"40.979797,40.331722",33000,523,93
1783952811,2026-07-13T14:26:51Z,SWR188,"40.979755,40.338642",33000,527,92
1783952816,2026-07-13T14:26:56Z,SWR188,"40.980316,40.357605",33000,450,86
1783952818,2026-07-13T14:26:58Z,SWR188,"40.979469,40.363178",33000,559,97
1783952821,2026-07-13T14:27:01Z,SWR188,"40.979298,40.369926",33000,523,93
1783952823,2026-07-13T14:27:03Z,SWR188,"40.979469,40.377766",33000,517,91
1783952825,2026-07-13T14:27:05Z,SWR188,"40.979202,40.383286",33000,525,91
1783952827,2026-07-13T14:27:07Z,SWR188,"40.978958,40.393497",33000,531,92
1783952829,2026-07-13T14:27:09Z,SWR188,"40.97884,40.397831",33000,527,92
1783952834,2026-07-13T14:27:14Z,SWR188,"40.977859,40.411377",33000,450,95
1783952836,2026-07-13T14:27:16Z,SWR188,"40.977528,40.420261",33000,526,93
1783952838,2026-07-13T14:27:18Z,SWR188,"40.977409,40.425388",33000,529,92
1783952840,2026-07-13T14:27:20Z,SWR188,"40.977184,40.433105",33000,527,92
1783952842,2026-07-13T14:27:22Z,SWR188,"40.97728,40.440109",33000,528,90
1783952844,2026-07-13T14:27:24Z,SWR188,"40.9771,40.447773",33000,524,91
1783952847,2026-07-13T14:27:27Z,SWR188,"40.97702,40.454773",33000,500,88
1783952849,2026-07-13T14:27:29Z,SWR188,"40.976967,40.459526",33000,509,91
1783952851,2026-07-13T14:27:31Z,SWR188,"40.981781,40.464661",33000,70,99
1783952853,2026-07-13T14:27:33Z,SWR188,"40.981945,40.471073",33000,380,88
1783952855,2026-07-13T14:27:35Z,SWR188,"40.977058,40.480621",33000,597,26
1783952857,2026-07-13T14:27:37Z,SWR188,"40.975914,40.48888",33000,574,101
1783952859,2026-07-13T14:27:39Z,SWR188,"40.976227,40.494404",33000,230,93
1783952861,2026-07-13T14:27:41Z,SWR188,"40.975636,40.501236",33000,538,94
1783952864,2026-07-13T14:27:44Z,SWR188,"40.975601,40.507938",33000,530,92
1783952866,2026-07-13T14:27:46Z,SWR188,"40.976265,40.515522",33000,380,77
1783952869,2026-07-13T14:27:49Z,SWR188,"40.974854,40.524693",33000,530,144
1783952871,2026-07-13T14:27:51Z,SWR188,"40.968422,40.534863",33000,440,124
1783952874,2026-07-13T14:27:54Z,SWR188,"40.969311,40.54504",33000,810,142
1783952876,2026-07-13T14:27:56Z,SWR188,"40.975929,40.548065",33000,680,154
1783952878,2026-07-13T14:27:58Z,SWR188,"40.988934,40.54842",33000,210,10
1783952884,2026-07-13T14:28:04Z,SWR188,"40.974075,40.571678",33000,521,90
1783952886,2026-07-13T14:28:06Z,SWR188,"40.973694,40.57917",33000,529,92
1783952888,2026-07-13T14:28:08Z,SWR188,"40.973541,40.586884",33000,523,78
1783952891,2026-07-13T14:28:11Z,SWR188,"40.973167,40.596954",33000,480,93
1783952893,2026-07-13T14:28:13Z,SWR188,"40.973164,40.603626",33000,360,91
1783952895,2026-07-13T14:28:15Z,SWR188,"40.972916,40.612396",33000,523,92
1783952898,2026-07-13T14:28:18Z,SWR188,"40.972713,40.617371",33000,190,93
1783952900,2026-07-13T14:28:20Z,SWR188,"40.972698,40.623821",33000,190,90
1783952903,2026-07-13T14:28:23Z,SWR188,"40.972069,40.635082",33000,532,146
1783952905,2026-07-13T14:28:25Z,SWR188,"40.971619,40.641613",33000,170,101
1783952907,2026-07-13T14:28:27Z,SWR188,"40.971725,40.647652",33000,504,88
1783952909,2026-07-13T14:28:29Z,SWR188,"40.971874,40.654888",33000,531,88
1783952911,2026-07-13T14:28:31Z,SWR188,"40.971535,40.662094",33000,521,91
1783952914,2026-07-13T14:28:34Z,SWR188,"40.971043,40.668636",33000,523,93
1783952916,2026-07-13T14:28:36Z,SWR188,"40.970669,40.677155",33000,524,93
1783952918,2026-07-13T14:28:38Z,SWR188,"40.970642,40.682549",33000,120,71
1783952920,2026-07-13T14:28:40Z,SWR188,"40.970509,40.689415",33000,520,90
1783952922,2026-07-13T14:28:42Z,SWR188,"40.970699,40.695408",33000,520,343
1783952924,2026-07-13T14:28:44Z,SWR188,"40.970459,40.701763",33000,509,89
1783952926,2026-07-13T14:28:46Z,SWR188,"40.969994,40.709061",33000,525,92
1783952928,2026-07-13T14:28:48Z,SWR188,"40.969696,40.715748",33000,528,92
1783952930,2026-07-13T14:28:50Z,SWR188,"40.969551,40.722191",33000,526,92
1783952933,2026-07-13T14:28:53Z,SWR188,"40.969219,40.728806",33000,530,93
1783952935,2026-07-13T14:28:55Z,SWR188,"40.968983,40.736496",33000,520,92
1783952937,2026-07-13T14:28:57Z,SWR188,"40.969086,40.743706",33000,518,90
1783952939,2026-07-13T14:28:59Z,SWR188,"40.968822,40.750683",33000,522,92
1783952941,2026-07-13T14:29:01Z,SWR188,"40.968311,40.75626",33000,529,93
1783952943,2026-07-13T14:29:03Z,SWR188,"40.968082,40.763378",33000,524,93
1783952945,2026-07-13T14:29:05Z,SWR188,"40.967854,40.769642",33000,524,92
1783952947,2026-07-13T14:29:07Z,SWR188,"40.968128,40.776173",33000,524,89
1783952949,2026-07-13T14:29:09Z,SWR188,"40.968075,40.78294",33000,520,90
1783952952,2026-07-13T14:29:12Z,SWR188,"40.9678,40.789673",33000,519,91
1783952954,2026-07-13T14:29:14Z,SWR188,"40.967422,40.797089",33000,520,92
1783952956,2026-07-13T14:29:16Z,SWR188,"40.967411,40.803993",33000,525,91
1783952958,2026-07-13T14:29:18Z,SWR188,"40.96703,40.812286",33000,529,92
1783952960,2026-07-13T14:29:20Z,SWR188,"40.966393,40.818916",33000,380,96
1783952963,2026-07-13T14:29:23Z,SWR188,"40.965984,40.828968",33000,420,8
1783952966,2026-07-13T14:29:26Z,SWR188,"40.965828,40.834888",33000,60,90
1783952968,2026-07-13T14:29:28Z,SWR188,"40.966064,40.841881",33000,510,89
1783952970,2026-07-13T14:29:30Z,SWR188,"40.965828,40.848206",33000,518,91
1783952972,2026-07-13T14:29:32Z,SWR188,"40.960392,40.857956",33000,900,138
1783952975,2026-07-13T14:29:35Z,SWR188,"40.965244,40.866302",33000,260,102
1783952978,2026-07-13T14:29:38Z,SWR188,"40.964615,40.875439",33000,500,95
1783952981,2026-07-13T14:29:41Z,SWR188,"40.964901,40.88324",33000,150,73
1783952984,2026-07-13T14:29:44Z,SWR188,"40.96452,40.895786",33000,530,92
1783952986,2026-07-13T14:29:46Z,SWR188,"40.964405,40.899464",33000,200,92
1783952988,2026-07-13T14:29:48Z,SWR188,"40.964729,40.9058",33000,310,84
1783952990,2026-07-13T14:29:50Z,SWR188,"40.964535,40.912701",33000,320,73
1783952992,2026-07-13T14:29:52Z,SWR188,"40.963905,40.919289",33000,510,90
1783952994,2026-07-13T14:29:54Z,SWR188,"40.963806,40.92717",33000,440,89
1783952997,2026-07-13T14:29:57Z,SWR188,"40.962543,40.937527",33000,160,109
1783953000,2026-07-13T14:30:00Z,SWR188,"40.962955,40.94799",33000,500,95
1783953003,2026-07-13T14:30:03Z,SWR188,"40.96349,40.952297",33000,482,82
1783953005,2026-07-13T14:30:05Z,SWR188,"40.961544,40.961884",33000,480,115
1783953008,2026-07-13T14:30:08Z,SWR188,"40.9627,40.969872",33000,478,82
1783953010,2026-07-13T14:30:10Z,SWR188,"40.962254,40.976582",33000,521,92
1783953012,2026-07-13T14:30:12Z,SWR188,"40.961914,40.98296",33000,190,107
1783953014,2026-07-13T14:30:14Z,SWR188,"40.962006,40.989456",33000,260,96
1783953016,2026-07-13T14:30:16Z,SWR188,"40.961494,40.998989",33000,524,92
1783953018,2026-07-13T14:30:18Z,SWR188,"40.961254,41.003078",33000,527,93
1783953020,2026-07-13T14:30:20Z,SWR188,"40.960743,41.01067",33000,420,96
1783953022,2026-07-13T14:30:22Z,SWR188,"40.960968,41.016361",33000,531,92
1783953024,2026-07-13T14:30:24Z,SWR188,"40.960869,41.02264",33000,521,91
1783953026,2026-07-13T14:30:26Z,SWR188,"40.959995,41.029171",33000,582,113
1783953029,2026-07-13T14:30:29Z,SWR188,"40.960838,41.036945",33000,503,85
1783953031,2026-07-13T14:30:31Z,SWR188,"40.959473,41.042446",33000,270,119
1783953033,2026-07-13T14:30:33Z,SWR188,"40.960571,41.048695",33000,478,79
1783953035,2026-07-13T14:30:35Z,SWR188,"40.956417,41.058563",33000,630,128
1783953037,2026-07-13T14:30:37Z,SWR188,"40.95956,41.06538",33000,550,41
1783953039,2026-07-13T14:30:39Z,SWR188,"40.959091,41.069656",33000,210,96
1783953041,2026-07-13T14:30:41Z,SWR188,"40.958687,41.076347",33000,552,101
1783953043,2026-07-13T14:30:43Z,SWR188,"40.958492,41.083714",33000,523,93
1783953045,2026-07-13T14:30:45Z,SWR188,"40.958427,41.090534",33000,505,85
1783953047,2026-07-13T14:30:47Z,SWR188,"40.958473,41.09594",33000,509,87
1783953050,2026-07-13T14:30:50Z,SWR188,"40.957127,41.103409",33000,310,110
1783953052,2026-07-13T14:30:52Z,SWR188,"40.957645,41.11034",33000,300,89
1783953055,2026-07-13T14:30:55Z,SWR188,"40.958256,41.1208",33000,476,50
1783953057,2026-07-13T14:30:57Z,SWR188,"40.957542,41.127628",33000,420,92
1783953059,2026-07-13T14:30:59Z,SWR188,"40.957386,41.135479",33000,560,92
1783953061,2026-07-13T14:31:01Z,SWR188,"40.957203,41.141289",33000,510,91
1783953065,2026-07-13T14:31:05Z,SWR188,"40.9571,41.152893",33000,310,92
1783953067,2026-07-13T14:31:07Z,SWR188,"40.95644,41.15974",33000,470,97
1783953070,2026-07-13T14:31:10Z,SWR188,"40.951038,41.172226",33000,680,131
1783953072,2026-07-13T14:31:12Z,SWR188,"40.951591,41.177097",33000,490,81
1783953074,2026-07-13T14:31:14Z,SWR188,"40.955547,41.181229",33000,523,92
1783953076,2026-07-13T14:31:16Z,SWR188,"40.955246,41.188221",33000,523,92
1783953078,2026-07-13T14:31:18Z,SWR188,"40.954765,41.194927",33000,524,92
1783953080,2026-07-13T14:31:20Z,SWR188,"40.955227,41.202671",33000,524,92
1783953082,2026-07-13T14:31:22Z,SWR188,"40.954449,41.20932",33000,524,92
1783953085,2026-07-13T14:31:25Z,SWR188,"40.955101,41.214401",33000,524,92
1783953087,2026-07-13T14:31:27Z,SWR188,"40.954685,41.221951",33000,524,92
1783953089,2026-07-13T14:31:29Z,SWR188,"40.953983,41.227444",33000,524,92
1783953091,2026-07-13T14:31:31Z,SWR188,"40.953663,41.234348",33000,524,92
1783953093,2026-07-13T14:31:33Z,SWR188,"40.953236,41.241161",33000,524,92
1783953095,2026-07-13T14:31:35Z,SWR188,"40.952999,41.248127",33000,524,92
1783953097,2026-07-13T14:31:37Z,SWR188,"40.952873,41.254456",33000,524,92
1783953099,2026-07-13T14:31:39Z,SWR188,"40.952541,41.261486",33000,524,92
1783953101,2026-07-13T14:31:41Z,SWR188,"40.952381,41.267433",33000,524,92
1783953116,2026-07-13T14:31:56Z,SWR188,"40.951324,41.314419",33000,524,77
1783953118,2026-07-13T14:31:58Z,SWR188,"40.950741,41.321815",33000,524,96
1783953121,2026-07-13T14:32:01Z,SWR188,"40.948174,41.333706",33000,524,108
1783953123,2026-07-13T14:32:03Z,SWR188,"40.947609,41.339901",33000,524,98
1783953126,2026-07-13T14:32:06Z,SWR188,"40.947216,41.346752",33000,524,96
1783953128,2026-07-13T14:32:08Z,SWR188,"40.947372,41.352943",33000,524,96
1783953130,2026-07-13T14:32:10Z,SWR188,"40.947475,41.360416",33000,524,89
1783953132,2026-07-13T14:32:12Z,SWR188,"40.948433,41.367298",33000,524,84
1783953134,2026-07-13T14:32:14Z,SWR188,"40.948402,41.372322",33000,524,86
1783953136,2026-07-13T14:32:16Z,SWR188,"40.947224,41.37928",33000,524,92
1783953138,2026-07-13T14:32:18Z,SWR188,"40.947193,41.385723",33000,524,91
1783953140,2026-07-13T14:32:20Z,SWR188,"40.947662,41.39193",33000,524,89
1783953142,2026-07-13T14:32:22Z,SWR188,"40.947327,41.399902",33000,524,91
1783953145,2026-07-13T14:32:25Z,SWR188,"40.946564,41.406132",33000,524,93
1783953147,2026-07-13T14:32:27Z,SWR188,"40.945595,41.413372",33000,524,96
1783953149,2026-07-13T14:32:29Z,SWR188,"40.947254,41.419468",33000,524,78
1783953151,2026-07-13T14:32:31Z,SWR188,"40.946541,41.426083",33000,522,98
1783953153,2026-07-13T14:32:33Z,SWR188,"40.94595,41.432636",33000,522,96
1783953155,2026-07-13T14:32:35Z,SWR188,"40.945602,41.439156",33000,522,95
1783953157,2026-07-13T14:32:37Z,SWR188,"40.945728,41.445492",33000,521,92
1783953159,2026-07-13T14:32:39Z,SWR188,"40.944912,41.452969",33000,521,92
1783953161,2026-07-13T14:32:41Z,SWR188,"40.943859,41.459061",33000,522,92
1783953163,2026-07-13T14:32:43Z,SWR188,"40.943062,41.466293",33000,521,92
1783953165,2026-07-13T14:32:45Z,SWR188,"40.944862,41.474239",33000,522,92
1783953167,2026-07-13T14:32:47Z,SWR188,"40.944702,41.480587",33000,522,92
1783953170,2026-07-13T14:32:50Z,SWR188,"40.944046,41.486645",33000,522,92
1783953172,2026-07-13T14:32:52Z,SWR188,"40.943871,41.491959",33000,522,92
1783953174,2026-07-13T14:32:54Z,SWR188,"40.943691,41.499081",33000,522,92
1783953176,2026-07-13T14:32:56Z,SWR188,"40.943703,41.505455",33000,522,92
1783953178,2026-07-13T14:32:58Z,SWR188,"40.944359,41.5117",33000,522,92
1783953209,2026-07-13T14:33:29Z,SWR188,"40.939323,41.612141",33000,522,92
1783953240,2026-07-13T14:34:00Z,SWR188,"40.93557,41.710674",33000,522,93
1783953271,2026-07-13T14:34:31Z,SWR188,"40.931248,41.807629",33000,523,93
1783953303,2026-07-13T14:35:03Z,SWR188,"40.927132,41.910233",33000,524,93
1783953335,2026-07-13T14:35:35Z,SWR188,"40.922749,42.012562",33000,526,93
1783953367,2026-07-13T14:36:07Z,SWR188,"40.91851,42.114048",33000,525,93
1783953399,2026-07-13T14:36:39Z,SWR188,"40.914063,42.219147",33000,525,93
1783953431,2026-07-13T14:37:11Z,SWR188,"40.9095,42.321896",33000,525,93
1783953462,2026-07-13T14:37:42Z,SWR188,"40.904984,42.422241",33000,525,93
1783953493,2026-07-13T14:38:13Z,SWR188,"40.900406,42.520386",33000,526,93
1783953524,2026-07-13T14:38:44Z,SWR188,"40.895721,42.620148",33000,524,93
1783953555,2026-07-13T14:39:15Z,SWR188,"40.890884,42.71936",33000,525,93
1783953587,2026-07-13T14:39:47Z,SWR188,"40.885994,42.819653",33000,526,93
1783953618,2026-07-13T14:40:18Z,SWR188,"40.881058,42.918777",33000,523,93
1783953650,2026-07-13T14:40:50Z,SWR188,"40.875961,43.019714",33000,522,93
1783953681,2026-07-13T14:41:21Z,SWR188,"40.87088,43.118164",33000,522,93
1783953713,2026-07-13T14:41:53Z,SWR188,"40.865616,43.217896",33000,522,93
1783953744,2026-07-13T14:42:24Z,SWR188,"40.860249,43.318844",33000,522,94
1783953775,2026-07-13T14:42:55Z,SWR188,"40.854904,43.417542",33000,522,94
1783953806,2026-07-13T14:43:26Z,SWR188,"40.849457,43.516602",33000,524,94
1783953838,2026-07-13T14:43:58Z,SWR188,"40.843918,43.615967",33000,523,94
1783953869,2026-07-13T14:44:29Z,SWR188,"40.838287,43.715759",33000,521,94
1783953901,2026-07-13T14:45:01Z,SWR188,"40.834991,43.815552",33000,520,91
1783953932,2026-07-13T14:45:32Z,SWR188,"40.832317,43.914352",33000,519,92
1783953963,2026-07-13T14:46:03Z,SWR188,"40.829224,44.012451",33000,518,92
1783953994,2026-07-13T14:46:34Z,SWR188,"40.825802,44.111607",33000,518,92
1783954026,2026-07-13T14:47:06Z,SWR188,"40.822357,44.209473",33000,516,92
1783954057,2026-07-13T14:47:37Z,SWR188,"40.818726,44.308861",33000,515,92
1783954088,2026-07-13T14:48:08Z,SWR188,"40.815048,44.407112",33000,514,92
1783954119,2026-07-13T14:48:39Z,SWR188,"40.811417,44.502743",33000,512,92
1783954150,2026-07-13T14:49:10Z,SWR188,"40.807175,44.601048",33000,512,93
1783954182,2026-07-13T14:49:42Z,SWR188,"40.803322,44.697643",33000,514,93
1783954213,2026-07-13T14:50:13Z,SWR188,"40.799385,44.79324",33000,513,93
1783954245,2026-07-13T14:50:45Z,SWR188,"40.79549,44.893135",33000,514,93
1783954276,2026-07-13T14:51:16Z,SWR188,"40.791336,44.991516",33000,516,93
1783954308,2026-07-13T14:51:48Z,SWR188,"40.787136,45.089973",33000,514,93
1783954339,2026-07-13T14:52:19Z,SWR188,"40.782822,45.188293",33000,514,93
1783954370,2026-07-13T14:52:50Z,SWR188,"40.778408,45.285954",33000,513,93
1783954402,2026-07-13T14:53:22Z,SWR188,"40.773994,45.383579",33000,513,93
1783954434,2026-07-13T14:53:54Z,SWR188,"40.771454,45.482838",33000,512,89
1783954465,2026-07-13T14:54:25Z,SWR188,"40.776451,45.580532",33000,512,83
1783954496,2026-07-13T14:54:56Z,SWR188,"40.78672,45.677483",33000,510,82
1783954528,2026-07-13T14:55:28Z,SWR188,"40.796707,45.773708",33000,510,82
1783954559,2026-07-13T14:55:59Z,SWR188,"40.806416,45.870281",33000,510,82
1783954591,2026-07-13T14:56:31Z,SWR188,"40.81599,45.96674",33000,510,82
1783954622,2026-07-13T14:57:02Z,SWR188,"40.825466,46.062664",33000,512,82
1783954653,2026-07-13T14:57:33Z,SWR188,"40.834892,46.15815",33000,512,82
1783954684,2026-07-13T14:58:04Z,SWR188,"40.844505,46.255249",33000,514,82
1783954715,2026-07-13T14:58:35Z,SWR188,"40.853954,46.352528",33000,514,82
1783954746,2026-07-13T14:59:06Z,SWR188,"40.863258,46.448391",33000,512,82
1783954778,2026-07-13T14:59:38Z,SWR188,"40.872665,46.546173",33000,513,82
1783954810,2026-07-13T15:00:10Z,SWR188,"40.882046,46.644215",33000,514,82
1783954841,2026-07-13T15:00:41Z,SWR188,"40.891186,46.741615",33000,512,82
1783954873,2026-07-13T15:01:13Z,SWR188,"40.902504,46.839718",33000,514,78
1783954904,2026-07-13T15:01:44Z,SWR188,"40.919914,46.936123",33000,516,75
1783954936,2026-07-13T15:02:16Z,SWR188,"40.941364,47.042122",33000,517,76
1783954967,2026-07-13T15:02:47Z,SWR188,"40.956219,47.13073",33000,517,76
1783954999,2026-07-13T15:03:19Z,SWR188,"40.97438,47.22937",33000,515,76
1783955029,2026-07-13T15:03:49Z,SWR188,"40.991043,47.320618",33000,516,76
1783955060,2026-07-13T15:04:20Z,SWR188,"41.008659,47.417492",33000,515,76
1783955092,2026-07-13T15:04:52Z,SWR188,"41.026108,47.51416",33000,514,76
1783955124,2026-07-13T15:05:24Z,SWR188,"41.043549,47.611389",33000,516,76
1783955155,2026-07-13T15:05:55Z,SWR188,"41.06076,47.70752",33000,516,76
1783955187,2026-07-13T15:06:27Z,SWR188,"41.078114,47.804634",33000,516,76
1783955218,2026-07-13T15:06:58Z,SWR188,"41.099667,47.898643",33000,516,70
1783955250,2026-07-13T15:07:30Z,SWR188,"41.128017,47.989395",33000,516,64
1783955282,2026-07-13T15:08:02Z,SWR188,"41.164371,48.079258",33000,515,59
1783955314,2026-07-13T15:08:34Z,SWR188,"41.206367,48.161873",33000,516,53
1783955346,2026-07-13T15:09:06Z,SWR188,"41.251961,48.242157",33000,516,52
1783955378,2026-07-13T15:09:38Z,SWR188,"41.297161,48.323563",33000,512,53
1783955410,2026-07-13T15:10:10Z,SWR188,"41.342903,48.405949",33000,512,53
1783955441,2026-07-13T15:10:41Z,SWR188,"41.386616,48.486179",33000,512,54
1783955472,2026-07-13T15:11:12Z,SWR188,"41.429863,48.565701",33000,512,54
1783955503,2026-07-13T15:11:43Z,SWR188,"41.472881,48.643028",33000,510,53
1783955535,2026-07-13T15:12:15Z,SWR188,"41.517559,48.722534",33000,510,53
1783955566,2026-07-13T15:12:46Z,SWR188,"41.56073,48.802643",33000,511,56
1783955598,2026-07-13T15:13:18Z,SWR188,"41.60321,48.889099",33000,512,56
1783955630,2026-07-13T15:13:50Z,SWR188,"41.644272,48.971996",33000,512,56
1783955662,2026-07-13T15:14:22Z,SWR188,"41.685791,49.05508",33000,512,56
1783955693,2026-07-13T15:14:53Z,SWR188,"41.727951,49.139538",33000,512,56
1783955725,2026-07-13T15:15:25Z,SWR188,"41.769791,49.223495",33000,514,56
1783955758,2026-07-13T15:15:58Z,SWR188,"41.812363,49.309013",33000,512,56
1783955789,2026-07-13T15:16:29Z,SWR188,"41.85479,49.389614",33000,511,53
1783955821,2026-07-13T15:17:01Z,SWR188,"41.900318,49.470924",33000,510,53
1783955853,2026-07-13T15:17:33Z,SWR188,"41.944824,49.551723",33000,511,53
1783955885,2026-07-13T15:18:05Z,SWR188,"41.989059,49.633045",33000,512,53
1783955917,2026-07-13T15:18:37Z,SWR188,"42.033325,49.714882",33000,512,53
1783955948,2026-07-13T15:19:08Z,SWR188,"42.078056,49.797703",33000,513,54
1783955980,2026-07-13T15:19:40Z,SWR188,"42.121861,49.879143",33000,513,54
1783956012,2026-07-13T15:20:12Z,SWR188,"42.166134,49.96167",33000,514,54
1783956044,2026-07-13T15:20:44Z,SWR188,"42.209892,50.043362",33000,515,54
1783956076,2026-07-13T15:21:16Z,SWR188,"42.254379,50.126808",33000,515,54
1783956108,2026-07-13T15:21:48Z,SWR188,"42.298805,50.210266",33000,514,54
1783956139,2026-07-13T15:22:19Z,SWR188,"42.342846,50.29324",33000,514,54
1783956170,2026-07-13T15:22:50Z,SWR188,"42.385666,50.374126",33000,514,54
1783956201,2026-07-13T15:23:21Z,SWR188,"42.427963,50.454212",33000,514,54
1783956233,2026-07-13T15:23:53Z,SWR188,"42.473923,50.538544",33000,514,52
1783956265,2026-07-13T15:24:25Z,SWR188,"42.52058,50.618549",33000,516,51
1783956296,2026-07-13T15:24:56Z,SWR188,"42.565384,50.696037",33000,516,52
1783956329,2026-07-13T15:25:29Z,SWR188,"42.613678,50.780743",33075,516,52
1783956360,2026-07-13T15:26:00Z,SWR188,"42.659134,50.860832",33325,518,52
1783956391,2026-07-13T15:26:31Z,SWR188,"42.704323,50.940601",33600,520,52
1783956422,2026-07-13T15:27:02Z,SWR188,"42.749954,51.021507",33850,522,52
1783956453,2026-07-13T15:27:33Z,SWR188,"42.79496,51.101563",34125,524,52
1783956485,2026-07-13T15:28:05Z,SWR188,"42.842239,51.185814",34400,522,52
1783956517,2026-07-13T15:28:37Z,SWR188,"42.88937,51.270119",34675,521,52
1783956548,2026-07-13T15:29:08Z,SWR188,"42.934757,51.351406",34925,521,52
1783956581,2026-07-13T15:29:41Z,SWR188,"42.981583,51.435497",35000,521,52
1783956612,2026-07-13T15:30:12Z,SWR188,"43.027542,51.518406",35000,520,52
1783956645,2026-07-13T15:30:45Z,SWR188,"43.07373,51.601952",35000,519,52
1783956677,2026-07-13T15:31:17Z,SWR188,"43.120872,51.68734",35000,520,52
1783956708,2026-07-13T15:31:48Z,SWR188,"43.165703,51.768887",35000,520,53
1783956741,2026-07-13T15:32:21Z,SWR188,"43.213093,51.855274",35000,520,53
1783956771,2026-07-13T15:32:51Z,SWR188,"43.256973,51.93531",35000,519,53
1783956802,2026-07-13T15:33:22Z,SWR188,"43.301216,52.016407",35000,520,53
1783956834,2026-07-13T15:33:54Z,SWR188,"43.346283,52.099277",35000,520,53
1783956865,2026-07-13T15:34:25Z,SWR188,"43.391899,52.183422",35000,523,53
1783956897,2026-07-13T15:34:57Z,SWR188,"43.438313,52.269157",35000,524,53
1783956929,2026-07-13T15:35:29Z,SWR188,"43.484894,52.355537",35000,524,53
1783956962,2026-07-13T15:36:02Z,SWR188,"43.531368,52.442059",35000,525,53
1783956995,2026-07-13T15:36:35Z,SWR188,"43.579285,52.531448",35000,525,53
1783957028,2026-07-13T15:37:08Z,SWR188,"43.626068,52.618893",35000,525,53
1783957059,2026-07-13T15:37:39Z,SWR188,"43.670467,52.702202",35000,526,53
1783957090,2026-07-13T15:38:10Z,SWR188,"43.715389,52.787083",35000,526,53
1783957123,2026-07-13T15:38:43Z,SWR188,"43.763031,52.877323",35000,526,54
1783957154,2026-07-13T15:39:14Z,SWR188,"43.807472,52.961819",35000,524,54
1783957186,2026-07-13T15:39:46Z,SWR188,"43.851974,53.0467",35000,524,54
1783957216,2026-07-13T15:40:16Z,SWR188,"43.896103,53.131031",35000,524,54
1783957247,2026-07-13T15:40:47Z,SWR188,"43.938747,53.212738",35000,525,54
1783957279,2026-07-13T15:41:19Z,SWR188,"43.985367,53.302406",35000,525,54
1783957312,2026-07-13T15:41:52Z,SWR188,"44.031433,53.391396",35000,528,54
1783957343,2026-07-13T15:42:23Z,SWR188,"44.075592,53.476784",35000,527,54
1783957374,2026-07-13T15:42:54Z,SWR188,"44.119812,53.562695",35000,527,54
1783957407,2026-07-13T15:43:27Z,SWR188,"44.166046,53.652565",35000,526,54
1783957439,2026-07-13T15:43:59Z,SWR188,"44.212429,53.743107",35000,525,54
1783957472,2026-07-13T15:44:32Z,SWR188,"44.257599,53.831699",35000,525,54
1783957502,2026-07-13T15:45:02Z,SWR188,"44.300034,53.915012",35000,524,54
1783957533,2026-07-13T15:45:33Z,SWR188,"44.342915,53.999409",35000,525,54
1783957565,2026-07-13T15:46:05Z,SWR188,"44.389023,54.090664",35000,526,54
1783957596,2026-07-13T15:46:36Z,SWR188,"44.432156,54.176064",35000,527,54
1783957629,2026-07-13T15:47:09Z,SWR188,"44.477234,54.265659",35000,527,54
1783957660,2026-07-13T15:47:40Z,SWR188,"44.522141,54.355316",35000,527,54
1783957692,2026-07-13T15:48:12Z,SWR188,"44.56646,54.444023",35000,527,54
1783957723,2026-07-13T15:48:43Z,SWR188,"44.609428,54.53017",35000,527,55
1783957754,2026-07-13T15:49:14Z,SWR188,"44.653519,54.614216",35000,525,51
1783957787,2026-07-13T15:49:47Z,SWR188,"44.705566,54.697201",35000,519,45
1783957820,2026-07-13T15:50:20Z,SWR188,"44.763748,54.772732",35000,515,40
1783957851,2026-07-13T15:50:51Z,SWR188,"44.820587,54.841339",35000,515,41
1783957882,2026-07-13T15:51:22Z,SWR188,"44.875797,54.910606",35000,517,42
1783957915,2026-07-13T15:51:55Z,SWR188,"44.932732,54.983624",35000,518,42
1783957947,2026-07-13T15:52:27Z,SWR188,"44.988083,55.059925",35000,524,47
1783957977,2026-07-13T15:52:57Z,SWR188,"45.035248,55.140511",35000,528,52
1783958010,2026-07-13T15:53:30Z,SWR188,"45.080933,55.232586",35000,532,57
1783958043,2026-07-13T15:54:03Z,SWR188,"45.121216,55.331398",35000,536,62
1783958073,2026-07-13T15:54:33Z,SWR188,"45.152573,55.429623",35000,539,67
1783958106,2026-07-13T15:55:06Z,SWR188,"45.182205,55.53656",35000,540,68
1783958136,2026-07-13T15:55:36Z,SWR188,"45.209949,55.636978",35000,541,68
1783958167,2026-07-13T15:56:07Z,SWR188,"45.237534,55.738285",35000,541,69
1783958200,2026-07-13T15:56:40Z,SWR188,"45.26651,55.845795",35000,541,69
1783958231,2026-07-13T15:57:11Z,SWR188,"45.294537,55.950089",35000,541,69
1783958264,2026-07-13T15:57:44Z,SWR188,"45.323593,56.05859",35000,541,69
1783958295,2026-07-13T15:58:15Z,SWR188,"45.351563,56.163612",35000,540,69
1783958326,2026-07-13T15:58:46Z,SWR188,"45.378754,56.266151",35000,540,69
1783958358,2026-07-13T15:59:18Z,SWR188,"45.406818,56.372658",35000,540,69
1783958390,2026-07-13T15:59:50Z,SWR188,"45.434418,56.477772",35000,540,69
1783958422,2026-07-13T16:00:22Z,SWR188,"45.462067,56.583447",35000,540,69
1783958452,2026-07-13T16:00:52Z,SWR188,"45.488846,56.686104",35000,540,69
1783958484,2026-07-13T16:01:24Z,SWR188,"45.515892,56.790543",35000,541,69
1783958516,2026-07-13T16:01:56Z,SWR188,"45.544052,56.899567",35000,541,69
1783958548,2026-07-13T16:02:28Z,SWR188,"45.571564,57.006718",35000,541,70
1783958580,2026-07-13T16:03:00Z,SWR188,"45.598343,57.111622",35000,540,70
1783958611,2026-07-13T16:03:31Z,SWR188,"45.625057,57.21666",35000,539,70
1783958642,2026-07-13T16:04:02Z,SWR188,"45.651077,57.319359",35000,539,70
1783958674,2026-07-13T16:04:34Z,SWR188,"45.678452,57.427814",35000,537,70
1783958705,2026-07-13T16:05:05Z,SWR188,"45.704521,57.531624",35000,536,70
1783958737,2026-07-13T16:05:37Z,SWR188,"45.73082,57.636757",35025,535,70
1783958769,2026-07-13T16:06:09Z,SWR188,"45.756866,57.741596",35025,534,70
1783958803,2026-07-13T16:06:43Z,SWR188,"45.78511,57.855476",35025,535,70
1783958836,2026-07-13T16:07:16Z,SWR188,"45.812336,57.966133",35025,535,70
1783958869,2026-07-13T16:07:49Z,SWR188,"45.83931,58.076077",35025,537,70
1783958904,2026-07-13T16:08:24Z,SWR188,"45.868286,58.194847",35025,536,70
1783958936,2026-07-13T16:08:56Z,SWR188,"45.893757,58.299911",35025,537,70
1783958967,2026-07-13T16:09:27Z,SWR188,"45.919189,58.405331",35000,538,70
1783958998,2026-07-13T16:09:58Z,SWR188,"45.944218,58.509338",35025,538,71
1783959030,2026-07-13T16:10:30Z,SWR188,"45.970474,58.619202",35025,537,71
1783959061,2026-07-13T16:11:01Z,SWR188,"45.994961,58.722061",35025,536,71
1783959092,2026-07-13T16:11:32Z,SWR188,"46.019634,58.826157",35025,536,71
1783959125,2026-07-13T16:12:05Z,SWR188,"46.045704,58.936844",35025,535,71
1783959157,2026-07-13T16:12:37Z,SWR188,"46.071442,59.04649",35025,535,71
1783959188,2026-07-13T16:13:08Z,SWR188,"46.09552,59.149719",35025,533,71
1783959219,2026-07-13T16:13:39Z,SWR188,"46.119442,59.252701",35025,533,71
1783959252,2026-07-13T16:14:12Z,SWR188,"46.145142,59.363754",35025,534,71
1783959284,2026-07-13T16:14:44Z,SWR188,"46.17009,59.472275",35000,532,71
1783959296,2026-07-13T16:14:56Z,SWR188,"46.179214,59.512047",35025,531,71
1783959393,2026-07-13T16:16:33Z,SWR188,"46.253513,59.839508",35025,532,72
1783959424,2026-07-13T16:17:04Z,SWR188,"46.277069,59.944889",35000,533,72
1783959457,2026-07-13T16:17:37Z,SWR188,"46.301651,60.055622",35025,534,72
1783959492,2026-07-13T16:18:12Z,SWR188,"46.327744,60.173725",35025,533,72
1783959621,2026-07-13T16:20:21Z,SWR188,"46.42305,60.610298",35025,529,72
1783960521,2026-07-13T16:35:21Z,SWR188,"47.033478,63.656639",35025,515,74
1783960600,2026-07-13T16:36:40Z,SWR188,"47.082504,63.923195",35025,511,75
1783960722,2026-07-13T16:38:42Z,SWR188,"47.155838,64.329758",35025,500,75
1783960969,2026-07-13T16:42:49Z,SWR188,"47.298843,65.147484",35025,504,75
1783961001,2026-07-13T16:43:21Z,SWR188,"47.317291,65.255768",35025,503,75
1783961012,2026-07-13T16:43:32Z,SWR188,"47.323143,65.290337",35025,503,75
1783961075,2026-07-13T16:44:35Z,SWR188,"47.358307,65.499115",35025,504,76
1783961091,2026-07-13T16:44:51Z,SWR188,"47.367508,65.554008",35000,504,76
1783961173,2026-07-13T16:46:13Z,SWR188,"47.413128,65.829727",35025,503,76
1783961303,2026-07-13T16:48:23Z,SWR188,"47.484924,66.253189",35025,499,76
1783961336,2026-07-13T16:48:56Z,SWR188,"47.504333,66.368889",35025,760,76
1783961375,2026-07-13T16:49:35Z,SWR188,"47.525436,66.495438",35025,493,76
1783961407,2026-07-13T16:50:07Z,SWR188,"47.541779,66.594383",35025,492,76
1783961439,2026-07-13T16:50:39Z,SWR188,"47.559628,66.703278",35025,493,76
1783961470,2026-07-13T16:51:10Z,SWR188,"47.576248,66.807297",35025,492,76
1783961501,2026-07-13T16:51:41Z,SWR188,"47.59203,66.90892",35025,493,77
1783961533,2026-07-13T16:52:13Z,SWR188,"47.608044,67.012306",35000,496,77
1783961565,2026-07-13T16:52:45Z,SWR188,"47.623993,67.116234",35025,497,77
1783961601,2026-07-13T16:53:21Z,SWR188,"47.640629,67.22464",35025,498,77
1783961635,2026-07-13T16:53:55Z,SWR188,"47.659515,67.349213",35025,494,77
1783961666,2026-07-13T16:54:26Z,SWR188,"47.675217,67.452812",35025,492,77
1783961697,2026-07-13T16:54:57Z,SWR188,"47.690765,67.556343",35025,492,77
1783961729,2026-07-13T16:55:29Z,SWR188,"47.706455,67.662048",35025,493,77
1783961760,2026-07-13T16:56:00Z,SWR188,"47.721119,67.763321",35025,492,78
1783961793,2026-07-13T16:56:33Z,SWR188,"47.732208,67.872849",35025,491,81
1783961825,2026-07-13T16:57:05Z,SWR188,"47.741928,67.97361",35025,491,81
1783961834,2026-07-13T16:57:14Z,SWR188,"47.745026,68.005234",35000,491,81
1783962023,2026-07-13T17:00:23Z,SWR188,"47.804306,68.636879",35025,489,82
1783962054,2026-07-13T17:00:54Z,SWR188,"47.813782,68.74221",35000,489,82
1783962067,2026-07-13T17:01:07Z,SWR188,"47.816895,68.782585",35025,490,84
1783962180,2026-07-13T17:03:00Z,SWR188,"47.814083,69.167038",35000,492,91
1783962204,2026-07-13T17:03:24Z,SWR188,"47.812641,69.241829",35025,491,91
1783962270,2026-07-13T17:04:30Z,SWR188,"47.807846,69.464302",35025,489,91
1783962301,2026-07-13T17:05:01Z,SWR188,"47.805496,69.572021",35025,488,91
1783962332,2026-07-13T17:05:32Z,SWR188,"47.803005,69.67614",35025,490,92
1783962365,2026-07-13T17:06:05Z,SWR188,"47.80035,69.785721",35025,491,91
1783962398,2026-07-13T17:06:38Z,SWR188,"47.797485,69.898865",35025,491,92
1783962430,2026-07-13T17:07:10Z,SWR188,"47.794624,70.00573",35025,492,92
1783962462,2026-07-13T17:07:42Z,SWR188,"47.791763,70.111794",35025,493,92
1783962493,2026-07-13T17:08:13Z,SWR188,"47.788803,70.216507",35025,491,92
1783962524,2026-07-13T17:08:44Z,SWR188,"47.785778,70.320175",35000,493,92
1783962556,2026-07-13T17:09:16Z,SWR188,"47.782429,70.431801",35025,493,92
1783962588,2026-07-13T17:09:48Z,SWR188,"47.779167,70.536385",35025,493,92
1783962618,2026-07-13T17:10:18Z,SWR188,"47.775787,70.641403",35025,492,92
1783962650,2026-07-13T17:10:50Z,SWR188,"47.772354,70.746941",35025,490,92
1783962680,2026-07-13T17:11:20Z,SWR188,"47.768875,70.848358",35025,489,92
1783962712,2026-07-13T17:11:52Z,SWR188,"47.765156,70.956116",35025,489,92
1783962745,2026-07-13T17:12:25Z,SWR188,"47.76123,71.063759",35000,489,93
1783962780,2026-07-13T17:13:00Z,SWR188,"47.756882,71.18351",35025,489,93
1783962811,2026-07-13T17:13:31Z,SWR188,"47.753052,71.283592",35025,489,93
1783962843,2026-07-13T17:14:03Z,SWR188,"47.748734,71.395821",35025,488,93
1783962876,2026-07-13T17:14:36Z,SWR188,"47.744431,71.503418",35025,488,93
1783962909,2026-07-13T17:15:09Z,SWR188,"47.740017,71.6129",35025,488,93
1783962941,2026-07-13T17:15:41Z,SWR188,"47.73555,71.719597",35025,487,93
1783962977,2026-07-13T17:16:17Z,SWR188,"47.730335,71.841568",35025,486,93
1783963011,2026-07-13T17:16:51Z,SWR188,"47.724518,71.950874",35025,484,95
1783963043,2026-07-13T17:17:23Z,SWR188,"47.717834,72.060356",35000,484,95
1783963074,2026-07-13T17:17:54Z,SWR188,"47.711716,72.161865",35025,483,95
1783963107,2026-07-13T17:18:27Z,SWR188,"47.705383,72.268616",35025,483,94
1783963140,2026-07-13T17:19:00Z,SWR188,"47.698746,72.377998",35025,484,95
1783963171,2026-07-13T17:19:31Z,SWR188,"47.692394,72.481804",35025,484,95
1783963203,2026-07-13T17:20:03Z,SWR188,"47.685738,72.588638",35025,484,95
1783963234,2026-07-13T17:20:34Z,SWR188,"47.679291,72.690628",35000,485,95
1783963266,2026-07-13T17:21:06Z,SWR188,"47.672703,72.793648",35025,485,95
1783963298,2026-07-13T17:21:38Z,SWR188,"47.665649,72.901154",35025,486,95
1783963329,2026-07-13T17:22:09Z,SWR188,"47.658966,73.003189",35025,486,95
1783963361,2026-07-13T17:22:41Z,SWR188,"47.651756,73.110489",35025,486,95
1783963392,2026-07-13T17:23:12Z,SWR188,"47.645004,73.209938",35025,486,95
1783963425,2026-07-13T17:23:45Z,SWR188,"47.63736,73.321175",35000,486,95
1783963458,2026-07-13T17:24:18Z,SWR188,"47.629807,73.429733",35025,486,95
1783963490,2026-07-13T17:24:50Z,SWR188,"47.622116,73.538223",35025,484,96
1783963523,2026-07-13T17:25:23Z,SWR188,"47.614559,73.644035",35025,484,96
1783963556,2026-07-13T17:25:56Z,SWR188,"47.606735,73.751221",35025,486,96
1783963588,2026-07-13T17:26:28Z,SWR188,"47.598862,73.858131",35025,487,96
1783963621,2026-07-13T17:27:01Z,SWR188,"47.590725,73.967148",35025,487,96
1783963652,2026-07-13T17:27:32Z,SWR188,"47.582932,74.070305",35025,489,96
1783963684,2026-07-13T17:28:04Z,SWR188,"47.574802,74.17659",35025,489,96
1783963716,2026-07-13T17:28:36Z,SWR188,"47.566517,74.283989",35000,490,96
1783963747,2026-07-13T17:29:07Z,SWR188,"47.558464,74.386665",35025,491,96
1783963779,2026-07-13T17:29:39Z,SWR188,"47.5499,74.494064",35000,492,96
1783963810,2026-07-13T17:30:10Z,SWR188,"47.541611,74.597664",35025,494,96
1783963841,2026-07-13T17:30:41Z,SWR188,"47.53331,74.699959",35025,492,96
1783963874,2026-07-13T17:31:14Z,SWR188,"47.524296,74.810204",35025,491,96
1783963907,2026-07-13T17:31:47Z,SWR188,"47.515182,74.91893",35025,489,97
1783963940,2026-07-13T17:32:20Z,SWR188,"47.506073,75.027626",35025,486,97
1783963973,2026-07-13T17:32:53Z,SWR188,"47.496784,75.136978",35025,486,97
1783964003,2026-07-13T17:33:23Z,SWR188,"47.488129,75.237465",35025,487,97
1783964035,2026-07-13T17:33:55Z,SWR188,"47.478909,75.343742",35025,488,97
1783964066,2026-07-13T17:34:26Z,SWR188,"47.470047,75.444626",35025,489,97
1783964098,2026-07-13T17:34:58Z,SWR188,"47.460659,75.550652",35025,489,97
1783964132,2026-07-13T17:35:32Z,SWR188,"47.452789,75.637985",35025,490,97
1783964164,2026-07-13T17:36:04Z,SWR188,"47.440933,75.768242",35025,490,97
1783964195,2026-07-13T17:36:35Z,SWR188,"47.431595,75.870827",35025,490,97
1783964227,2026-07-13T17:37:07Z,SWR188,"47.421844,75.975677",35000,491,97
1783964260,2026-07-13T17:37:40Z,SWR188,"47.41164,76.0849",35025,490,97
1783964290,2026-07-13T17:38:10Z,SWR188,"47.402206,76.184349",35025,491,97
1783964321,2026-07-13T17:38:41Z,SWR188,"47.392319,76.287933",35025,491,97
1783964353,2026-07-13T17:39:13Z,SWR188,"47.382076,76.393852",35025,492,98
1783964383,2026-07-13T17:39:43Z,SWR188,"47.372223,76.495262",35025,492,98
1783964414,2026-07-13T17:40:14Z,SWR188,"47.362198,76.597229",35025,494,98
1783964447,2026-07-13T17:40:47Z,SWR188,"47.355404,76.665695",35025,493,98
1783964480,2026-07-13T17:41:20Z,SWR188,"47.340408,76.815857",35025,492,98
1783964819,2026-07-13T17:46:59Z,SWR188,"47.266434,77.951706",35025,502,95
1783964851,2026-07-13T17:47:31Z,SWR188,"47.259979,78.059784",35025,502,95
1783964881,2026-07-13T17:48:01Z,SWR188,"47.253845,78.162025",35025,503,95
1783965034,2026-07-13T17:50:34Z,SWR188,"47.220634,78.686409",35025,506,95
1783965065,2026-07-13T17:51:05Z,SWR188,"47.213837,78.789413",35025,505,95
1783965097,2026-07-13T17:51:37Z,SWR188,"47.206345,78.900566",35025,505,95
1783965128,2026-07-13T17:52:08Z,SWR188,"47.199223,79.005569",35025,504,95
1783965161,2026-07-13T17:52:41Z,SWR188,"47.191589,79.115982",35025,503,95
1783965193,2026-07-13T17:53:13Z,SWR188,"47.183853,79.226189",35025,503,96
1783965225,2026-07-13T17:53:45Z,SWR188,"47.175797,79.335297",35025,505,96
1783965255,2026-07-13T17:54:15Z,SWR188,"47.168243,79.437057",35025,505,96
1783965317,2026-07-13T17:55:17Z,SWR188,"47.152451,79.64669",35025,505,96
1783965357,2026-07-13T17:55:57Z,SWR188,"47.141876,79.784294",35000,504,96
1783965389,2026-07-13T17:56:29Z,SWR188,"47.133591,79.890793",35025,503,96
1783965419,2026-07-13T17:56:59Z,SWR188,"47.125481,79.996246",35025,503,96
1783965451,2026-07-13T17:57:31Z,SWR188,"47.117523,80.100189",35025,503,96
1783965482,2026-07-13T17:58:02Z,SWR188,"47.109283,80.205139",35175,502,96
1783965514,2026-07-13T17:58:34Z,SWR188,"47.100483,80.316048",35575,502,96
1783965545,2026-07-13T17:59:05Z,SWR188,"47.092209,80.419235",35700,508,96
1783965576,2026-07-13T17:59:36Z,SWR188,"47.083557,80.526215",36125,507,96
1783965608,2026-07-13T18:00:08Z,SWR188,"47.074539,80.636421",36700,501,96
1783965639,2026-07-13T18:00:39Z,SWR188,"47.065979,80.738869",37125,497,96
1783965671,2026-07-13T18:01:11Z,SWR188,"47.05687,80.847565",37125,497,96
1783965703,2026-07-13T18:01:43Z,SWR188,"47.048065,80.950996",37125,495,97
1783965734,2026-07-13T18:02:14Z,SWR188,"47.039017,81.056511",37125,498,97
1783965765,2026-07-13T18:02:45Z,SWR188,"47.030182,81.158066",37125,497,97
1783965796,2026-07-13T18:03:16Z,SWR188,"47.021111,81.261856",37125,497,97
1783965828,2026-07-13T18:03:48Z,SWR188,"47.011753,81.366928",37125,496,97
1783965860,2026-07-13T18:04:20Z,SWR188,"47.002167,81.474396",37125,496,97
1783965893,2026-07-13T18:04:53Z,SWR188,"46.992344,81.582779",37125,496,97
1783965924,2026-07-13T18:05:24Z,SWR188,"46.982986,81.684967",37125,496,97
1783965956,2026-07-13T18:05:56Z,SWR188,"46.972977,81.792999",37125,496,97
1783965997,2026-07-13T18:06:37Z,SWR188,"46.961479,81.915047",37125,496,97
1783966031,2026-07-13T18:07:11Z,SWR188,"46.950581,82.03038",37125,496,97
1783966067,2026-07-13T18:07:47Z,SWR188,"46.93927,82.147324",37125,496,98
1783966096,2026-07-13T18:08:16Z,SWR188,"46.929031,82.252533",37125,498,98
1783966136,2026-07-13T18:08:56Z,SWR188,"46.91592,82.384903",37125,498,98
1783966171,2026-07-13T18:09:31Z,SWR188,"46.90443,82.500801",37125,499,98
1783966206,2026-07-13T18:10:06Z,SWR188,"46.892578,82.617752",37100,500,98
1783966241,2026-07-13T18:10:41Z,SWR188,"46.880009,82.733597",37125,500,101
1783966275,2026-07-13T18:11:15Z,SWR188,"46.860352,82.84127",37125,499,107
1783966305,2026-07-13T18:11:45Z,SWR188,"46.837421,82.932312",37100,496,118
1783966310,2026-07-13T18:11:50Z,SWR188,"46.831879,82.945969",37100,495,121
1783966315,2026-07-13T18:11:55Z,SWR188,"46.82259,82.965332",37100,493,127
1783966320,2026-07-13T18:12:00Z,SWR188,"46.81554,82.977676",37100,491,130
1783966325,2026-07-13T18:12:05Z,SWR188,"46.807251,82.991058",37125,491,130
1783966330,2026-07-13T18:12:10Z,SWR188,"46.806339,82.992462",37125,491,130
1783966344,2026-07-13T18:12:24Z,SWR188,"46.778091,83.035339",37125,489,134
1783966349,2026-07-13T18:12:29Z,SWR188,"46.76992,83.047653",37125,489,134
1783966383,2026-07-13T18:13:03Z,SWR188,"46.715919,83.128738",37125,488,133
1783966417,2026-07-13T18:13:37Z,SWR188,"46.666759,83.211693",37125,491,124
1783966422,2026-07-13T18:13:42Z,SWR188,"46.660011,83.226517",37125,492,123
1783966427,2026-07-13T18:13:47Z,SWR188,"46.65427,83.239594",37125,493,122
1783966432,2026-07-13T18:13:52Z,SWR188,"46.649368,83.250977",37125,493,121
1783966467,2026-07-13T18:14:27Z,SWR188,"46.605968,83.351189",37125,492,125
1783966501,2026-07-13T18:15:01Z,SWR188,"46.560242,83.442368",37125,491,125
1783966536,2026-07-13T18:15:36Z,SWR188,"46.514011,83.53582",37125,491,125
1783966571,2026-07-13T18:16:11Z,SWR188,"46.466949,83.629402",37125,492,126
1783966608,2026-07-13T18:16:48Z,SWR188,"46.41898,83.72393",37125,492,126
1783966642,2026-07-13T18:17:22Z,SWR188,"46.37162,83.817032",37125,493,126
1783966671,2026-07-13T18:17:51Z,SWR188,"46.33205,83.894547",37125,494,126
1783966706,2026-07-13T18:18:26Z,SWR188,"46.284752,83.986839",37125,495,126
1783966740,2026-07-13T18:19:00Z,SWR188,"46.238201,84.077431",37125,496,126
1783966779,2026-07-13T18:19:39Z,SWR188,"46.185131,84.180199",37125,493,126
1783966813,2026-07-13T18:20:13Z,SWR188,"46.138458,84.269958",37125,492,126
1783966848,2026-07-13T18:20:48Z,SWR188,"46.091221,84.360458",37125,492,126
1783966882,2026-07-13T18:21:22Z,SWR188,"46.04454,84.449707",37125,493,127
1783966912,2026-07-13T18:21:52Z,SWR188,"46.003109,84.528603",37125,493,127
1783966947,2026-07-13T18:22:27Z,SWR188,"45.954941,84.620049",37125,494,127
1783966987,2026-07-13T18:23:07Z,SWR188,"45.900101,84.723824",37125,494,127
1783967022,2026-07-13T18:23:42Z,SWR188,"45.853039,84.812782",37125,493,127
1783967056,2026-07-13T18:24:16Z,SWR188,"45.804932,84.903168",37125,493,127
1783967086,2026-07-13T18:24:46Z,SWR188,"45.76355,84.980904",37100,494,127
1783967120,2026-07-13T18:25:20Z,SWR188,"45.716309,85.069221",37125,493,127
1783967164,2026-07-13T18:26:04Z,SWR188,"45.655239,85.183029",37125,492,127
1783967199,2026-07-13T18:26:39Z,SWR188,"45.60741,85.272461",37125,492,127
1783967233,2026-07-13T18:27:13Z,SWR188,"45.560299,85.360817",37125,493,127
1783967263,2026-07-13T18:27:43Z,SWR188,"45.51915,85.437729",37125,492,127
1783967298,2026-07-13T18:28:18Z,SWR188,"45.470692,85.527763",37125,492,127
1783967332,2026-07-13T18:28:52Z,SWR188,"45.423752,85.614693",37100,492,127
1783967367,2026-07-13T18:29:27Z,SWR188,"45.374908,85.70507",37125,492,127
1783967397,2026-07-13T18:29:57Z,SWR188,"45.333759,85.780731",37125,492,127
1783967432,2026-07-13T18:30:32Z,SWR188,"45.285049,85.870193",37125,493,127
1783967472,2026-07-13T18:31:12Z,SWR188,"45.228851,85.972969",37125,493,127
1783967502,2026-07-13T18:31:42Z,SWR188,"45.187,86.049431",37125,492,127
1783967536,2026-07-13T18:32:16Z,SWR188,"45.13998,86.134956",37125,491,127
1783967571,2026-07-13T18:32:51Z,SWR188,"45.09082,86.224121",37125,490,127
1783967606,2026-07-13T18:33:26Z,SWR188,"45.042431,86.3116",37125,490,128
1783967636,2026-07-13T18:33:56Z,SWR188,"45.000141,86.387779",37125,490,128
1783967679,2026-07-13T18:34:39Z,SWR188,"44.939899,86.496101",37125,490,128
1783967714,2026-07-13T18:35:14Z,SWR188,"44.890961,86.58371",37125,491,128
1783967742,2026-07-13T18:35:42Z,SWR188,"44.85191,86.653419",37125,491,128
1783967771,2026-07-13T18:36:11Z,SWR188,"44.810989,86.726341",37125,491,128
1783967800,2026-07-13T18:36:40Z,SWR188,"44.76984,86.799187",37125,490,128
1783967835,2026-07-13T18:37:15Z,SWR188,"44.719711,86.885979",37125,488,129
1783967874,2026-07-13T18:37:54Z,SWR188,"44.66473,86.980972",37125,485,129
1783967908,2026-07-13T18:38:28Z,SWR188,"44.616901,87.063713",37125,484,128
1783967947,2026-07-13T18:39:07Z,SWR188,"44.56213,87.158363",37125,482,129
1783967982,2026-07-13T18:39:42Z,SWR188,"44.51276,87.243408",37125,483,129
1783968012,2026-07-13T18:40:12Z,SWR188,"44.471069,87.317734",37125,485,126
1783968046,2026-07-13T18:40:46Z,SWR188,"44.42569,87.40239",37125,485,126
1783968081,2026-07-13T18:41:21Z,SWR188,"44.378159,87.489891",37125,486,127
1783968116,2026-07-13T18:41:56Z,SWR188,"44.33025,87.577248",37100,488,127
1783968150,2026-07-13T18:42:30Z,SWR188,"44.283562,87.662064",37125,488,127
1783968185,2026-07-13T18:43:05Z,SWR188,"44.240589,87.755638",37125,494,118
1783968229,2026-07-13T18:43:49Z,SWR188,"44.200741,87.884483",37125,499,109
1783968269,2026-07-13T18:44:29Z,SWR188,"44.177189,88.008339",37125,502,101
1783968304,2026-07-13T18:45:04Z,SWR188,"44.166901,88.119438",37125,502,93
1783968338,2026-07-13T18:45:38Z,SWR188,"44.166481,88.229301",37125,502,87
1783968373,2026-07-13T18:46:13Z,SWR188,"44.175838,88.341591",37125,503,80
1783968408,2026-07-13T18:46:48Z,SWR188,"44.191711,88.449097",37125,504,78
1783968442,2026-07-13T18:47:22Z,SWR188,"44.207729,88.560722",37125,503,78
1783968472,2026-07-13T18:47:52Z,SWR188,"44.221371,88.65538",37125,503,78
1783968511,2026-07-13T18:48:31Z,SWR188,"44.239151,88.778748",37125,503,78
1783968541,2026-07-13T18:49:01Z,SWR188,"44.252369,88.871017",37125,503,78
1783968570,2026-07-13T18:49:30Z,SWR188,"44.265961,88.966751",37125,504,78
1783968605,2026-07-13T18:50:05Z,SWR188,"44.28186,89.079041",37125,505,78
1783968640,2026-07-13T18:50:40Z,SWR188,"44.297569,89.190826",37125,506,78
1783968684,2026-07-13T18:51:24Z,SWR188,"44.316509,89.327682",37125,506,79
1783968718,2026-07-13T18:51:58Z,SWR188,"44.331982,89.43943",37125,506,79
1783968748,2026-07-13T18:52:28Z,SWR188,"44.342739,89.53714",37125,506,83
1783968788,2026-07-13T18:53:08Z,SWR188,"44.345852,89.666786",37125,507,91
1783968822,2026-07-13T18:53:42Z,SWR188,"44.338902,89.777267",37125,507,97
1783968857,2026-07-13T18:54:17Z,SWR188,"44.322189,89.890137",37125,506,104
1783968892,2026-07-13T18:54:52Z,SWR188,"44.298752,89.998627",37125,506,106
1783968930,2026-07-13T18:55:30Z,SWR188,"44.272751,90.117973",37125,508,106
1783968965,2026-07-13T18:56:05Z,SWR188,"44.248692,90.227562",37125,506,107
1783969008,2026-07-13T18:56:48Z,SWR188,"44.21933,90.36013",37125,506,107
1783969036,2026-07-13T18:57:16Z,SWR188,"44.19978,90.447823",37125,506,107
1783969071,2026-07-13T18:57:51Z,SWR188,"44.175282,90.557289",37125,505,107
1783969105,2026-07-13T18:58:25Z,SWR188,"44.15176,90.661858",37125,507,107
1783969140,2026-07-13T18:59:00Z,SWR188,"44.126949,90.771729",37125,507,107
1783969183,2026-07-13T18:59:43Z,SWR188,"44.097118,90.903099",37125,506,107
1783969221,2026-07-13T19:00:21Z,SWR188,"44.07074,91.018471",37125,506,107
1783969259,2026-07-13T19:00:59Z,SWR188,"44.043091,91.13887",37125,506,107
1783969294,2026-07-13T19:01:34Z,SWR188,"44.018879,91.24395",37125,508,107
1783969328,2026-07-13T19:02:08Z,SWR188,"43.99345,91.353409",37125,509,107
1783969357,2026-07-13T19:02:37Z,SWR188,"43.972641,91.442848",37125,511,107
1783969397,2026-07-13T19:03:17Z,SWR188,"43.943729,91.565163",37125,512,108
1783969425,2026-07-13T19:03:45Z,SWR188,"43.922199,91.655548",37125,514,108
1783969469,2026-07-13T19:04:29Z,SWR188,"43.889591,91.792213",37125,516,108
1783969509,2026-07-13T19:05:09Z,SWR188,"43.859138,91.919083",37125,517,108
1783969544,2026-07-13T19:05:44Z,SWR188,"43.83371,92.024551",37125,519,108
1783969578,2026-07-13T19:06:18Z,SWR188,"43.80666,92.135689",37125,522,108
1783969617,2026-07-13T19:06:57Z,SWR188,"43.777729,92.254623",37125,521,108
1783969650,2026-07-13T19:07:30Z,SWR188,"43.751499,92.36187",37125,520,108
1783969694,2026-07-13T19:08:14Z,SWR188,"43.718281,92.496841",37125,519,108
1783969724,2026-07-13T19:08:44Z,SWR188,"43.694,92.594818",37125,519,108
1783969759,2026-07-13T19:09:19Z,SWR188,"43.666649,92.704727",37125,520,108
1783969789,2026-07-13T19:09:49Z,SWR188,"43.643188,92.798698",37125,522,109
1783969829,2026-07-13T19:10:29Z,SWR188,"43.61179,92.923828",37125,524,109
1783969869,2026-07-13T19:11:09Z,SWR188,"43.581741,93.044853",37125,527,108
1783969902,2026-07-13T19:11:42Z,SWR188,"43.55521,93.157478",37125,528,107
1783969934,2026-07-13T19:12:14Z,SWR188,"43.531361,93.257637",37125,528,108
1783969988,2026-07-13T19:13:08Z,SWR188,"43.490398,93.427208",37125,528,108
1783970023,2026-07-13T19:13:43Z,SWR188,"43.462978,93.539688",37125,529,108
1783970052,2026-07-13T19:14:12Z,SWR188,"43.44138,93.628098",37125,529,108
1783970087,2026-07-13T19:14:47Z,SWR188,"43.412289,93.74659",37125,530,108
1783970126,2026-07-13T19:15:26Z,SWR188,"43.381981,93.869408",37125,532,108
1783970160,2026-07-13T19:16:00Z,SWR188,"43.354469,93.980263",37125,533,108
1783970203,2026-07-13T19:16:43Z,SWR188,"43.322338,94.109207",37125,534,108
1783970241,2026-07-13T19:17:21Z,SWR188,"43.28981,94.238831",37125,536,109
1783970282,2026-07-13T19:18:02Z,SWR188,"43.256699,94.370071",37125,536,109
1783970317,2026-07-13T19:18:37Z,SWR188,"43.2285,94.481209",37125,535,109
1783970345,2026-07-13T19:19:05Z,SWR188,"43.205502,94.571487",37125,537,109
1783970387,2026-07-13T19:19:47Z,SWR188,"43.171692,94.703491",37125,538,109
1783970422,2026-07-13T19:20:22Z,SWR188,"43.138779,94.811562",37125,533,116
1783970456,2026-07-13T19:20:56Z,SWR188,"43.096199,94.914291",37125,529,122
1783970491,2026-07-13T19:21:31Z,SWR188,"43.047932,95.007149",37125,526,127
1783970525,2026-07-13T19:22:05Z,SWR188,"42.992569,95.093407",37125,521,133
1783970574,2026-07-13T19:22:54Z,SWR188,"42.905479,95.198563",37125,514,142
1783970608,2026-07-13T19:23:28Z,SWR188,"42.83923,95.262321",37100,513,144
1783970641,2026-07-13T19:24:01Z,SWR188,"42.776371,95.325752",37125,513,143
1783970670,2026-07-13T19:24:30Z,SWR188,"42.720291,95.379929",37125,512,145
1783970713,2026-07-13T19:25:13Z,SWR188,"42.63652,95.45771",37125,513,145
1783970742,2026-07-13T19:25:42Z,SWR188,"42.581558,95.509712",37125,515,143
1783970776,2026-07-13T19:26:16Z,SWR188,"42.5186,95.582428",37125,524,136
1783970811,2026-07-13T19:26:51Z,SWR188,"42.46101,95.671066",37125,532,127
1783970846,2026-07-13T19:27:26Z,SWR188,"42.41328,95.769157",37125,540,119
1783970880,2026-07-13T19:28:00Z,SWR188,"42.376511,95.871262",37125,543,112
1783970923,2026-07-13T19:28:43Z,SWR188,"42.34457,96.007217",37125,547,103
1783970951,2026-07-13T19:29:11Z,SWR188,"42.33186,96.105972",37125,548,96
1783970980,2026-07-13T19:29:40Z,SWR188,"42.327026,96.205025",37125,550,91
1783971023,2026-07-13T19:30:23Z,SWR188,"42.322174,96.351532",37125,550,92
1783971051,2026-07-13T19:30:51Z,SWR188,"42.318916,96.44706",37125,550,92
1783971087,2026-07-13T19:31:27Z,SWR188,"42.314896,96.570633",37125,550,92
1783971128,2026-07-13T19:32:08Z,SWR188,"42.310211,96.711174",37125,550,92
1783971162,2026-07-13T19:32:42Z,SWR188,"42.30616,96.829346",37125,550,92
1783971195,2026-07-13T19:33:15Z,SWR188,"42.302216,96.941109",37125,550,92
1783971230,2026-07-13T19:33:50Z,SWR188,"42.297874,97.06076",37125,548,92
1783971274,2026-07-13T19:34:34Z,SWR188,"42.292191,97.211647",37125,548,93
1783971309,2026-07-13T19:35:09Z,SWR188,"42.287567,97.330315",37125,548,93
1783971343,2026-07-13T19:35:43Z,SWR188,"42.282978,97.447197",37100,548,93
1783971378,2026-07-13T19:36:18Z,SWR188,"42.278091,97.566269",37125,548,93
1783971413,2026-07-13T19:36:53Z,SWR188,"42.273109,97.685577",37125,548,93
1783971449,2026-07-13T19:37:29Z,SWR188,"42.26825,97.79892",37125,550,93
1783971476,2026-07-13T19:37:56Z,SWR188,"42.263901,97.898857",37125,550,93
1783971519,2026-07-13T19:38:39Z,SWR188,"42.257172,98.04805",37125,550,93
1783971553,2026-07-13T19:39:13Z,SWR188,"42.251976,98.160416",37125,550,93
1783971589,2026-07-13T19:39:49Z,SWR188,"42.246017,98.287521",37125,550,93
1783971620,2026-07-13T19:40:20Z,SWR188,"42.240803,98.394005",37125,548,93
1783971655,2026-07-13T19:40:55Z,SWR188,"42.234657,98.512299",37125,548,94
1783971685,2026-07-13T19:41:25Z,SWR188,"42.229256,98.614555",37125,548,94
1783971720,2026-07-13T19:42:00Z,SWR188,"42.222786,98.734703",37125,550,94
1783971755,2026-07-13T19:42:35Z,SWR188,"42.216293,98.854355",37125,550,94
1783971790,2026-07-13T19:43:10Z,SWR188,"42.209656,98.973206",37100,552,94
1783971825,2026-07-13T19:43:45Z,SWR188,"42.202789,99.094559",37125,552,94
1783971863,2026-07-13T19:44:23Z,SWR188,"42.195507,99.220406",37125,550,94
1783971897,2026-07-13T19:44:57Z,SWR188,"42.188431,99.341446",37125,550,94
1783971926,2026-07-13T19:45:26Z,SWR188,"42.182556,99.439629",37125,550,94
1783971969,2026-07-13T19:46:09Z,SWR188,"42.173676,99.585442",37125,550,94
1783971999,2026-07-13T19:46:39Z,SWR188,"42.167267,99.688759",37125,548,94
1783972033,2026-07-13T19:47:13Z,SWR188,"42.160034,99.804047",37125,548,94
1783972068,2026-07-13T19:47:48Z,SWR188,"42.152401,99.92321",37125,550,94
1783972096,2026-07-13T19:48:16Z,SWR188,"42.146255,100.017784",37125,548,95
1783972131,2026-07-13T19:48:51Z,SWR188,"42.13829,100.138695",37125,550,95
1783972169,2026-07-13T19:49:29Z,SWR188,"42.12973,100.266975",37125,550,95
1783972204,2026-07-13T19:50:04Z,SWR188,"42.121536,100.387009",37125,548,95
1783972239,2026-07-13T19:50:39Z,SWR188,"42.113342,100.505165",37125,548,95
1783972272,2026-07-13T19:51:12Z,SWR188,"42.105515,100.617477",37125,548,95
1783972301,2026-07-13T19:51:41Z,SWR188,"42.098537,100.715378",37125,548,95
1783972339,2026-07-13T19:52:19Z,SWR188,"42.089134,100.845741",37125,548,95
1783972379,2026-07-13T19:52:59Z,SWR188,"42.077126,100.978409",37125,548,99
1783972413,2026-07-13T19:53:33Z,SWR188,"42.057312,101.091949",37125,546,105
1783972442,2026-07-13T19:54:02Z,SWR188,"42.034996,101.181396",37125,544,109
1783972489,2026-07-13T19:54:49Z,SWR188,"41.996155,101.331215",37125,544,109
1783972516,2026-07-13T19:55:16Z,SWR188,"41.972569,101.421249",37125,544,109
1783972558,2026-07-13T19:55:58Z,SWR188,"41.937515,101.553932",37125,544,109
1783972591,2026-07-13T19:56:31Z,SWR188,"41.909306,101.659691",37100,542,109
1783972633,2026-07-13T19:57:13Z,SWR188,"41.873978,101.791199",37125,540,109
1783972656,2026-07-13T19:57:36Z,SWR188,"41.854706,101.862923",37100,540,109
1783972698,2026-07-13T19:58:18Z,SWR188,"41.819046,101.994949",37125,538,109
1783972726,2026-07-13T19:58:46Z,SWR188,"41.794876,102.0839",37125,538,109
1783972768,2026-07-13T19:59:28Z,SWR188,"41.759033,102.215324",37125,538,110
1783972813,2026-07-13T20:00:13Z,SWR188,"41.720444,102.356247",37125,538,110
1783972848,2026-07-13T20:00:48Z,SWR188,"41.690323,102.465332",37125,538,110
1783972881,2026-07-13T20:01:21Z,SWR188,"41.661739,102.56881",37125,538,110
1783972934,2026-07-13T20:02:14Z,SWR188,"41.616028,102.733276",37125,537,110
1783972967,2026-07-13T20:02:47Z,SWR188,"41.587582,102.834908",37125,535,110
1783972996,2026-07-13T20:03:16Z,SWR188,"41.562607,102.924232",37100,535,110
1783973039,2026-07-13T20:03:59Z,SWR188,"41.527576,103.055077",37125,537,108
1783973071,2026-07-13T20:04:31Z,SWR188,"41.500576,103.16494",37125,536,108
1783973103,2026-07-13T20:05:03Z,SWR188,"41.475357,103.265114",37125,536,108
1783973136,2026-07-13T20:05:36Z,SWR188,"41.449356,103.367363",37100,537,108
1783973167,2026-07-13T20:06:07Z,SWR188,"41.423576,103.468086",37125,537,108
1783973199,2026-07-13T20:06:39Z,SWR188,"41.398624,103.565048",37100,537,108
1783973231,2026-07-13T20:07:11Z,SWR188,"41.372509,103.666306",37125,538,108
1783973262,2026-07-13T20:07:42Z,SWR188,"41.347187,103.764061",37125,539,109
1783973295,2026-07-13T20:08:15Z,SWR188,"41.320999,103.864563",37100,538,109
1783973325,2026-07-13T20:08:45Z,SWR188,"41.29649,103.958443",37125,538,109
1783973357,2026-07-13T20:09:17Z,SWR188,"41.270554,104.057312",37125,538,109
1783973388,2026-07-13T20:09:48Z,SWR188,"41.24437,104.156677",37125,538,109
1783973420,2026-07-13T20:10:20Z,SWR188,"41.218887,104.253075",37125,537,109
1783973451,2026-07-13T20:10:51Z,SWR188,"41.192368,104.352844",37125,537,109
1783973483,2026-07-13T20:11:23Z,SWR188,"41.165817,104.452393",37125,534,109
1783973515,2026-07-13T20:11:55Z,SWR188,"41.139469,104.551018",37125,532,109
1783973546,2026-07-13T20:12:26Z,SWR188,"41.114731,104.642944",37125,531,109
1783973578,2026-07-13T20:12:58Z,SWR188,"41.08548,104.741272",37100,525,114
1783973610,2026-07-13T20:13:30Z,SWR188,"41.053486,104.835472",37125,525,113
1783973643,2026-07-13T20:14:03Z,SWR188,"41.022171,104.929443",37125,526,113
1783973675,2026-07-13T20:14:35Z,SWR188,"40.989384,105.026672",37125,526,113
1783973706,2026-07-13T20:15:06Z,SWR188,"40.959412,105.115051",37125,526,114
1783973739,2026-07-13T20:15:39Z,SWR188,"40.926178,105.212463",37100,528,114
1783973771,2026-07-13T20:16:11Z,SWR188,"40.894699,105.304642",37125,528,114
1783973801,2026-07-13T20:16:41Z,SWR188,"40.863834,105.394653",37125,529,114
1783973833,2026-07-13T20:17:13Z,SWR188,"40.831295,105.489098",37125,529,114
1783973865,2026-07-13T20:17:45Z,SWR188,"40.799057,105.582642",37125,527,114
1783973896,2026-07-13T20:18:16Z,SWR188,"40.768215,105.671684",37125,526,114
1783973927,2026-07-13T20:18:47Z,SWR188,"40.736252,105.76355",37125,524,114
1783973958,2026-07-13T20:19:18Z,SWR188,"40.705276,105.852463",37125,523,114
1783973990,2026-07-13T20:19:50Z,SWR188,"40.672714,105.945679",37125,521,114
1783974022,2026-07-13T20:20:22Z,SWR188,"40.640568,106.037231",37125,521,114
1783974054,2026-07-13T20:20:54Z,SWR188,"40.608032,106.129578",37125,521,114
1783974085,2026-07-13T20:21:25Z,SWR188,"40.577179,106.217041",37125,519,114
1783974117,2026-07-13T20:21:57Z,SWR188,"40.545044,106.307831",37125,517,114
1783974148,2026-07-13T20:22:28Z,SWR188,"40.51339,106.396843",37125,515,114
1783974181,2026-07-13T20:23:01Z,SWR188,"40.480431,106.489296",37125,515,115
1783974214,2026-07-13T20:23:34Z,SWR188,"40.447563,106.581116",37125,514,115
1783974247,2026-07-13T20:24:07Z,SWR188,"40.413849,106.675232",37125,512,115
1783974280,2026-07-13T20:24:40Z,SWR188,"40.381321,106.767448",37125,513,113
1783974311,2026-07-13T20:25:11Z,SWR188,"40.355164,106.860107",37125,516,107
1783974344,2026-07-13T20:25:44Z,SWR188,"40.336029,106.959167",37125,519,101
1783974380,2026-07-13T20:26:20Z,SWR188,"40.324173,107.066772",37125,524,95
1783974412,2026-07-13T20:26:52Z,SWR188,"40.321175,107.174629",37125,525,89
1783974443,2026-07-13T20:27:23Z,SWR188,"40.325085,107.270317",37125,527,86
1783974474,2026-07-13T20:27:54Z,SWR188,"40.329849,107.371094",37125,526,86
1783974507,2026-07-13T20:28:27Z,SWR188,"40.334579,107.472633",37100,527,86
1783974537,2026-07-13T20:28:57Z,SWR188,"40.339142,107.572021",37125,530,86
1783974568,2026-07-13T20:29:28Z,SWR188,"40.343719,107.672058",37100,532,86
1783974599,2026-07-13T20:29:59Z,SWR188,"40.348175,107.770264",37125,532,86
1783974630,2026-07-13T20:30:30Z,SWR188,"40.352554,107.869934",37125,533,86
1783974661,2026-07-13T20:31:01Z,SWR188,"40.356834,107.968079",37125,536,86
1783974694,2026-07-13T20:31:34Z,SWR188,"40.361389,108.075806",37125,537,87
1783974726,2026-07-13T20:32:06Z,SWR188,"40.365555,108.181458",37125,538,87
1783974758,2026-07-13T20:32:38Z,SWR188,"40.369541,108.283371",37125,541,87
1783974795,2026-07-13T20:33:15Z,SWR188,"40.37429,108.408279",37375,541,87
1783974832,2026-07-13T20:33:52Z,SWR188,"40.37846,108.520752",37625,542,87
1783974872,2026-07-13T20:34:32Z,SWR188,"40.383369,108.657654",37950,544,87
1783974906,2026-07-13T20:35:06Z,SWR188,"40.387299,108.769226",38475,540,87
1783974937,2026-07-13T20:35:37Z,SWR188,"40.39077,108.871643",38950,536,87
1783974970,2026-07-13T20:36:10Z,SWR188,"40.394123,108.974884",39125,538,87
1783975009,2026-07-13T20:36:49Z,SWR188,"40.398151,109.099854",39125,546,87
1783975044,2026-07-13T20:37:24Z,SWR188,"40.40176,109.215881",39100,547,87
1783975081,2026-07-13T20:38:01Z,SWR188,"40.405701,109.345703",39125,547,87
1783975114,2026-07-13T20:38:34Z,SWR188,"40.408813,109.453552",39100,546,87
1783975146,2026-07-13T20:39:06Z,SWR188,"40.411766,109.559723",39125,541,87
1783975177,2026-07-13T20:39:37Z,SWR188,"40.414536,109.660522",39125,540,87
1783975209,2026-07-13T20:40:09Z,SWR188,"40.417259,109.764343",39100,544,87
1783975239,2026-07-13T20:40:39Z,SWR188,"40.419724,109.864159",39125,550,88
1783975271,2026-07-13T20:41:11Z,SWR188,"40.422424,109.973831",39125,552,88
1783975303,2026-07-13T20:41:43Z,SWR188,"40.423233,110.080383",39125,551,90
1783975334,2026-07-13T20:42:14Z,SWR188,"40.422005,110.180511",39125,551,90
1783975367,2026-07-13T20:42:47Z,SWR188,"40.42099,110.289368",39125,550,90
1783975400,2026-07-13T20:43:20Z,SWR188,"40.420097,110.403297",39125,550,90
1783975432,2026-07-13T20:43:52Z,SWR188,"40.419312,110.501167",39100,550,90
1783975467,2026-07-13T20:44:27Z,SWR188,"40.418331,110.614807",39125,550,90
1783975491,2026-07-13T20:44:51Z,SWR188,"40.417542,110.69799",39125,548,90
1783975534,2026-07-13T20:45:34Z,SWR188,"40.41605,110.839233",39100,546,90
1783975569,2026-07-13T20:46:09Z,SWR188,"40.414669,110.9552",39125,544,91
1783975603,2026-07-13T20:46:43Z,SWR188,"40.413254,111.066032",39125,544,91
1783975633,2026-07-13T20:47:13Z,SWR188,"40.411861,111.165039",39100,543,91
1783975668,2026-07-13T20:47:48Z,SWR188,"40.410229,111.278831",39125,542,91
1783975697,2026-07-13T20:48:17Z,SWR188,"40.408718,111.375",39125,542,91
1783975732,2026-07-13T20:48:52Z,SWR188,"40.406921,111.485947",39125,544,91
1783975766,2026-07-13T20:49:26Z,SWR188,"40.404881,111.601929",39125,546,91
1783975801,2026-07-13T20:50:01Z,SWR188,"40.402779,111.717102",39125,547,91
1783975835,2026-07-13T20:50:35Z,SWR188,"40.400589,111.829826",39125,546,91
1783975870,2026-07-13T20:51:10Z,SWR188,"40.39801,111.944946",39125,546,93
1783975884,2026-07-13T20:51:24Z,SWR188,"40.392471,111.991028",39100,546,102
1783975889,2026-07-13T20:51:29Z,SWR188,"40.389179,112.006706",39100,546,105
1783975894,2026-07-13T20:51:34Z,SWR188,"40.385059,112.022583",39100,543,108
1783975899,2026-07-13T20:51:39Z,SWR188,"40.380341,112.037697",39125,541,113
1783975904,2026-07-13T20:51:44Z,SWR188,"40.374851,112.052429",39125,538,115
1783975909,2026-07-13T20:51:49Z,SWR188,"40.36908,112.066162",39125,537,120
1783975914,2026-07-13T20:51:54Z,SWR188,"40.36496,112.074829",39125,535,121
1783975917,2026-07-13T20:51:57Z,SWR188,"40.359699,112.084839",39125,533,125
1783975921,2026-07-13T20:52:01Z,SWR188,"40.352131,112.097748",39125,529,128
1783975926,2026-07-13T20:52:06Z,SWR188,"40.343578,112.110527",39125,525,132
1783975931,2026-07-13T20:52:11Z,SWR188,"40.337372,112.118912",39125,522,134
1783975935,2026-07-13T20:52:15Z,SWR188,"40.32843,112.129639",39125,520,137
1783975949,2026-07-13T20:52:29Z,SWR188,"40.300919,112.155327",39100,510,148
1783975954,2026-07-13T20:52:34Z,SWR188,"40.291168,112.162354",39125,505,152
1783975959,2026-07-13T20:52:39Z,SWR188,"40.280159,112.169037",39125,500,155
1783975969,2026-07-13T20:52:49Z,SWR188,"40.258709,112.178772",39100,491,163
1783975974,2026-07-13T20:52:54Z,SWR188,"40.24786,112.18219",39125,486,166
1783975979,2026-07-13T20:52:59Z,SWR188,"40.237473,112.184578",39125,480,170
1783975984,2026-07-13T20:53:04Z,SWR188,"40.226028,112.186096",39125,474,174
1783975989,2026-07-13T20:53:09Z,SWR188,"40.215038,112.186577",39125,471,178
1783975999,2026-07-13T20:53:19Z,SWR188,"40.193848,112.184692",39125,460,187
1783976004,2026-07-13T20:53:24Z,SWR188,"40.183868,112.182426",39125,456,191
1783976014,2026-07-13T20:53:34Z,SWR188,"40.163219,112.174561",39125,445,199
1783976019,2026-07-13T20:53:39Z,SWR188,"40.154709,112.169983",39125,441,203
1783976029,2026-07-13T20:53:49Z,SWR188,"40.136082,112.156929",39125,434,210
1783976034,2026-07-13T20:53:54Z,SWR188,"40.127655,112.150024",39125,432,212
1783976044,2026-07-13T20:54:04Z,SWR188,"40.111179,112.135857",39100,432,214
1783976049,2026-07-13T20:54:09Z,SWR188,"40.10284,112.128464",39100,430,215
1783976074,2026-07-13T20:54:34Z,SWR188,"40.059399,112.096313",39125,443,203
1783976079,2026-07-13T20:54:39Z,SWR188,"40.049961,112.091949",39100,446,200
1783976084,2026-07-13T20:54:44Z,SWR188,"40.040131,112.08844",39100,450,195
1783976094,2026-07-13T20:54:54Z,SWR188,"40.019279,112.084023",39125,459,188
1783976099,2026-07-13T20:54:59Z,SWR188,"40.007172,112.083069",39125,464,183
1783976104,2026-07-13T20:55:04Z,SWR188,"39.99728,112.083069",39125,466,181
1783976109,2026-07-13T20:55:09Z,SWR188,"39.986324,112.08371",39125,469,177
1783976114,2026-07-13T20:55:14Z,SWR188,"39.975815,112.084778",39125,472,175
1783976119,2026-07-13T20:55:19Z,SWR188,"39.964691,112.086357",39125,474,174
1783976124,2026-07-13T20:55:24Z,SWR188,"39.953922,112.088264",39125,475,172
1783976133,2026-07-13T20:55:33Z,SWR188,"39.934799,112.092216",39100,477,170
1783976162,2026-07-13T20:56:02Z,SWR188,"39.871899,112.107674",39125,477,168
1783976197,2026-07-13T20:56:37Z,SWR188,"39.795929,112.12677",39125,475,169
1783976237,2026-07-13T20:57:17Z,SWR188,"39.709148,112.148071",39125,473,169
1783976271,2026-07-13T20:57:51Z,SWR188,"39.63625,112.165771",39125,473,169
1783976306,2026-07-13T20:58:26Z,SWR188,"39.561039,112.183899",39125,473,169
1783976336,2026-07-13T20:58:56Z,SWR188,"39.496899,112.199371",39125,475,169
1783976371,2026-07-13T20:59:31Z,SWR188,"39.423431,112.217278",39100,477,169
1783976405,2026-07-13T21:00:05Z,SWR188,"39.346981,112.236214",39125,478,169
1783976448,2026-07-13T21:00:48Z,SWR188,"39.253551,112.259087",39125,479,169
1783976483,2026-07-13T21:01:23Z,SWR188,"39.17659,112.278023",39125,479,169
1783976513,2026-07-13T21:01:53Z,SWR188,"39.114441,112.293167",39125,479,169
1783976553,2026-07-13T21:02:33Z,SWR188,"39.02536,112.309288",39125,469,176
1783976587,2026-07-13T21:03:07Z,SWR188,"38.95142,112.309509",39125,465,181
1783976621,2026-07-13T21:03:41Z,SWR188,"38.881409,112.307983",39125,465,182
1783976650,2026-07-13T21:04:10Z,SWR188,"38.816528,112.305832",39125,466,182
1783976685,2026-07-13T21:04:45Z,SWR188,"38.740631,112.302841",39125,467,182
1783976728,2026-07-13T21:05:28Z,SWR188,"38.647339,112.299797",39125,473,179
1783976743,2026-07-13T21:05:43Z,SWR188,"38.614342,112.303963",39125,479,172
1783976748,2026-07-13T21:05:48Z,SWR188,"38.603352,112.306267",39125,480,170
1783976753,2026-07-13T21:05:53Z,SWR188,"38.592361,112.308746",39125,481,169
1783976783,2026-07-13T21:06:23Z,SWR188,"38.52747,112.325737",39125,483,168
1783976810,2026-07-13T21:06:50Z,SWR188,"38.467319,112.341248",39125,484,168
1783976854,2026-07-13T21:07:34Z,SWR188,"38.37154,112.364601",39100,485,169
1783976889,2026-07-13T21:08:09Z,SWR188,"38.296009,112.382599",39125,485,169
1783976924,2026-07-13T21:08:44Z,SWR188,"38.214172,112.402016",39125,485,169
1783976955,2026-07-13T21:09:15Z,SWR188,"38.143661,112.41877",39125,484,169
1783976986,2026-07-13T21:09:46Z,SWR188,"38.075958,112.434784",39125,485,169
1783977019,2026-07-13T21:10:19Z,SWR188,"38.002316,112.452171",39125,486,169
1783977051,2026-07-13T21:10:51Z,SWR188,"37.930389,112.469147",39125,488,169
1783977084,2026-07-13T21:11:24Z,SWR188,"37.857239,112.486153",39125,489,169
1783977115,2026-07-13T21:11:55Z,SWR188,"37.788498,112.502213",39125,490,169
1783977147,2026-07-13T21:12:27Z,SWR188,"37.716705,112.520683",39125,493,166
1783977179,2026-07-13T21:12:59Z,SWR188,"37.647034,112.54377",39125,493,164
1783977211,2026-07-13T21:13:31Z,SWR188,"37.577061,112.567825",39125,493,164
1783977242,2026-07-13T21:14:02Z,SWR188,"37.509094,112.590813",39125,493,164
1783977274,2026-07-13T21:14:34Z,SWR188,"37.436188,112.615295",39125,493,165
1783977305,2026-07-13T21:15:05Z,SWR188,"37.36853,112.637917",39125,493,165
1783977337,2026-07-13T21:15:37Z,SWR188,"37.305332,112.659004",39125,493,165
1783977366,2026-07-13T21:16:06Z,SWR188,"37.239651,112.680862",39125,493,165
1783977402,2026-07-13T21:16:42Z,SWR188,"37.159626,112.707489",39125,493,165
1783977412,2026-07-13T21:16:52Z,SWR188,"37.136257,112.715248",39125,493,165
1783977470,2026-07-13T21:17:50Z,SWR188,"37.008133,112.757652",39125,495,165
1783977500,2026-07-13T21:18:20Z,SWR188,"36.943222,112.779274",39125,495,165
1783977549,2026-07-13T21:19:09Z,SWR188,"36.829605,112.81694",39125,496,165
1783977571,2026-07-13T21:19:31Z,SWR188,"36.78648,112.831253",39125,496,165
1783977611,2026-07-13T21:20:11Z,SWR188,"36.697407,112.860619",39125,497,165
1783977641,2026-07-13T21:20:41Z,SWR188,"36.62965,112.88298",39125,495,165
1783977676,2026-07-13T21:21:16Z,SWR188,"36.553284,112.908127",39125,497,165
1783977712,2026-07-13T21:21:52Z,SWR188,"36.473328,112.934418",39125,497,165
1783977752,2026-07-13T21:22:32Z,SWR188,"36.383549,112.963821",39125,497,165
1783977787,2026-07-13T21:23:07Z,SWR188,"36.306519,112.989006",39125,496,165
1783977822,2026-07-13T21:23:42Z,SWR188,"36.228119,113.014717",39125,497,165
1783977861,2026-07-13T21:24:21Z,SWR188,"36.143478,113.049667",39125,498,160
1783977898,2026-07-13T21:24:58Z,SWR188,"36.061798,113.087196",39125,498,159
1783977929,2026-07-13T21:25:29Z,SWR188,"35.990654,113.119438",39125,499,159
1783977962,2026-07-13T21:26:02Z,SWR188,"35.921707,113.150299",39125,500,159
1783977992,2026-07-13T21:26:32Z,SWR188,"35.854843,113.180176",39125,500,159
1783978025,2026-07-13T21:27:05Z,SWR188,"35.785355,113.211136",39125,500,160
1783978056,2026-07-13T21:27:36Z,SWR188,"35.715248,113.24263",39125,498,159
1783978087,2026-07-13T21:28:07Z,SWR188,"35.649563,113.272079",39125,496,159
1783978119,2026-07-13T21:28:39Z,SWR188,"35.580761,113.302818",39125,496,159
1783978151,2026-07-13T21:29:11Z,SWR188,"35.510788,113.333984",39100,496,160
1783978183,2026-07-13T21:29:43Z,SWR188,"35.442902,113.364143",39125,494,160
1783978213,2026-07-13T21:30:13Z,SWR188,"35.377029,113.393326",39125,494,160
1783978245,2026-07-13T21:30:45Z,SWR188,"35.309875,113.42337",39100,493,159
1783978277,2026-07-13T21:31:17Z,SWR188,"35.240044,113.454521",39125,490,159
1783978310,2026-07-13T21:31:50Z,SWR188,"35.171425,113.485046",39125,488,159
1783978341,2026-07-13T21:32:21Z,SWR188,"35.104156,113.514923",39125,488,160
1783978373,2026-07-13T21:32:53Z,SWR188,"35.035355,113.54538",39125,488,160
1783978405,2026-07-13T21:33:25Z,SWR188,"34.968365,113.575058",39125,486,160
1783978436,2026-07-13T21:33:56Z,SWR188,"34.903423,113.603729",39125,485,160
1783978467,2026-07-13T21:34:27Z,SWR188,"34.837921,113.631927",39125,484,162
1783978498,2026-07-13T21:34:58Z,SWR188,"34.771362,113.653511",39125,482,165
1783978530,2026-07-13T21:35:30Z,SWR188,"34.703293,113.676155",39125,481,164
1783978562,2026-07-13T21:36:02Z,SWR188,"34.634121,113.698997",39125,480,164
1783978595,2026-07-13T21:36:35Z,SWR188,"34.561752,113.722618",39125,440,164
1783978625,2026-07-13T21:37:05Z,SWR188,"34.502705,113.741737",39100,483,165
1783978655,2026-07-13T21:37:35Z,SWR188,"34.437019,113.762909",39125,483,165
1783978694,2026-07-13T21:38:14Z,SWR188,"34.355412,113.79673",39125,480,154
1783978699,2026-07-13T21:38:19Z,SWR188,"34.345692,113.80278",39100,479,152
1783978704,2026-07-13T21:38:24Z,SWR188,"34.335812,113.809547",39100,478,150
1783978709,2026-07-13T21:38:29Z,SWR188,"34.326511,113.816338",39125,477,148
1783978714,2026-07-13T21:38:34Z,SWR188,"34.317444,113.82357",39125,477,146
1783978719,2026-07-13T21:38:39Z,SWR188,"34.308243,113.831367",39125,476,144
1783978724,2026-07-13T21:38:44Z,SWR188,"34.299316,113.839188",39125,476,144
1783978754,2026-07-13T21:39:14Z,SWR188,"34.246349,113.88607",39125,477,144
1783978782,2026-07-13T21:39:42Z,SWR188,"34.195816,113.930412",39100,477,144
1783978824,2026-07-13T21:40:24Z,SWR188,"34.116898,113.999687",39125,478,143
1783978845,2026-07-13T21:40:45Z,SWR188,"34.083755,114.028725",39125,478,144
1783978880,2026-07-13T21:41:20Z,SWR188,"34.021317,114.084999",39125,476,139
1783978890,2026-07-13T21:41:30Z,SWR188,"34.005386,114.103333",39125,475,134
1783978895,2026-07-13T21:41:35Z,SWR188,"33.997986,114.112587",39125,474,133
1783978900,2026-07-13T21:41:40Z,SWR188,"33.99044,114.122429",39125,474,133
1783978905,2026-07-13T21:41:45Z,SWR188,"33.983414,114.13192",39125,474,132
1783978948,2026-07-13T21:42:28Z,SWR188,"33.918705,114.221588",39125,476,131
1783978979,2026-07-13T21:42:59Z,SWR188,"33.87648,114.27887",39125,476,132
1783979029,2026-07-13T21:43:49Z,SWR188,"33.803116,114.377289",39125,474,132
1783979064,2026-07-13T21:44:24Z,SWR188,"33.751831,114.445755",39125,474,132
1783979094,2026-07-13T21:44:54Z,SWR188,"33.707569,114.504784",39125,474,131
1783979129,2026-07-13T21:45:29Z,SWR188,"33.656479,114.572754",39125,474,132
1783979163,2026-07-13T21:46:03Z,SWR188,"33.606216,114.639305",39125,473,132
1783979198,2026-07-13T21:46:38Z,SWR188,"33.555222,114.706741",39125,472,132
1783979228,2026-07-13T21:47:08Z,SWR188,"33.511139,114.764938",39125,472,132
1783979268,2026-07-13T21:47:48Z,SWR188,"33.452408,114.842339",39125,474,132
1783979303,2026-07-13T21:48:23Z,SWR188,"33.400532,114.910599",39125,476,132
1783979332,2026-07-13T21:48:52Z,SWR188,"33.357845,114.966652",39125,476,132
1783979372,2026-07-13T21:49:32Z,SWR188,"33.29842,115.04454",39125,476,132
1783979407,2026-07-13T21:50:07Z,SWR188,"33.246231,115.11277",39125,476,132
1783979441,2026-07-13T21:50:41Z,SWR188,"33.195648,115.178795",39125,476,132
1783979471,2026-07-13T21:51:11Z,SWR188,"33.152344,115.235268",39125,472,132
1783979505,2026-07-13T21:51:45Z,SWR188,"33.101387,115.301514",39125,472,132
1783979540,2026-07-13T21:52:20Z,SWR188,"33.049301,115.369133",39125,473,132
1783979575,2026-07-13T21:52:55Z,SWR188,"32.997849,115.435822",39125,472,132
1783979610,2026-07-13T21:53:30Z,SWR188,"32.94548,115.503555",39125,473,133
1783979654,2026-07-13T21:54:14Z,SWR188,"32.880478,115.587433",39100,472,132
1783979689,2026-07-13T21:54:49Z,SWR188,"32.82925,115.653412",39100,472,132
1783979724,2026-07-13T21:55:24Z,SWR188,"32.779037,115.722893",39125,472,129
1783979758,2026-07-13T21:55:58Z,SWR188,"32.73175,115.791176",39100,474,129
1783979793,2026-07-13T21:56:33Z,SWR188,"32.683273,115.860771",39125,474,129
1783979822,2026-07-13T21:57:02Z,SWR188,"32.642258,115.919327",39125,476,130
1783979857,2026-07-13T21:57:37Z,SWR188,"32.592865,115.989639",39125,474,130
1783979892,2026-07-13T21:58:12Z,SWR188,"32.544064,116.058952",39125,472,130
1783979926,2026-07-13T21:58:46Z,SWR188,"32.496906,116.125877",39125,470,129
1783979956,2026-07-13T21:59:16Z,SWR188,"32.455444,116.185692",39125,470,128
1783979990,2026-07-13T21:59:50Z,SWR188,"32.408432,116.254578",39125,472,128
1783980025,2026-07-13T22:00:25Z,SWR188,"32.360462,116.324417",39125,474,129
1783980060,2026-07-13T22:01:00Z,SWR188,"32.311813,116.394936",39125,472,129
1783980105,2026-07-13T22:01:45Z,SWR188,"32.249855,116.484558",39125,467,129
1783980140,2026-07-13T22:02:20Z,SWR188,"32.202183,116.553337",39100,467,129
1783980175,2026-07-13T22:02:55Z,SWR188,"32.154007,116.622673",39125,466,129
1783980210,2026-07-13T22:03:30Z,SWR188,"32.10638,116.691116",39125,464,130
1783980245,2026-07-13T22:04:05Z,SWR188,"32.058105,116.758194",39125,465,130
1783980280,2026-07-13T22:04:40Z,SWR188,"32.009319,116.825752",39125,464,130
1783980315,2026-07-13T22:05:15Z,SWR188,"31.960672,116.89341",39125,466,130
1783980350,2026-07-13T22:05:50Z,SWR188,"31.911987,116.960777",39125,466,130
1783980385,2026-07-13T22:06:25Z,SWR188,"31.862686,117.028671",39125,467,130
1783980420,2026-07-13T22:07:00Z,SWR188,"31.814032,117.095818",39125,467,130
1783980455,2026-07-13T22:07:35Z,SWR188,"31.764771,117.163483",39125,470,131
1783980490,2026-07-13T22:08:10Z,SWR188,"31.715149,117.231339",39125,470,131
1783980525,2026-07-13T22:08:45Z,SWR188,"31.66539,117.299324",39125,467,130
1783980560,2026-07-13T22:09:20Z,SWR188,"31.616278,117.365738",39125,465,130
1783980599,2026-07-13T22:09:59Z,SWR188,"31.561113,117.440109",39125,465,130
1783980634,2026-07-13T22:10:34Z,SWR188,"31.511442,117.50647",39125,463,131
1783980669,2026-07-13T22:11:09Z,SWR188,"31.462423,117.57206",39125,463,130
1783980699,2026-07-13T22:11:39Z,SWR188,"31.420061,117.628525",39125,463,131
1783980739,2026-07-13T22:12:19Z,SWR188,"31.3629,117.703537",39125,465,131
1783980769,2026-07-13T22:12:49Z,SWR188,"31.319962,117.760025",39125,464,131
1783980814,2026-07-13T22:13:34Z,SWR188,"31.255871,117.844467",39125,465,131
1783980844,2026-07-13T22:14:04Z,SWR188,"31.216394,117.903679",39125,463,119
1783980849,2026-07-13T22:14:09Z,SWR188,"31.211426,117.915451",39125,462,116
1783980854,2026-07-13T22:14:14Z,SWR188,"31.207399,117.926872",39125,461,112
1783980859,2026-07-13T22:14:19Z,SWR188,"31.204149,117.938011",39125,459,108
1783980869,2026-07-13T22:14:29Z,SWR188,"31.199356,117.962784",39125,459,100
1783980874,2026-07-13T22:14:34Z,SWR188,"31.198013,117.974205",39125,459,97
1783980879,2026-07-13T22:14:39Z,SWR188,"31.196749,117.987343",39125,459,96
1783980884,2026-07-13T22:14:44Z,SWR188,"31.195679,117.999031",39125,459,95
1783980889,2026-07-13T22:14:49Z,SWR188,"31.194626,118.011314",39125,460,96
1783980923,2026-07-13T22:15:23Z,SWR188,"31.18721,118.096077",39125,464,96
1783980963,2026-07-13T22:16:03Z,SWR188,"31.177803,118.194542",39125,463,96
1783980993,2026-07-13T22:16:33Z,SWR188,"31.170727,118.269417",39125,464,96
1783981033,2026-07-13T22:17:13Z,SWR188,"31.161621,118.36821",39125,461,95
1783981053,2026-07-13T22:17:33Z,SWR188,"31.162487,118.418228",39050,460,83
1783981058,2026-07-13T22:17:38Z,SWR188,"31.16423,118.429764",38950,459,79
1783981063,2026-07-13T22:17:43Z,SWR188,"31.166862,118.442451",38775,460,76
1783981068,2026-07-13T22:17:48Z,SWR188,"31.169703,118.454536",38600,462,75
1783981073,2026-07-13T22:17:53Z,SWR188,"31.172543,118.466454",38475,462,74
1783981078,2026-07-13T22:17:58Z,SWR188,"31.175308,118.478127",38350,462,74
1783981083,2026-07-13T22:18:03Z,SWR188,"31.178284,118.490295",38250,464,74
1783981120,2026-07-13T22:18:40Z,SWR188,"31.200851,118.584755",37325,468,74
1783981153,2026-07-13T22:19:13Z,SWR188,"31.219391,118.664352",36600,468,74
1783981183,2026-07-13T22:19:43Z,SWR188,"31.236557,118.738724",35900,473,75
1783981215,2026-07-13T22:20:15Z,SWR188,"31.254242,118.815491",35175,473,75
1783981248,2026-07-13T22:20:48Z,SWR188,"31.272125,118.893394",34425,468,74
1783981277,2026-07-13T22:21:17Z,SWR188,"31.28841,118.964523",33875,465,75
1783981312,2026-07-13T22:21:52Z,SWR188,"31.307684,119.048729",33300,463,75
1783981347,2026-07-13T22:22:27Z,SWR188,"31.327011,119.133698",33100,463,75
1783981382,2026-07-13T22:23:02Z,SWR188,"31.345963,119.217598",33125,465,75
1783981417,2026-07-13T22:23:37Z,SWR188,"31.36541,119.30378",33125,470,75
1783981452,2026-07-13T22:24:12Z,SWR188,"31.38588,119.394997",33100,490,75
1783981487,2026-07-13T22:24:47Z,SWR188,"31.405975,119.484772",33125,496,75
1783981520,2026-07-13T22:25:20Z,SWR188,"31.425613,119.572716",33125,498,75
1783981545,2026-07-13T22:25:45Z,SWR188,"31.43898,119.632767",33125,497,75
1783981580,2026-07-13T22:26:20Z,SWR188,"31.459072,119.723343",32625,496,75
1783981615,2026-07-13T22:26:55Z,SWR188,"31.479416,119.815575",30325,508,76
1783981657,2026-07-13T22:27:37Z,SWR188,"31.503937,119.926971",28350,501,76
1783981692,2026-07-13T22:28:12Z,SWR188,"31.524857,120.022293",26525,494,75
1783981727,2026-07-13T22:28:47Z,SWR188,"31.543516,120.107758",25100,479,75
1783981766,2026-07-13T22:29:26Z,SWR188,"31.564407,120.203461",23600,453,75
1783981796,2026-07-13T22:29:56Z,SWR188,"31.579559,120.273529",22325,440,76
1783981811,2026-07-13T22:30:11Z,SWR188,"31.584274,120.30751",22000,432,85
1783981816,2026-07-13T22:30:16Z,SWR188,"31.584229,120.320061",21900,430,90
1783981821,2026-07-13T22:30:21Z,SWR188,"31.58345,120.331047",21800,428,95
1783981826,2026-07-13T22:30:26Z,SWR188,"31.581829,120.342758",21700,426,99
1783981831,2026-07-13T22:30:31Z,SWR188,"31.579641,120.353577",21575,424,103
1783981836,2026-07-13T22:30:36Z,SWR188,"31.576538,120.365028",21475,423,108
1783981846,2026-07-13T22:30:46Z,SWR188,"31.570084,120.386192",21275,420,109
1783981851,2026-07-13T22:30:51Z,SWR188,"31.566887,120.396698",21150,420,109
1783981856,2026-07-13T22:30:56Z,SWR188,"31.563583,120.407677",21050,418,109
1783981892,2026-07-13T22:31:32Z,SWR188,"31.539373,120.489311",19875,414,109
1783981924,2026-07-13T22:32:04Z,SWR188,"31.519638,120.555779",18975,407,108
1783981956,2026-07-13T22:32:36Z,SWR188,"31.49999,120.622192",17900,401,109
1783981988,2026-07-13T22:33:08Z,SWR188,"31.480719,120.68718",16850,395,109
1783982019,2026-07-13T22:33:39Z,SWR188,"31.462051,120.749802",15875,390,109
1783982051,2026-07-13T22:34:11Z,SWR188,"31.44342,120.81234",15150,382,109
1783982083,2026-07-13T22:34:43Z,SWR188,"31.424194,120.874275",14225,380,110
1783982115,2026-07-13T22:35:15Z,SWR188,"31.40493,120.935577",13550,374,110
1783982147,2026-07-13T22:35:47Z,SWR188,"31.3862,120.995773",13025,374,109
1783982178,2026-07-13T22:36:18Z,SWR188,"31.367981,121.056145",12500,372,109
1783982209,2026-07-13T22:36:49Z,SWR188,"31.350651,121.113113",12025,374,109
1783982240,2026-07-13T22:37:20Z,SWR188,"31.332403,121.173813",11500,362,109
1783982259,2026-07-13T22:37:39Z,SWR188,"31.324303,121.201065",11250,356,109
1783982281,2026-07-13T22:38:01Z,SWR188,"31.310944,121.245766",11075,339,109
1783982297,2026-07-13T22:38:17Z,SWR188,"31.302429,121.2742",10950,328,109
1783982314,2026-07-13T22:38:34Z,SWR188,"31.294044,121.302193",10850,319,109
1783982332,2026-07-13T22:38:52Z,SWR188,"31.286362,121.327957",10750,318,109
1783982346,2026-07-13T22:39:06Z,SWR188,"31.278822,121.3535",10650,317,108
1783982360,2026-07-13T22:39:20Z,SWR188,"31.271896,121.376579",10525,316,109
1783982373,2026-07-13T22:39:33Z,SWR188,"31.265694,121.397003",10350,308,109
1783982400,2026-07-13T22:40:00Z,SWR188,"31.254501,121.433289",9925,292,109
1783982417,2026-07-13T22:40:17Z,SWR188,"31.246096,121.460503",9400,288,109
1783982432,2026-07-13T22:40:32Z,SWR188,"31.23848,121.485039",8875,286,109
1783982450,2026-07-13T22:40:50Z,SWR188,"31.230881,121.509865",8300,283,109
1783982467,2026-07-13T22:41:07Z,SWR188,"31.228127,121.535156",7825,288,85
1783982473,2026-07-13T22:41:13Z,SWR188,"31.2285,121.537712",7800,288,81
1783982481,2026-07-13T22:41:21Z,SWR188,"31.231842,121.553757",7625,278,75
1783982502,2026-07-13T22:41:42Z,SWR188,"31.238461,121.579544",7125,270,72
1783982507,2026-07-13T22:41:47Z,SWR188,"31.243057,121.592262",6825,270,65
1783982513,2026-07-13T22:41:53Z,SWR188,"31.247406,121.599266",6675,270,65
1783982518,2026-07-13T22:41:58Z,SWR188,"31.251984,121.604492",6550,268,46
1783982526,2026-07-13T22:42:06Z,SWR188,"31.258209,121.609337",6425,264,33
1783982531,2026-07-13T22:42:11Z,SWR188,"31.263739,121.612282",6350,261,23
1783982536,2026-07-13T22:42:16Z,SWR188,"31.269379,121.614288",6250,257,16
1783982547,2026-07-13T22:42:27Z,SWR188,"31.280684,121.615028",6050,243,351
1783982552,2026-07-13T22:42:32Z,SWR188,"31.288879,121.613052",5875,238,344
1783982564,2026-07-13T22:42:44Z,SWR188,"31.301926,121.608528",5650,238,343
1783982567,2026-07-13T22:42:47Z,SWR188,"31.305729,121.60717",5600,237,343
1783982574,2026-07-13T22:42:54Z,SWR188,"31.311872,121.604866",5500,236,342
1783982586,2026-07-13T22:43:06Z,SWR188,"31.325279,121.599808",5300,234,342
1783982601,2026-07-13T22:43:21Z,SWR188,"31.338638,121.595711",5250,234,351
1783982606,2026-07-13T22:43:26Z,SWR188,"31.344366,121.595749",5225,240,1
1783982620,2026-07-13T22:43:40Z,SWR188,"31.360336,121.602768",4975,246,33
1783982625,2026-07-13T22:43:45Z,SWR188,"31.364756,121.60717",4900,242,42
1783982631,2026-07-13T22:43:51Z,SWR188,"31.367844,121.611115",4875,240,48
1783982642,2026-07-13T22:44:02Z,SWR188,"31.376678,121.624252",4700,232,54
1783982644,2026-07-13T22:44:04Z,SWR188,"31.377977,121.626396",4675,229,54
1783982646,2026-07-13T22:44:06Z,SWR188,"31.379513,121.628983",4650,227,55
1783982649,2026-07-13T22:44:09Z,SWR188,"31.380753,121.631096",4625,226,55
1783982652,2026-07-13T22:44:12Z,SWR188,"31.382492,121.634163",4575,225,56
1783982654,2026-07-13T22:44:14Z,SWR188,"31.383703,121.63623",4525,224,56
1783982662,2026-07-13T22:44:22Z,SWR188,"31.388731,121.645126",4350,223,56
1783982671,2026-07-13T22:44:31Z,SWR188,"31.393387,121.653763",4200,222,59
1783982673,2026-07-13T22:44:33Z,SWR188,"31.394224,121.655678",4150,221,61
1783982675,2026-07-13T22:44:35Z,SWR188,"31.395355,121.658829",4075,222,64
1783982677,2026-07-13T22:44:37Z,SWR188,"31.395996,121.661194",4025,222,68
1783982679,2026-07-13T22:44:39Z,SWR188,"31.396505,121.663643",3975,222,73
1783982681,2026-07-13T22:44:41Z,SWR188,"31.396645,121.664963",3975,222,80
1783982685,2026-07-13T22:44:45Z,SWR188,"31.396877,121.669632",3900,221,86
1783982687,2026-07-13T22:44:47Z,SWR188,"31.396637,121.67321",3825,221,91
1783982690,2026-07-13T22:44:50Z,SWR188,"31.395996,121.676704",3775,219,96
1783982693,2026-07-13T22:44:53Z,SWR188,"31.395061,121.680008",3725,216,105
1783982698,2026-07-13T22:44:58Z,SWR188,"31.392883,121.685272",3625,213,115
1783982702,2026-07-13T22:45:02Z,SWR188,"31.391418,121.688072",3600,210,121
1783982704,2026-07-13T22:45:04Z,SWR188,"31.390045,121.690384",3550,209,123
1783982706,2026-07-13T22:45:06Z,SWR188,"31.38887,121.692368",3500,208,124
1783982708,2026-07-13T22:45:08Z,SWR188,"31.387756,121.694099",3475,207,125
1783982710,2026-07-13T22:45:10Z,SWR188,"31.386612,121.69593",3425,207,126
1783982712,2026-07-13T22:45:12Z,SWR188,"31.385471,121.697647",3400,206,126
1783982714,2026-07-13T22:45:14Z,SWR188,"31.384094,121.69976",3375,205,127
1783982716,2026-07-13T22:45:16Z,SWR188,"31.383087,121.701263",3350,204,127
1783982718,2026-07-13T22:45:18Z,SWR188,"31.381887,121.70314",3350,203,127
1783982721,2026-07-13T22:45:21Z,SWR188,"31.380445,121.705338",3325,202,127
1783982723,2026-07-13T22:45:23Z,SWR188,"31.379328,121.707092",3300,200,127
1783982725,2026-07-13T22:45:25Z,SWR188,"31.378397,121.708359",3275,199,127
1783982727,2026-07-13T22:45:27Z,SWR188,"31.377228,121.710312",3250,198,127
1783982729,2026-07-13T22:45:29Z,SWR188,"31.375809,121.712524",3225,197,127
1783982731,2026-07-13T22:45:31Z,SWR188,"31.374664,121.714294",3225,195,127
1783982733,2026-07-13T22:45:33Z,SWR188,"31.373508,121.716103",3200,194,126
1783982742,2026-07-13T22:45:42Z,SWR188,"31.369085,121.723076",3125,191,126
1783982750,2026-07-13T22:45:50Z,SWR188,"31.364731,121.730026",3050,188,126
1783982756,2026-07-13T22:45:56Z,SWR188,"31.361481,121.735138",3000,186,126
1783982759,2026-07-13T22:45:59Z,SWR188,"31.360474,121.736649",3000,184,128
1783982761,2026-07-13T22:46:01Z,SWR188,"31.359467,121.737885",2975,182,131
1783982763,2026-07-13T22:46:03Z,SWR188,"31.357866,121.739609",2975,179,136
1783982765,2026-07-13T22:46:05Z,SWR188,"31.356609,121.740654",2950,177,141
1783982767,2026-07-13T22:46:07Z,SWR188,"31.355307,121.741592",2950,174,146
1783982769,2026-07-13T22:46:09Z,SWR188,"31.35391,121.742416",2950,171,151
1783982771,2026-07-13T22:46:11Z,SWR188,"31.352417,121.743111",2925,170,155
1783982773,2026-07-13T22:46:13Z,SWR188,"31.350861,121.743813",2925,168,158
1783982775,2026-07-13T22:46:15Z,SWR188,"31.349121,121.744453",2925,168,160
1783982777,2026-07-13T22:46:17Z,SWR188,"31.347858,121.744942",2925,165,162
1783982779,2026-07-13T22:46:19Z,SWR188,"31.34642,121.745422",2900,166,162
1783982782,2026-07-13T22:46:22Z,SWR188,"31.344553,121.746147",2900,166,162
1783982784,2026-07-13T22:46:24Z,SWR188,"31.34297,121.746696",2875,166,162
1783982786,2026-07-13T22:46:26Z,SWR188,"31.341248,121.74736",2875,166,162
1783982788,2026-07-13T22:46:28Z,SWR188,"31.339828,121.747902",2850,168,161
1783982790,2026-07-13T22:46:30Z,SWR188,"31.338318,121.748497",2850,168,161
1783982792,2026-07-13T22:46:32Z,SWR188,"31.336533,121.749199",2850,168,161
1783982794,2026-07-13T22:46:34Z,SWR188,"31.33493,121.749786",2825,168,161
1783982796,2026-07-13T22:46:36Z,SWR188,"31.333473,121.75032",2825,168,161
1783982798,2026-07-13T22:46:38Z,SWR188,"31.332275,121.750809",2825,168,161
1783982800,2026-07-13T22:46:40Z,SWR188,"31.330307,121.751534",2800,168,161
1783982803,2026-07-13T22:46:43Z,SWR188,"31.328751,121.752159",2800,167,162
1783982811,2026-07-13T22:46:51Z,SWR188,"31.322525,121.754471",2800,167,161
1783982819,2026-07-13T22:46:59Z,SWR188,"31.316715,121.756699",2775,167,161
1783982827,2026-07-13T22:47:07Z,SWR188,"31.311174,121.758835",2775,166,161
1783982835,2026-07-13T22:47:15Z,SWR188,"31.305267,121.761101",2750,167,161
1783982843,2026-07-13T22:47:23Z,SWR188,"31.2995,121.763359",2725,166,161
1783982852,2026-07-13T22:47:32Z,SWR188,"31.293045,121.765839",2700,164,161
1783982859,2026-07-13T22:47:39Z,SWR188,"31.287386,121.768013",2675,163,161
1783982866,2026-07-13T22:47:46Z,SWR188,"31.282591,121.769882",2650,162,161
1783982874,2026-07-13T22:47:54Z,SWR188,"31.277424,121.771805",2575,161,162
1783982880,2026-07-13T22:48:00Z,SWR188,"31.272446,121.773697",2450,160,162
1783982886,2026-07-13T22:48:06Z,SWR188,"31.269699,121.774712",2400,160,162
1783982901,2026-07-13T22:48:21Z,SWR188,"31.259319,121.778671",2225,155,162
1783982911,2026-07-13T22:48:31Z,SWR188,"31.252899,121.781082",2075,145,162
1783982926,2026-07-13T22:48:46Z,SWR188,"31.243673,121.784599",1900,138,162
1783982941,2026-07-13T22:49:01Z,SWR188,"31.2346,121.78801",1750,135,162
1783982951,2026-07-13T22:49:11Z,SWR188,"31.228777,121.790146",1625,135,163
1783982966,2026-07-13T22:49:26Z,SWR188,"31.219666,121.793518",1450,135,162
1783982976,2026-07-13T22:49:36Z,SWR188,"31.213694,121.795807",1350,134,161
1783982986,2026-07-13T22:49:46Z,SWR188,"31.207735,121.798172",1225,135,161
1783983001,2026-07-13T22:50:01Z,SWR188,"31.198792,121.801544",1050,135,162
1783983011,2026-07-13T22:50:11Z,SWR188,"31.192749,121.803749",925,135,162
1783983026,2026-07-13T22:50:26Z,SWR188,"31.183914,121.807144",750,136,162
1783983036,2026-07-13T22:50:36Z,SWR188,"31.177803,121.809486",650,136,162
1783983051,2026-07-13T22:50:51Z,SWR188,"31.168945,121.812851",475,136,162
1783983061,2026-07-13T22:51:01Z,SWR188,"31.163727,121.814842",375,133,162
1783983103,2026-07-13T22:51:43Z,SWR188,"31.143658,121.822411",0,50,162
1783983114,2026-07-13T22:51:54Z,SWR188,"31.142258,121.822906",0,38,162
1783983185,2026-07-13T22:53:05Z,SWR188,"31.133997,121.823753",0,16,180
