Timestamp,UTC,Callsign,Position,Altitude,Speed,Direction
1783958275,2026-07-13T15:57:55Z,SIA22,"1.350015,103.982147",0,0,151
1783958328,2026-07-13T15:58:48Z,SIA22,"1.350254,103.982048",0,5,149
1783958340,2026-07-13T15:59:00Z,SIA22,"1.35046,103.981979",0,4,135
1783958355,2026-07-13T15:59:15Z,SIA22,"1.350678,103.981857",0,3,112
1783958373,2026-07-13T15:59:33Z,SIA22,"1.350876,103.981628",0,4,75
1783958386,2026-07-13T15:59:46Z,SIA22,"1.350899,103.981415",0,4,50
1783958401,2026-07-13T16:00:01Z,SIA22,"1.35078,103.981186",0,4,30
1783958418,2026-07-13T16:00:18Z,SIA22,"1.350574,103.981049",0,3,19
1783958778,2026-07-13T16:06:18Z,SIA22,"1.35078,103.981163",0,6,22
1783958787,2026-07-13T16:06:27Z,SIA22,"1.351004,103.981255",0,6,22
1783958795,2026-07-13T16:06:35Z,SIA22,"1.351237,103.981346",0,7,22
1783958803,2026-07-13T16:06:43Z,SIA22,"1.351467,103.981453",0,7,22
1783958811,2026-07-13T16:06:51Z,SIA22,"1.351673,103.981537",0,8,22
1783958818,2026-07-13T16:06:58Z,SIA22,"1.35197,103.981667",0,9,22
1783958825,2026-07-13T16:07:05Z,SIA22,"1.352238,103.981773",0,9,22
1783958833,2026-07-13T16:07:13Z,SIA22,"1.352577,103.981918",0,10,22
1783958841,2026-07-13T16:07:21Z,SIA22,"1.352898,103.982056",0,11,22
1783958848,2026-07-13T16:07:28Z,SIA22,"1.353157,103.982162",0,11,22
1783958857,2026-07-13T16:07:37Z,SIA22,"1.353669,103.982376",0,11,22
1783958865,2026-07-13T16:07:45Z,SIA22,"1.354077,103.982552",0,11,22
1783958873,2026-07-13T16:07:53Z,SIA22,"1.354496,103.982719",0,12,22
1783958881,2026-07-13T16:08:01Z,SIA22,"1.354877,103.982887",0,12,22
1783958888,2026-07-13T16:08:08Z,SIA22,"1.355267,103.983047",0,12,22
1783958897,2026-07-13T16:08:17Z,SIA22,"1.355747,103.983253",0,12,22
1783958904,2026-07-13T16:08:24Z,SIA22,"1.356136,103.983421",0,13,22
1783958913,2026-07-13T16:08:33Z,SIA22,"1.35659,103.983604",0,13,22
1783958921,2026-07-13T16:08:41Z,SIA22,"1.357009,103.983788",0,13,22
1783958930,2026-07-13T16:08:50Z,SIA22,"1.357555,103.984016",0,14,22
1783958936,2026-07-13T16:08:56Z,SIA22,"1.357819,103.984131",0,14,22
1783958944,2026-07-13T16:09:04Z,SIA22,"1.358383,103.984367",0,14,22
1783958950,2026-07-13T16:09:10Z,SIA22,"1.35878,103.984535",0,14,22
1783958957,2026-07-13T16:09:17Z,SIA22,"1.359203,103.984711",0,14,22
1783958964,2026-07-13T16:09:24Z,SIA22,"1.35964,103.984894",0,15,22
1783958972,2026-07-13T16:09:32Z,SIA22,"1.360165,103.985115",0,15,22
1783958987,2026-07-13T16:09:47Z,SIA22,"1.361083,103.985512",0,12,22
1783958999,2026-07-13T16:09:59Z,SIA22,"1.361641,103.985748",0,0,22
1783959005,2026-07-13T16:10:05Z,SIA22,"1.361967,103.985878",0,11,22
1783959012,2026-07-13T16:10:12Z,SIA22,"1.362225,103.985992",0,7,22
1783959022,2026-07-13T16:10:22Z,SIA22,"1.362511,103.986122",0,5,22
1783959036,2026-07-13T16:10:36Z,SIA22,"1.362797,103.986237",0,5,22
1783959046,2026-07-13T16:10:46Z,SIA22,"1.363026,103.986343",0,6,22
1783959055,2026-07-13T16:10:55Z,SIA22,"1.363247,103.986427",0,6,22
1783959064,2026-07-13T16:11:04Z,SIA22,"1.363503,103.986534",0,7,22
1783959072,2026-07-13T16:11:12Z,SIA22,"1.363736,103.986626",0,7,22
1783959082,2026-07-13T16:11:22Z,SIA22,"1.364033,103.986763",0,8,22
1783959090,2026-07-13T16:11:30Z,SIA22,"1.364307,103.986877",0,9,22
1783959106,2026-07-13T16:11:46Z,SIA22,"1.365051,103.987183",0,0,22
1783959113,2026-07-13T16:11:53Z,SIA22,"1.365447,103.98735",0,14,22
1783959125,2026-07-13T16:12:05Z,SIA22,"1.366145,103.98764",0,14,22
1783959132,2026-07-13T16:12:12Z,SIA22,"1.366539,103.987808",0,13,22
1783959140,2026-07-13T16:12:20Z,SIA22,"1.366997,103.988007",0,12,22
1783959150,2026-07-13T16:12:30Z,SIA22,"1.367443,103.98819",0,12,22
1783959157,2026-07-13T16:12:37Z,SIA22,"1.367856,103.988365",0,10,22
1783959167,2026-07-13T16:12:47Z,SIA22,"1.368054,103.988754",0,10,64
1783959172,2026-07-13T16:12:52Z,SIA22,"1.367996,103.98896",0,9,87
1783959189,2026-07-13T16:13:09Z,SIA22,"1.367752,103.989494",0,7,112
1783959214,2026-07-13T16:13:34Z,SIA22,"1.367352,103.990402",0,0,112
1783959227,2026-07-13T16:13:47Z,SIA22,"1.3671,103.991005",0,11,112
1783959236,2026-07-13T16:13:56Z,SIA22,"1.366917,103.991425",0,12,112
1783959243,2026-07-13T16:14:03Z,SIA22,"1.366774,103.99176",0,11,112
1783959255,2026-07-13T16:14:15Z,SIA22,"1.366506,103.992371",0,12,112
1783959269,2026-07-13T16:14:29Z,SIA22,"1.366192,103.993111",0,13,112
1783959280,2026-07-13T16:14:40Z,SIA22,"1.365959,103.99366",0,13,112
1783959298,2026-07-13T16:14:58Z,SIA22,"1.36552,103.994682",0,13,112
1783959343,2026-07-13T16:15:43Z,SIA22,"1.364273,103.997604",0,17,112
1783959350,2026-07-13T16:15:50Z,SIA22,"1.364062,103.9981",0,14,112
1783959361,2026-07-13T16:16:01Z,SIA22,"1.363804,103.998596",0,13,120
1783959371,2026-07-13T16:16:11Z,SIA22,"1.363143,103.99881",0,12,165
1783959382,2026-07-13T16:16:22Z,SIA22,"1.362538,103.998856",0,13,171
1783959394,2026-07-13T16:16:34Z,SIA22,"1.361699,103.998856",0,18,188
1783959397,2026-07-13T16:16:37Z,SIA22,"1.361444,103.998764",0,21,196
1783959399,2026-07-13T16:16:39Z,SIA22,"1.361187,103.998665",0,24,199
1783959403,2026-07-13T16:16:43Z,SIA22,"1.360792,103.998489",0,32,202
1783959413,2026-07-13T16:16:53Z,SIA22,"1.358429,103.997482",0,0,202
1783959414,2026-07-13T16:16:54Z,SIA22,"1.357922,103.997269",0,80,202
1783959416,2026-07-13T16:16:56Z,SIA22,"1.357393,103.997047",0,86,202
1783959417,2026-07-13T16:16:57Z,SIA22,"1.356903,103.996841",0,92,202
1783959449,2026-07-13T16:17:29Z,SIA22,"1.336934,103.988388",175,185,202
1783959458,2026-07-13T16:17:38Z,SIA22,"1.330215,103.985641",525,182,201
1783959467,2026-07-13T16:17:47Z,SIA22,"1.32312,103.982758",975,178,202
1783959473,2026-07-13T16:17:53Z,SIA22,"1.318359,103.98085",1250,176,202
1783959481,2026-07-13T16:18:01Z,SIA22,"1.311842,103.978165",1575,175,202
1783959488,2026-07-13T16:18:08Z,SIA22,"1.306961,103.976143",1825,175,202
1783959490,2026-07-13T16:18:10Z,SIA22,"1.305278,103.97551",1900,175,199
1783959492,2026-07-13T16:18:12Z,SIA22,"1.303789,103.975037",1975,174,197
1783959494,2026-07-13T16:18:14Z,SIA22,"1.302159,103.974564",2025,174,192
1783959497,2026-07-13T16:18:17Z,SIA22,"1.300111,103.974182",2100,174,189
1783959499,2026-07-13T16:18:19Z,SIA22,"1.298621,103.974045",2125,174,183
1783959501,2026-07-13T16:18:21Z,SIA22,"1.296759,103.973991",2175,175,177
1783959503,2026-07-13T16:18:23Z,SIA22,"1.295176,103.974136",2200,176,171
1783959505,2026-07-13T16:18:25Z,SIA22,"1.2935,103.974464",2200,177,165
1783959508,2026-07-13T16:18:28Z,SIA22,"1.291406,103.975082",2225,181,158
1783959510,2026-07-13T16:18:30Z,SIA22,"1.289916,103.9757",2250,182,153
1783959512,2026-07-13T16:18:32Z,SIA22,"1.288422,103.976517",2250,184,147
1783959514,2026-07-13T16:18:34Z,SIA22,"1.286331,103.977974",2275,186,140
1783959516,2026-07-13T16:18:36Z,SIA22,"1.284981,103.979202",2300,188,135
1783959519,2026-07-13T16:18:39Z,SIA22,"1.283818,103.980484",2325,191,128
1783959521,2026-07-13T16:18:41Z,SIA22,"1.2827,103.981964",2350,194,124
1783959523,2026-07-13T16:18:43Z,SIA22,"1.281816,103.983368",2375,195,119
1783959525,2026-07-13T16:18:45Z,SIA22,"1.280745,103.985359",2400,197,115
1783959527,2026-07-13T16:18:47Z,SIA22,"1.28009,103.98671",2425,199,113
1783959529,2026-07-13T16:18:49Z,SIA22,"1.279302,103.98867",2450,202,111
1783959531,2026-07-13T16:18:51Z,SIA22,"1.278442,103.990852",2500,204,109
1783959533,2026-07-13T16:18:53Z,SIA22,"1.277802,103.992722",2525,205,108
1783959535,2026-07-13T16:18:55Z,SIA22,"1.277206,103.994484",2550,208,107
1783959537,2026-07-13T16:18:57Z,SIA22,"1.276703,103.996162",2600,209,107
1783959539,2026-07-13T16:18:59Z,SIA22,"1.27597,103.998398",2625,211,107
1783959541,2026-07-13T16:19:01Z,SIA22,"1.275299,104.000374",2650,212,107
1783959544,2026-07-13T16:19:04Z,SIA22,"1.27478,104.002121",2675,214,107
1783959546,2026-07-13T16:19:06Z,SIA22,"1.274139,104.004028",2700,216,107
1783959548,2026-07-13T16:19:08Z,SIA22,"1.273407,104.00631",2750,217,107
1783959550,2026-07-13T16:19:10Z,SIA22,"1.272645,104.008705",2775,219,107
1783959552,2026-07-13T16:19:12Z,SIA22,"1.272087,104.010406",2800,221,107
1783959554,2026-07-13T16:19:14Z,SIA22,"1.271388,104.012497",2825,223,108
1783959557,2026-07-13T16:19:17Z,SIA22,"1.270643,104.014816",2850,225,107
1783959559,2026-07-13T16:19:19Z,SIA22,"1.269945,104.017036",2900,228,107
1783959561,2026-07-13T16:19:21Z,SIA22,"1.2692,104.019264",2925,230,108
1783959570,2026-07-13T16:19:30Z,SIA22,"1.266449,104.027771",3050,237,107
1783959572,2026-07-13T16:19:32Z,SIA22,"1.265717,104.030098",3075,239,106
1783959574,2026-07-13T16:19:34Z,SIA22,"1.264917,104.032852",3125,241,105
1783959576,2026-07-13T16:19:36Z,SIA22,"1.264343,104.035034",3150,245,102
1783959579,2026-07-13T16:19:39Z,SIA22,"1.26384,104.037598",3200,246,100
1783959581,2026-07-13T16:19:41Z,SIA22,"1.263474,104.040337",3250,249,96
1783959583,2026-07-13T16:19:43Z,SIA22,"1.26329,104.042389",3275,252,92
1783959585,2026-07-13T16:19:45Z,SIA22,"1.263245,104.045273",3300,256,89
1783959587,2026-07-13T16:19:47Z,SIA22,"1.26329,104.047653",3325,258,87
1783959589,2026-07-13T16:19:49Z,SIA22,"1.263428,104.04998",3350,261,86
1783959591,2026-07-13T16:19:51Z,SIA22,"1.263614,104.052696",3375,263,85
1783959594,2026-07-13T16:19:54Z,SIA22,"1.2638,104.055115",3375,267,84
1783959596,2026-07-13T16:19:56Z,SIA22,"1.264173,104.058472",3400,269,84
1783959598,2026-07-13T16:19:58Z,SIA22,"1.264405,104.060936",3450,271,83
1783959600,2026-07-13T16:20:00Z,SIA22,"1.264709,104.063568",3475,273,83
1783959602,2026-07-13T16:20:02Z,SIA22,"1.264964,104.066101",3500,274,83
1783959604,2026-07-13T16:20:04Z,SIA22,"1.265243,104.068512",3550,275,83
1783959606,2026-07-13T16:20:06Z,SIA22,"1.265533,104.071159",3600,276,83
1783959608,2026-07-13T16:20:08Z,SIA22,"1.265808,104.073486",3650,276,83
1783959611,2026-07-13T16:20:11Z,SIA22,"1.266128,104.07666",3725,276,83
1783959613,2026-07-13T16:20:13Z,SIA22,"1.266495,104.079681",3825,275,83
1783959615,2026-07-13T16:20:15Z,SIA22,"1.266769,104.082008",3925,275,83
1783959623,2026-07-13T16:20:23Z,SIA22,"1.268083,104.09333",4275,273,83
1783959630,2026-07-13T16:20:30Z,SIA22,"1.269061,104.101379",4500,274,83
1783959639,2026-07-13T16:20:39Z,SIA22,"1.270432,104.112495",4800,275,83
1783959647,2026-07-13T16:20:47Z,SIA22,"1.271714,104.12307",5050,277,83
1783959660,2026-07-13T16:21:00Z,SIA22,"1.273682,104.139778",5450,281,83
1783959673,2026-07-13T16:21:13Z,SIA22,"1.275857,104.157257",5800,286,82
1783959686,2026-07-13T16:21:26Z,SIA22,"1.277847,104.173759",6125,290,83
1783959699,2026-07-13T16:21:39Z,SIA22,"1.279953,104.191681",6525,292,83
1783959712,2026-07-13T16:21:52Z,SIA22,"1.281909,104.208633",6900,294,83
1783959725,2026-07-13T16:22:05Z,SIA22,"1.283911,104.225876",7250,298,83
1783959738,2026-07-13T16:22:18Z,SIA22,"1.285913,104.243683",7625,300,83
1783959751,2026-07-13T16:22:31Z,SIA22,"1.28801,104.262444",7950,306,83
1783959764,2026-07-13T16:22:44Z,SIA22,"1.289963,104.279861",8300,306,83
1783959777,2026-07-13T16:22:57Z,SIA22,"1.29213,104.299034",8725,308,83
1783959792,2026-07-13T16:23:12Z,SIA22,"1.294478,104.320015",9100,310,83
1783959805,2026-07-13T16:23:25Z,SIA22,"1.29657,104.338737",9525,309,83
1783959818,2026-07-13T16:23:38Z,SIA22,"1.298721,104.357735",9900,312,83
1783959831,2026-07-13T16:23:51Z,SIA22,"1.300827,104.376587",10250,314,83
1783959844,2026-07-13T16:24:04Z,SIA22,"1.302951,104.395454",10425,324,83
1783959857,2026-07-13T16:24:17Z,SIA22,"1.305176,104.415276",10600,333,83
1783959870,2026-07-13T16:24:30Z,SIA22,"1.307419,104.434967",10750,342,83
1783959883,2026-07-13T16:24:43Z,SIA22,"1.309753,104.455589",10900,351,83
1783959898,2026-07-13T16:24:58Z,SIA22,"1.312494,104.480499",11050,362,83
1783959911,2026-07-13T16:25:11Z,SIA22,"1.314972,104.502701",11175,371,83
1783959924,2026-07-13T16:25:24Z,SIA22,"1.317535,104.525604",11300,380,83
1783959937,2026-07-13T16:25:37Z,SIA22,"1.320082,104.548027",11450,388,83
1783959950,2026-07-13T16:25:50Z,SIA22,"1.322662,104.571083",11575,395,83
1783959964,2026-07-13T16:26:04Z,SIA22,"1.325389,104.595856",11725,403,83
1783959977,2026-07-13T16:26:17Z,SIA22,"1.328201,104.620895",12000,406,83
1783960008,2026-07-13T16:26:48Z,SIA22,"1.334746,104.679344",12825,408,83
1783960041,2026-07-13T16:27:21Z,SIA22,"1.338181,104.740021",13650,410,89
1783960072,2026-07-13T16:27:52Z,SIA22,"1.339417,104.799843",14250,419,88
1783960104,2026-07-13T16:28:24Z,SIA22,"1.341064,104.86348",14950,422,88
1783960135,2026-07-13T16:28:55Z,SIA22,"1.342575,104.923347",15675,425,88
1783960168,2026-07-13T16:29:28Z,SIA22,"1.344131,104.988655",16350,429,88
1783960201,2026-07-13T16:30:01Z,SIA22,"1.345688,105.053268",16900,434,88
1783960231,2026-07-13T16:30:31Z,SIA22,"1.347175,105.114822",17625,434,88
1783960264,2026-07-13T16:31:04Z,SIA22,"1.348758,105.180832",18250,437,88
1783960296,2026-07-13T16:31:36Z,SIA22,"1.350294,105.246368",18800,440,88
1783960327,2026-07-13T16:32:07Z,SIA22,"1.351776,105.309494",19200,446,88
1783960358,2026-07-13T16:32:38Z,SIA22,"1.353367,105.373848",19725,448,88
1783960391,2026-07-13T16:33:11Z,SIA22,"1.354935,105.441238",20300,449,88
1783960422,2026-07-13T16:33:42Z,SIA22,"1.356445,105.505569",20800,451,88
1783960453,2026-07-13T16:34:13Z,SIA22,"1.358022,105.570374",21275,453,88
1783960485,2026-07-13T16:34:45Z,SIA22,"1.359604,105.637871",21625,460,88
1783960516,2026-07-13T16:35:16Z,SIA22,"1.362534,105.704353",22050,464,82
1783960520,2026-07-13T16:35:20Z,SIA22,"1.363981,105.712814",22125,465,78
1783960522,2026-07-13T16:35:22Z,SIA22,"1.364914,105.717339",22150,466,77
1783960525,2026-07-13T16:35:25Z,SIA22,"1.365936,105.721527",22175,466,75
1783960527,2026-07-13T16:35:27Z,SIA22,"1.367569,105.727531",22200,466,74
1783960529,2026-07-13T16:35:29Z,SIA22,"1.368869,105.731804",22250,467,72
1783960531,2026-07-13T16:35:31Z,SIA22,"1.370265,105.735924",22275,467,70
1783960533,2026-07-13T16:35:33Z,SIA22,"1.371689,105.739822",22300,468,68
1783960536,2026-07-13T16:35:36Z,SIA22,"1.373617,105.744637",22325,468,67
1783960538,2026-07-13T16:35:38Z,SIA22,"1.375758,105.749565",22350,469,66
1783960540,2026-07-13T16:35:40Z,SIA22,"1.377527,105.753349",22375,470,64
1783960542,2026-07-13T16:35:42Z,SIA22,"1.379471,105.757233",22400,469,62
1783960545,2026-07-13T16:35:45Z,SIA22,"1.382217,105.762451",22450,470,61
1783960547,2026-07-13T16:35:47Z,SIA22,"1.384557,105.766563",22475,470,60
1783960549,2026-07-13T16:35:49Z,SIA22,"1.386791,105.770256",22500,472,58
1783960551,2026-07-13T16:35:51Z,SIA22,"1.38945,105.774414",22525,471,56
1783960553,2026-07-13T16:35:53Z,SIA22,"1.392005,105.778168",22550,472,55
1783960555,2026-07-13T16:35:55Z,SIA22,"1.394752,105.782005",22575,472,53
1783960557,2026-07-13T16:35:57Z,SIA22,"1.397265,105.785362",22600,472,52
1783960560,2026-07-13T16:36:00Z,SIA22,"1.400617,105.789627",22625,472,51
1783960562,2026-07-13T16:36:02Z,SIA22,"1.403229,105.792709",22650,473,49
1783960564,2026-07-13T16:36:04Z,SIA22,"1.406937,105.796898",22700,473,48
1783960566,2026-07-13T16:36:06Z,SIA22,"1.409788,105.799995",22725,473,46
1783960568,2026-07-13T16:36:08Z,SIA22,"1.413326,105.803642",22775,474,45
1783960570,2026-07-13T16:36:10Z,SIA22,"1.416504,105.806671",22800,473,43
1783960572,2026-07-13T16:36:12Z,SIA22,"1.419564,105.809563",22825,473,42
1783960575,2026-07-13T16:36:15Z,SIA22,"1.422867,105.812447",22875,474,40
1783960577,2026-07-13T16:36:17Z,SIA22,"1.427582,105.816399",22900,474,39
1783960579,2026-07-13T16:36:19Z,SIA22,"1.430038,105.818375",22925,474,37
1783960582,2026-07-13T16:36:22Z,SIA22,"1.43595,105.822823",22975,474,35
1783960585,2026-07-13T16:36:25Z,SIA22,"1.440559,105.826042",23025,474,34
1783960587,2026-07-13T16:36:27Z,SIA22,"1.445892,105.829529",23075,474,32
1783960589,2026-07-13T16:36:29Z,SIA22,"1.449637,105.831818",23100,474,30
1783960592,2026-07-13T16:36:32Z,SIA22,"1.45499,105.8349",23125,475,29
1783960594,2026-07-13T16:36:34Z,SIA22,"1.459832,105.837502",23175,475,27
1783960597,2026-07-13T16:36:37Z,SIA22,"1.462784,105.839027",23200,475,26
1783960599,2026-07-13T16:36:39Z,SIA22,"1.468506,105.841866",23225,476,26
1783960601,2026-07-13T16:36:41Z,SIA22,"1.471516,105.84333",23250,476,26
1783960603,2026-07-13T16:36:43Z,SIA22,"1.476125,105.845596",23275,476,26
1783960606,2026-07-13T16:36:46Z,SIA22,"1.481049,105.847961",23300,476,26
1783960608,2026-07-13T16:36:48Z,SIA22,"1.485809,105.850288",23325,477,26
1783960639,2026-07-13T16:37:19Z,SIA22,"1.548477,105.882927",23700,480,28
1783960670,2026-07-13T16:37:50Z,SIA22,"1.609222,105.91523",24200,481,27
1783960701,2026-07-13T16:38:21Z,SIA22,"1.671132,105.947464",24700,482,27
1783960732,2026-07-13T16:38:52Z,SIA22,"1.732442,105.979141",25100,484,27
1783960765,2026-07-13T16:39:25Z,SIA22,"1.798691,106.013458",25500,486,27
1783960796,2026-07-13T16:39:56Z,SIA22,"1.860992,106.045715",25975,484,27
1783960827,2026-07-13T16:40:27Z,SIA22,"1.922514,106.077545",26350,486,27
1783960861,2026-07-13T16:41:01Z,SIA22,"1.99118,106.113083",26750,487,27
1783960912,2026-07-13T16:41:52Z,SIA22,"2.093128,106.165817",27275,489,27
1783960944,2026-07-13T16:42:24Z,SIA22,"2.157091,106.198914",27475,492,27
1783960975,2026-07-13T16:42:55Z,SIA22,"2.220495,106.231735",27725,496,27
1783961008,2026-07-13T16:43:28Z,SIA22,"2.28753,106.266396",28000,498,27
1783961040,2026-07-13T16:44:00Z,SIA22,"2.354473,106.30101",28375,496,27
1783961073,2026-07-13T16:44:33Z,SIA22,"2.42081,106.335342",28825,492,27
1783961107,2026-07-13T16:45:07Z,SIA22,"2.489456,106.370934",29075,495,27
1783961137,2026-07-13T16:45:37Z,SIA22,"2.545944,106.400169",29200,498,27
1783961263,2026-07-13T16:47:43Z,SIA22,"2.807648,106.535683",30800,482,27
1783961288,2026-07-13T16:48:08Z,SIA22,"2.852069,106.558716",30950,483,27
1783961425,2026-07-13T16:50:25Z,SIA22,"3.129868,106.702477",31000,487,27
1783961460,2026-07-13T16:51:00Z,SIA22,"3.168274,106.722359",31000,320,27
1783961491,2026-07-13T16:51:31Z,SIA22,"3.263079,106.771484",31000,486,27
1783961523,2026-07-13T16:52:03Z,SIA22,"3.327759,106.804985",31000,487,27
1783961554,2026-07-13T16:52:34Z,SIA22,"3.389786,106.837105",31000,488,27
1783961563,2026-07-13T16:52:43Z,SIA22,"3.408463,106.846786",31000,488,27
1783961622,2026-07-13T16:53:42Z,SIA22,"3.526611,106.907959",31000,488,27
1783961657,2026-07-13T16:54:17Z,SIA22,"3.575363,106.936172",31000,485,32
1783961675,2026-07-13T16:54:35Z,SIA22,"3.609381,106.959717",31000,484,35
1783962787,2026-07-13T17:13:07Z,SIA22,"5.697556,108.378685",31000,495,3
1783963257,2026-07-13T17:20:57Z,SIA22,"6.720607,108.4487",31025,150,39
1783963317,2026-07-13T17:21:57Z,SIA22,"6.833679,108.567871",31000,488,49
1783963339,2026-07-13T17:22:19Z,SIA22,"6.858444,108.596642",31000,488,49
1783963407,2026-07-13T17:23:27Z,SIA22,"6.949458,108.702423",31000,20,49
1783963739,2026-07-13T17:28:59Z,SIA22,"7.45306,109.301987",31000,492,50
1783963771,2026-07-13T17:29:31Z,SIA22,"7.499566,109.357719",31000,492,50
1783963802,2026-07-13T17:30:02Z,SIA22,"7.545047,109.412277",31000,494,50
1783963837,2026-07-13T17:30:37Z,SIA22,"7.596634,109.474152",31000,494,50
1783963877,2026-07-13T17:31:17Z,SIA22,"7.655823,109.545235",31000,460,50
1783963996,2026-07-13T17:33:16Z,SIA22,"7.830872,109.755562",31000,493,50
1783964028,2026-07-13T17:33:48Z,SIA22,"7.878129,109.812424",31000,493,50
1783964059,2026-07-13T17:34:19Z,SIA22,"7.923477,109.867004",31000,494,50
1783964072,2026-07-13T17:34:32Z,SIA22,"7.942612,109.890045",31000,410,50
1783965077,2026-07-13T17:51:17Z,SIA22,"9.749295,111.328392",34425,492,35
1783965246,2026-07-13T17:54:06Z,SIA22,"10.056152,111.552055",35000,470,35
1783965311,2026-07-13T17:55:11Z,SIA22,"10.172607,111.636925",35000,479,35
1783965345,2026-07-13T17:55:45Z,SIA22,"10.235348,111.682701",35000,477,35
1783965380,2026-07-13T17:56:20Z,SIA22,"10.296471,111.727356",35000,475,35
1783965414,2026-07-13T17:56:54Z,SIA22,"10.358231,111.772575",35000,474,35
1783965450,2026-07-13T17:57:30Z,SIA22,"10.421463,111.818756",35000,474,36
1783965485,2026-07-13T17:58:05Z,SIA22,"10.48524,111.86544",35000,474,36
1783965520,2026-07-13T17:58:40Z,SIA22,"10.547201,111.910835",35000,476,35
1783965556,2026-07-13T17:59:16Z,SIA22,"10.611053,111.95755",35000,479,35
1783965590,2026-07-13T17:59:50Z,SIA22,"10.672394,112.002487",35000,480,36
1783965620,2026-07-13T18:00:20Z,SIA22,"10.727325,112.042786",35000,482,35
1783965656,2026-07-13T18:00:56Z,SIA22,"10.792419,112.090523",35000,486,36
1783965691,2026-07-13T18:01:31Z,SIA22,"10.857145,112.138077",35000,488,35
1783965726,2026-07-13T18:02:06Z,SIA22,"10.922738,112.186218",35000,489,36
1783965754,2026-07-13T18:02:34Z,SIA22,"10.974152,112.223969",35000,490,36
1783965812,2026-07-13T18:03:32Z,SIA22,"11.079437,112.300873",35000,488,35
1783965846,2026-07-13T18:04:06Z,SIA22,"11.142092,112.346718",35000,488,35
1783965881,2026-07-13T18:04:41Z,SIA22,"11.206101,112.393555",35000,488,35
1783965921,2026-07-13T18:05:21Z,SIA22,"11.280725,112.448296",35000,490,35
1783965953,2026-07-13T18:05:53Z,SIA22,"11.339951,112.491669",35000,492,35
1783965994,2026-07-13T18:06:34Z,SIA22,"11.397491,112.533859",35000,170,35
1783966025,2026-07-13T18:07:05Z,SIA22,"11.47316,112.589409",35000,492,35
1783966059,2026-07-13T18:07:39Z,SIA22,"11.537087,112.636459",35000,491,36
1783966089,2026-07-13T18:08:09Z,SIA22,"11.592531,112.677322",35000,492,35
1783966127,2026-07-13T18:08:47Z,SIA22,"11.662445,112.728912",35000,492,35
1783966161,2026-07-13T18:09:21Z,SIA22,"11.725433,112.775322",35025,494,36
1783966195,2026-07-13T18:09:55Z,SIA22,"11.788981,112.822266",35000,495,36
1783966229,2026-07-13T18:10:29Z,SIA22,"11.851129,112.868187",35000,495,36
1783966281,2026-07-13T18:11:21Z,SIA22,"11.948283,112.940033",35000,493,36
1783966381,2026-07-13T18:13:01Z,SIA22,"12.130188,113.0746",35000,485,36
1783966416,2026-07-13T18:13:36Z,SIA22,"12.194183,113.122055",35000,485,36
1783966940,2026-07-13T18:22:20Z,SIA22,"13.140427,113.849617",35000,485,50
1783968610,2026-07-13T18:50:10Z,SIA22,"15.69603,116.683212",35004,487,41
1783969974,2026-07-13T19:12:54Z,SIA22,"18.347773,118.399857",35000,516,32
1783970010,2026-07-13T19:13:30Z,SIA22,"18.420488,118.449097",35000,515,32
1783970044,2026-07-13T19:14:04Z,SIA22,"18.487663,118.494987",35000,514,33
1783970076,2026-07-13T19:14:36Z,SIA22,"18.550926,118.540131",35000,513,37
1783970107,2026-07-13T19:15:07Z,SIA22,"18.609192,118.589127",35000,513,37
1783970139,2026-07-13T19:15:39Z,SIA22,"18.669617,118.637878",35000,514,37
1783970171,2026-07-13T19:16:11Z,SIA22,"18.729408,118.685501",35000,516,38
1783970196,2026-07-13T19:16:36Z,SIA22,"18.773575,118.728172",35000,515,47
1783970198,2026-07-13T19:16:38Z,SIA22,"18.777683,118.732941",35000,515,48
1783970200,2026-07-13T19:16:40Z,SIA22,"18.780716,118.736603",35000,515,49
1783970202,2026-07-13T19:16:42Z,SIA22,"18.784201,118.740883",35000,516,49
1783970205,2026-07-13T19:16:45Z,SIA22,"18.7876,118.745178",35000,515,50
1783970207,2026-07-13T19:16:47Z,SIA22,"18.789688,118.747833",35000,515,51
1783970209,2026-07-13T19:16:49Z,SIA22,"18.794357,118.753922",35000,515,51
1783970243,2026-07-13T19:17:23Z,SIA22,"18.84462,118.821457",35000,517,52
1783970281,2026-07-13T19:18:01Z,SIA22,"18.895041,118.899284",35000,519,56
1783970312,2026-07-13T19:18:32Z,SIA22,"18.93652,118.965851",35000,522,56
1783970348,2026-07-13T19:19:08Z,SIA22,"18.984236,119.042107",35000,521,56
1783970379,2026-07-13T19:19:39Z,SIA22,"19.024643,119.108376",35000,516,57
1783970410,2026-07-13T19:20:10Z,SIA22,"19.06398,119.175568",35000,517,58
1783970441,2026-07-13T19:20:41Z,SIA22,"19.102478,119.241264",35000,517,58
1783970474,2026-07-13T19:21:14Z,SIA22,"19.14418,119.312164",35000,519,58
1783970505,2026-07-13T19:21:45Z,SIA22,"19.185013,119.381561",35025,520,58
1783970537,2026-07-13T19:22:17Z,SIA22,"19.224747,119.449051",35000,521,58
1783970568,2026-07-13T19:22:48Z,SIA22,"19.264481,119.516716",35000,523,58
1783970601,2026-07-13T19:23:21Z,SIA22,"19.306412,119.588242",35000,525,58
1783970631,2026-07-13T19:23:51Z,SIA22,"19.345276,119.654549",35000,523,58
1783970663,2026-07-13T19:24:23Z,SIA22,"19.385748,119.724258",35000,526,60
1783970679,2026-07-13T19:24:39Z,SIA22,"19.403019,119.762711",35000,527,68
1783970721,2026-07-13T19:25:21Z,SIA22,"19.432709,119.865059",35025,516,74
1783970752,2026-07-13T19:25:52Z,SIA22,"19.45047,119.940392",35000,520,79
1783970785,2026-07-13T19:26:25Z,SIA22,"19.466423,120.021538",35025,522,72
1783970792,2026-07-13T19:26:32Z,SIA22,"19.471823,120.03862",34975,521,70
1783970794,2026-07-13T19:26:34Z,SIA22,"19.473862,120.044373",35000,522,69
1783970796,2026-07-13T19:26:36Z,SIA22,"19.475555,120.049126",35000,521,68
1783970798,2026-07-13T19:26:38Z,SIA22,"19.477177,120.053497",35000,521,68
1783970800,2026-07-13T19:26:40Z,SIA22,"19.479319,120.059196",35000,521,68
1783970832,2026-07-13T19:27:12Z,SIA22,"19.507343,120.132401",35000,513,68
1783970862,2026-07-13T19:27:42Z,SIA22,"19.536072,120.202988",35025,513,62
1783970877,2026-07-13T19:27:57Z,SIA22,"19.553896,120.235725",35000,511,57
1783970879,2026-07-13T19:27:59Z,SIA22,"19.556129,120.239471",35000,511,56
1783970882,2026-07-13T19:28:02Z,SIA22,"19.56004,120.245613",35000,511,55
1783970884,2026-07-13T19:28:04Z,SIA22,"19.563158,120.250404",35000,512,55
1783970886,2026-07-13T19:28:06Z,SIA22,"19.566101,120.254829",35000,510,54
1783970918,2026-07-13T19:28:38Z,SIA22,"19.609451,120.31839",35000,512,54
1783970949,2026-07-13T19:29:09Z,SIA22,"19.65226,120.382889",35000,516,56
1783970982,2026-07-13T19:29:42Z,SIA22,"19.69532,120.452202",35000,506,56
1783971025,2026-07-13T19:30:25Z,SIA22,"19.750904,120.541046",35000,505,56
1783971056,2026-07-13T19:30:56Z,SIA22,"19.791637,120.605362",35000,506,56
1783971087,2026-07-13T19:31:27Z,SIA22,"19.832153,120.669365",35000,508,56
1783971120,2026-07-13T19:32:00Z,SIA22,"19.874733,120.737",35000,509,56
1783971167,2026-07-13T19:32:47Z,SIA22,"19.936787,120.835579",35000,506,56
1783971198,2026-07-13T19:33:18Z,SIA22,"19.976728,120.898949",35025,504,56
1783971231,2026-07-13T19:33:51Z,SIA22,"20.018692,120.965797",35000,502,56
1783971265,2026-07-13T19:34:25Z,SIA22,"20.062851,121.036224",35000,502,56
1783971295,2026-07-13T19:34:55Z,SIA22,"20.102463,121.099403",35000,499,56
1783971336,2026-07-13T19:35:36Z,SIA22,"20.154839,121.182945",35000,502,56
1783971369,2026-07-13T19:36:09Z,SIA22,"20.196671,121.249878",35000,502,56
1783971402,2026-07-13T19:36:42Z,SIA22,"20.239424,121.318275",35000,500,56
1783971433,2026-07-13T19:37:13Z,SIA22,"20.279318,121.382294",35000,498,56
1783971464,2026-07-13T19:37:44Z,SIA22,"20.318748,121.445618",35000,496,56
1783971506,2026-07-13T19:38:26Z,SIA22,"20.364229,121.51873",35000,495,56
1783971546,2026-07-13T19:39:06Z,SIA22,"20.422073,121.611786",35000,493,56
1783971582,2026-07-13T19:39:42Z,SIA22,"20.467392,121.684669",35000,494,56
1783971613,2026-07-13T19:40:13Z,SIA22,"20.50654,121.747795",35000,495,56
1783971664,2026-07-13T19:41:04Z,SIA22,"20.571201,121.852264",35000,496,56
1783971700,2026-07-13T19:41:40Z,SIA22,"20.616356,121.925468",35000,497,56
1783971730,2026-07-13T19:42:10Z,SIA22,"20.654995,121.988045",35000,494,56
1783971776,2026-07-13T19:42:56Z,SIA22,"20.712208,122.080826",35000,497,56
1783971807,2026-07-13T19:43:27Z,SIA22,"20.75201,122.1455",35000,493,56
1783971848,2026-07-13T19:44:08Z,SIA22,"20.802799,122.228096",35000,491,56
1783971879,2026-07-13T19:44:39Z,SIA22,"20.841436,122.291069",35000,495,56
1783971910,2026-07-13T19:45:10Z,SIA22,"20.880215,122.354187",35000,494,56
1783971946,2026-07-13T19:45:46Z,SIA22,"20.92458,122.426598",35000,493,56
1783971989,2026-07-13T19:46:29Z,SIA22,"20.985168,122.51046",35000,492,47
1783972020,2026-07-13T19:47:00Z,SIA22,"21.034882,122.563278",35000,492,42
1783972054,2026-07-13T19:47:34Z,SIA22,"21.095947,122.615814",35000,491,35
1783972100,2026-07-13T19:48:20Z,SIA22,"21.179169,122.674042",35000,489,33
1783972134,2026-07-13T19:48:54Z,SIA22,"21.247467,122.722031",35000,488,33
1783972165,2026-07-13T19:49:25Z,SIA22,"21.304413,122.761879",35000,489,33
1783972212,2026-07-13T19:50:12Z,SIA22,"21.362495,122.802376",35000,20,33
1783972242,2026-07-13T19:50:42Z,SIA22,"21.454102,122.866348",35000,489,33
1783972275,2026-07-13T19:51:15Z,SIA22,"21.515808,122.909599",35000,487,33
1783972307,2026-07-13T19:51:47Z,SIA22,"21.573074,122.954094",35000,483,41
1783972312,2026-07-13T19:51:52Z,SIA22,"21.580673,122.961632",35000,482,43
1783972315,2026-07-13T19:51:55Z,SIA22,"21.585342,122.966377",35000,482,44
1783972317,2026-07-13T19:51:57Z,SIA22,"21.590057,122.971321",35000,481,44
1783972319,2026-07-13T19:51:59Z,SIA22,"21.592743,122.974144",35025,481,44
1783972351,2026-07-13T19:52:31Z,SIA22,"21.644369,123.027138",35000,479,43
1783972392,2026-07-13T19:53:12Z,SIA22,"21.711033,123.09362",35000,476,42
1783972423,2026-07-13T19:53:43Z,SIA22,"21.761673,123.144554",35000,473,43
1783972456,2026-07-13T19:54:16Z,SIA22,"21.812563,123.196007",35000,810,43
1783972487,2026-07-13T19:54:47Z,SIA22,"21.862282,123.246208",35000,471,43
1783972520,2026-07-13T19:55:20Z,SIA22,"21.916422,123.300987",35000,471,43
1783972552,2026-07-13T19:55:52Z,SIA22,"21.965424,123.350548",35000,471,43
1783972583,2026-07-13T19:56:23Z,SIA22,"22.015411,123.401184",35000,471,43
1783972616,2026-07-13T19:56:56Z,SIA22,"22.067669,123.454231",35000,471,43
1783972647,2026-07-13T19:57:27Z,SIA22,"22.117014,123.50428",35000,470,43
1783972681,2026-07-13T19:58:01Z,SIA22,"22.170273,123.558388",35000,471,43
1783972712,2026-07-13T19:58:32Z,SIA22,"22.220169,123.609177",35000,472,43
1783972748,2026-07-13T19:59:08Z,SIA22,"22.277714,123.667809",35000,473,43
1783972797,2026-07-13T19:59:57Z,SIA22,"22.353195,123.744804",35000,476,43
1783972833,2026-07-13T20:00:33Z,SIA22,"22.413895,123.806778",35000,477,43
1783972866,2026-07-13T20:01:06Z,SIA22,"22.465319,123.859406",35000,478,43
1783972900,2026-07-13T20:01:40Z,SIA22,"22.520096,123.915497",35000,480,43
1783972935,2026-07-13T20:02:15Z,SIA22,"22.572739,123.969376",35025,481,43
1783972941,2026-07-13T20:02:21Z,SIA22,"22.580887,123.977768",35050,481,43
1783972985,2026-07-13T20:03:05Z,SIA22,"22.611237,124.008881",35600,200,43
1783973125,2026-07-13T20:05:25Z,SIA22,"22.88031,124.285782",36775,470,43
1783973157,2026-07-13T20:05:57Z,SIA22,"22.930847,124.337868",36975,470,43
1783973171,2026-07-13T20:06:11Z,SIA22,"22.943253,124.350601",37000,470,43
1783973230,2026-07-13T20:07:10Z,SIA22,"23.045918,124.45694",37000,472,43
1783973262,2026-07-13T20:07:42Z,SIA22,"23.097473,124.510353",37000,473,43
1783973294,2026-07-13T20:08:14Z,SIA22,"23.145676,124.560341",37000,474,43
1783973353,2026-07-13T20:09:13Z,SIA22,"23.240845,124.659218",37000,474,43
1783973386,2026-07-13T20:09:46Z,SIA22,"23.29303,124.713501",37000,475,43
1783973418,2026-07-13T20:10:18Z,SIA22,"23.345016,124.767708",37000,476,43
1783973449,2026-07-13T20:10:49Z,SIA22,"23.393051,124.817719",37000,477,43
1783973481,2026-07-13T20:11:21Z,SIA22,"23.445236,124.872154",37000,477,43
1783973513,2026-07-13T20:11:53Z,SIA22,"23.495333,124.924568",37000,478,43
1783973545,2026-07-13T20:12:25Z,SIA22,"23.545258,124.97686",37000,478,44
1783973577,2026-07-13T20:12:57Z,SIA22,"23.598074,125.032082",37000,479,43
1783973617,2026-07-13T20:13:37Z,SIA22,"23.66255,125.099762",37000,478,44
1783973648,2026-07-13T20:14:08Z,SIA22,"23.711517,125.151161",37000,478,44
1783973680,2026-07-13T20:14:40Z,SIA22,"23.763195,125.205536",37000,477,44
1783973712,2026-07-13T20:15:12Z,SIA22,"23.813004,125.257973",37000,476,44
1783973743,2026-07-13T20:15:43Z,SIA22,"23.862537,125.310165",37000,476,44
1783973775,2026-07-13T20:16:15Z,SIA22,"23.913116,125.363518",37000,478,44
1783973807,2026-07-13T20:16:47Z,SIA22,"23.963562,125.416817",37000,478,44
1783973837,2026-07-13T20:17:17Z,SIA22,"24.011993,125.467934",37000,477,44
1783973870,2026-07-13T20:17:50Z,SIA22,"24.062805,125.521805",37000,476,44
1783973901,2026-07-13T20:18:21Z,SIA22,"24.111219,125.573105",37000,475,44
1783973932,2026-07-13T20:18:52Z,SIA22,"24.162598,125.627594",37000,474,44
1783973963,2026-07-13T20:19:23Z,SIA22,"24.210562,125.678566",37000,474,44
1783973996,2026-07-13T20:19:56Z,SIA22,"24.262094,125.733345",37000,475,44
1783974026,2026-07-13T20:20:26Z,SIA22,"24.310822,125.785316",37000,474,44
1783974058,2026-07-13T20:20:58Z,SIA22,"24.358784,125.836418",37000,473,44
1783974090,2026-07-13T20:21:30Z,SIA22,"24.40962,125.890625",37000,473,44
1783974121,2026-07-13T20:22:01Z,SIA22,"24.459549,125.943962",37000,474,44
1783974152,2026-07-13T20:22:32Z,SIA22,"24.508118,125.995888",37000,473,44
1783974183,2026-07-13T20:23:03Z,SIA22,"24.555933,126.04718",37000,474,44
1783974214,2026-07-13T20:23:34Z,SIA22,"24.604906,126.099625",37000,475,44
1783974245,2026-07-13T20:24:05Z,SIA22,"24.654066,126.152382",37000,476,44
1783974276,2026-07-13T20:24:36Z,SIA22,"24.702852,126.204819",37000,477,44
1783974308,2026-07-13T20:25:08Z,SIA22,"24.753021,126.25885",37000,478,44
1783974340,2026-07-13T20:25:40Z,SIA22,"24.803009,126.31266",37000,478,44
1783974371,2026-07-13T20:26:11Z,SIA22,"24.852905,126.366425",37000,478,44
1783974403,2026-07-13T20:26:43Z,SIA22,"24.903854,126.42141",37000,477,44
1783974434,2026-07-13T20:27:14Z,SIA22,"24.951508,126.472931",37000,478,44
1783974467,2026-07-13T20:27:47Z,SIA22,"25.003967,126.529747",37000,478,44
1783974499,2026-07-13T20:28:19Z,SIA22,"25.054871,126.58493",37000,479,44
1783974531,2026-07-13T20:28:51Z,SIA22,"25.105295,126.63961",37000,479,44
1783974562,2026-07-13T20:29:22Z,SIA22,"25.154688,126.693298",37000,479,44
1783974593,2026-07-13T20:29:53Z,SIA22,"25.202957,126.745811",37000,480,44
1783974624,2026-07-13T20:30:24Z,SIA22,"25.252541,126.799797",37000,480,44
1783974655,2026-07-13T20:30:55Z,SIA22,"25.300909,126.852501",37000,480,44
1783974687,2026-07-13T20:31:27Z,SIA22,"25.352209,126.908516",37000,481,44
1783974718,2026-07-13T20:31:58Z,SIA22,"25.401031,126.961876",37000,481,44
1783974750,2026-07-13T20:32:30Z,SIA22,"25.452393,127.018074",37000,482,44
1783974781,2026-07-13T20:33:01Z,SIA22,"25.500618,127.07093",37000,482,44
1783974813,2026-07-13T20:33:33Z,SIA22,"25.552094,127.127327",37000,482,44
1783974845,2026-07-13T20:34:05Z,SIA22,"25.602846,127.183121",37000,481,44
1783974877,2026-07-13T20:34:37Z,SIA22,"25.652847,127.238159",37000,482,44
1783974908,2026-07-13T20:35:08Z,SIA22,"25.702148,127.292427",37000,482,44
1783974940,2026-07-13T20:35:40Z,SIA22,"25.753023,127.348488",37000,482,44
1783974971,2026-07-13T20:36:11Z,SIA22,"25.801764,127.402283",37000,480,44
1783975002,2026-07-13T20:36:42Z,SIA22,"25.851288,127.457008",37000,480,45
1783975033,2026-07-13T20:37:13Z,SIA22,"25.899948,127.510902",37000,480,45
1783975064,2026-07-13T20:37:44Z,SIA22,"25.948172,127.564369",37000,480,45
1783975096,2026-07-13T20:38:16Z,SIA22,"25.998459,127.62014",37000,481,45
1783975127,2026-07-13T20:38:47Z,SIA22,"26.046629,127.673653",37000,482,45
1783975160,2026-07-13T20:39:20Z,SIA22,"26.099121,127.732025",37000,482,45
1783975191,2026-07-13T20:39:51Z,SIA22,"26.147644,127.786026",37000,483,44
1783975222,2026-07-13T20:40:22Z,SIA22,"26.200882,127.838524",37000,485,39
1783975253,2026-07-13T20:40:53Z,SIA22,"26.252747,127.888062",37000,484,45
1783975285,2026-07-13T20:41:25Z,SIA22,"26.302231,127.946983",37000,483,47
1783975318,2026-07-13T20:41:58Z,SIA22,"26.352722,128.006165",37000,484,46
1783975348,2026-07-13T20:42:28Z,SIA22,"26.399309,128.06076",37000,485,46
1783975380,2026-07-13T20:43:00Z,SIA22,"26.447388,128.117371",37000,487,46
1783975410,2026-07-13T20:43:30Z,SIA22,"26.49559,128.174271",37000,488,46
1783975442,2026-07-13T20:44:02Z,SIA22,"26.543667,128.231094",37000,489,46
1783975472,2026-07-13T20:44:32Z,SIA22,"26.591171,128.287354",37000,490,46
1783975503,2026-07-13T20:45:03Z,SIA22,"26.63961,128.344772",37000,490,46
1783975535,2026-07-13T20:45:35Z,SIA22,"26.689682,128.404205",37000,489,46
1783975566,2026-07-13T20:46:06Z,SIA22,"26.736906,128.460342",37000,488,46
1783975599,2026-07-13T20:46:39Z,SIA22,"26.787926,128.521027",37000,488,46
1783975631,2026-07-13T20:47:11Z,SIA22,"26.837971,128.580597",37000,487,46
1783975662,2026-07-13T20:47:42Z,SIA22,"26.886337,128.638275",37000,486,46
1783975693,2026-07-13T20:48:13Z,SIA22,"26.933762,128.695099",37000,488,46
1783975724,2026-07-13T20:48:44Z,SIA22,"26.980978,128.75148",37000,488,46
1783975756,2026-07-13T20:49:16Z,SIA22,"27.030464,128.810837",37000,488,47
1783975787,2026-07-13T20:49:47Z,SIA22,"27.078598,128.868591",37000,488,46
1783975820,2026-07-13T20:50:20Z,SIA22,"27.12855,128.928528",37000,487,46
1783975850,2026-07-13T20:50:50Z,SIA22,"27.175369,128.984879",37000,486,47
1783975883,2026-07-13T20:51:23Z,SIA22,"27.225611,129.045364",37000,484,47
1783975913,2026-07-13T20:51:53Z,SIA22,"27.272257,129.101608",37000,484,47
1783975945,2026-07-13T20:52:25Z,SIA22,"27.320251,129.159622",37000,482,47
1783975976,2026-07-13T20:52:56Z,SIA22,"27.366898,129.216064",37000,481,47
1783976008,2026-07-13T20:53:28Z,SIA22,"27.41708,129.27681",37000,481,47
1783976039,2026-07-13T20:53:59Z,SIA22,"27.463852,129.333588",37000,481,47
1783976070,2026-07-13T20:54:30Z,SIA22,"27.510223,129.389923",37000,481,47
1783976103,2026-07-13T20:55:03Z,SIA22,"27.558926,129.449112",37000,481,47
1783976135,2026-07-13T20:55:35Z,SIA22,"27.607727,129.508545",37000,478,47
1783976165,2026-07-13T20:56:05Z,SIA22,"27.653549,129.564407",37000,477,47
1783976197,2026-07-13T20:56:37Z,SIA22,"27.701752,129.623276",37000,476,47
1783976228,2026-07-13T20:57:08Z,SIA22,"27.747183,129.678818",37000,474,47
1783976261,2026-07-13T20:57:41Z,SIA22,"27.795914,129.73848",37000,473,47
1783976291,2026-07-13T20:58:11Z,SIA22,"27.841032,129.793808",37000,474,47
1783976324,2026-07-13T20:58:44Z,SIA22,"27.889072,129.852798",37000,475,47
1783976354,2026-07-13T20:59:14Z,SIA22,"27.933884,129.907883",37000,475,47
1783976386,2026-07-13T20:59:46Z,SIA22,"27.982178,129.967361",37000,474,47
1783976418,2026-07-13T21:00:18Z,SIA22,"28.029148,130.025192",37000,473,47
1783976449,2026-07-13T21:00:49Z,SIA22,"28.075378,130.082291",37000,473,47
1783976481,2026-07-13T21:01:21Z,SIA22,"28.123352,130.141617",37000,473,47
1783976514,2026-07-13T21:01:54Z,SIA22,"28.171555,130.201294",37000,474,47
1783976547,2026-07-13T21:02:27Z,SIA22,"28.219408,130.260635",37000,474,47
1783976578,2026-07-13T21:02:58Z,SIA22,"28.265728,130.318161",37000,474,47
1783976609,2026-07-13T21:03:29Z,SIA22,"28.312042,130.375763",37000,474,47
1783976641,2026-07-13T21:04:01Z,SIA22,"28.358133,130.433136",37000,474,47
1783976671,2026-07-13T21:04:31Z,SIA22,"28.403383,130.489578",37000,475,47
1783976703,2026-07-13T21:05:03Z,SIA22,"28.450882,130.548843",37000,473,47
1783976736,2026-07-13T21:05:36Z,SIA22,"28.498814,130.608749",37000,472,47
1783976768,2026-07-13T21:06:08Z,SIA22,"28.546577,130.668579",37000,471,47
1783976799,2026-07-13T21:06:39Z,SIA22,"28.591782,130.725266",37000,471,47
1783976830,2026-07-13T21:07:10Z,SIA22,"28.637819,130.78302",37000,471,47
1783976862,2026-07-13T21:07:42Z,SIA22,"28.683105,130.840042",37000,472,47
1783976892,2026-07-13T21:08:12Z,SIA22,"28.728333,130.896973",37000,472,47
1783976924,2026-07-13T21:08:44Z,SIA22,"28.773752,130.954224",37000,472,47
1783976954,2026-07-13T21:09:14Z,SIA22,"28.818466,131.010696",37000,472,48
1783976986,2026-07-13T21:09:46Z,SIA22,"28.864109,131.068451",37000,473,48
1783977016,2026-07-13T21:10:16Z,SIA22,"28.91011,131.126678",37000,474,48
1783977048,2026-07-13T21:10:48Z,SIA22,"28.956051,131.184998",37000,475,48
1783977079,2026-07-13T21:11:19Z,SIA22,"29.001299,131.242401",37000,474,48
1783977112,2026-07-13T21:11:52Z,SIA22,"29.0495,131.303787",37000,473,48
1783977143,2026-07-13T21:12:23Z,SIA22,"29.094589,131.36116",37000,472,48
1783977174,2026-07-13T21:12:54Z,SIA22,"29.139862,131.418884",37000,473,48
1783977206,2026-07-13T21:13:26Z,SIA22,"29.187286,131.479523",37000,474,48
1783977239,2026-07-13T21:13:59Z,SIA22,"29.235214,131.540833",37000,475,48
1783977269,2026-07-13T21:14:29Z,SIA22,"29.280054,131.598282",37000,476,48
1783977300,2026-07-13T21:15:00Z,SIA22,"29.325302,131.656387",37000,478,48
1783977331,2026-07-13T21:15:31Z,SIA22,"29.371674,131.715927",37000,477,48
1783977363,2026-07-13T21:16:03Z,SIA22,"29.416918,131.77417",37000,473,48
1783977396,2026-07-13T21:16:36Z,SIA22,"29.464966,131.836044",37000,472,48
1783977428,2026-07-13T21:17:08Z,SIA22,"29.511604,131.896194",37000,471,48
1783977459,2026-07-13T21:17:39Z,SIA22,"29.555923,131.953568",37000,469,48
1783977492,2026-07-13T21:18:12Z,SIA22,"29.604477,132.016357",37000,469,48
1783977524,2026-07-13T21:18:44Z,SIA22,"29.651169,132.076935",37000,470,48
1783977556,2026-07-13T21:19:16Z,SIA22,"29.694946,132.135742",37000,469,50
1783977587,2026-07-13T21:19:47Z,SIA22,"29.737518,132.19696",37000,468,51
1783977619,2026-07-13T21:20:19Z,SIA22,"29.781876,132.259964",37000,468,50
1783977650,2026-07-13T21:20:50Z,SIA22,"29.82399,132.31929",37000,469,50
1783977682,2026-07-13T21:21:22Z,SIA22,"29.867432,132.380402",37000,469,50
1783977715,2026-07-13T21:21:55Z,SIA22,"29.912466,132.443924",37000,471,50
1783977747,2026-07-13T21:22:27Z,SIA22,"29.957575,132.507645",37000,471,50
1783977779,2026-07-13T21:22:59Z,SIA22,"30.000637,132.568619",37000,471,50
1783977810,2026-07-13T21:23:30Z,SIA22,"30.044403,132.630554",37000,469,51
1783977841,2026-07-13T21:24:01Z,SIA22,"30.085419,132.688828",37000,468,51
1783977873,2026-07-13T21:24:33Z,SIA22,"30.13028,132.752594",37000,467,51
1783977906,2026-07-13T21:25:06Z,SIA22,"30.174648,132.81575",37000,467,51
1783977939,2026-07-13T21:25:39Z,SIA22,"30.218903,132.878891",37000,467,51
1783977969,2026-07-13T21:26:09Z,SIA22,"30.260258,132.937973",37000,468,51
1783978002,2026-07-13T21:26:42Z,SIA22,"30.30368,133",37000,467,51
1783978034,2026-07-13T21:27:14Z,SIA22,"30.348707,133.064545",37000,467,51
1783978084,2026-07-13T21:28:04Z,SIA22,"30.416107,133.161301",37000,465,51
1783978117,2026-07-13T21:28:37Z,SIA22,"30.46051,133.225174",37000,466,51
1783978149,2026-07-13T21:29:09Z,SIA22,"30.504519,133.288666",37000,467,51
1783978181,2026-07-13T21:29:41Z,SIA22,"30.548309,133.351837",37000,468,51
1783978214,2026-07-13T21:30:14Z,SIA22,"30.592346,133.415497",37000,469,51
1783978246,2026-07-13T21:30:46Z,SIA22,"30.635098,133.477402",37000,468,51
1783978278,2026-07-13T21:31:18Z,SIA22,"30.678762,133.540741",37000,466,51
1783978312,2026-07-13T21:31:52Z,SIA22,"30.714281,133.59227",37000,466,51
1783978345,2026-07-13T21:32:25Z,SIA22,"30.77005,133.673401",37000,465,51
1783978378,2026-07-13T21:32:58Z,SIA22,"30.812973,133.735962",37000,466,51
1783978410,2026-07-13T21:33:30Z,SIA22,"30.856705,133.799805",37000,466,51
1783978452,2026-07-13T21:34:12Z,SIA22,"30.912827,133.881805",37000,468,51
1783978497,2026-07-13T21:34:57Z,SIA22,"30.973389,133.97052",37000,440,51
1783978530,2026-07-13T21:35:30Z,SIA22,"31.016592,134.03392",37000,469,51
1783978561,2026-07-13T21:36:01Z,SIA22,"31.060181,134.097992",37000,469,51
1783978592,2026-07-13T21:36:32Z,SIA22,"31.100666,134.157516",37000,468,51
1783978623,2026-07-13T21:37:03Z,SIA22,"31.143951,134.221375",37000,470,51
1783978673,2026-07-13T21:37:53Z,SIA22,"31.210901,134.320282",37000,472,51
1783978704,2026-07-13T21:38:24Z,SIA22,"31.25317,134.382904",37000,472,51
1783978740,2026-07-13T21:39:00Z,SIA22,"31.299683,134.45192",37000,500,51
1783978771,2026-07-13T21:39:31Z,SIA22,"31.342644,134.515717",37000,471,51
1783978802,2026-07-13T21:40:02Z,SIA22,"31.383703,134.576813",37000,470,51
1783978835,2026-07-13T21:40:35Z,SIA22,"31.427603,134.642227",37000,469,51
1783978866,2026-07-13T21:41:06Z,SIA22,"31.470245,134.705948",37000,468,51
1783978896,2026-07-13T21:41:36Z,SIA22,"31.510977,134.766922",37000,468,51
1783978927,2026-07-13T21:42:07Z,SIA22,"31.551151,134.827026",37000,468,52
1783978959,2026-07-13T21:42:39Z,SIA22,"31.593887,134.891159",37000,470,52
1783978989,2026-07-13T21:43:09Z,SIA22,"31.634537,134.952286",37000,472,52
1783979022,2026-07-13T21:43:42Z,SIA22,"31.67894,135.019058",37000,472,52
1783979053,2026-07-13T21:44:13Z,SIA22,"31.72023,135.080627",37000,472,50
1783979084,2026-07-13T21:44:44Z,SIA22,"31.767288,135.1418",37000,472,47
1783979115,2026-07-13T21:45:15Z,SIA22,"31.810822,135.198303",37000,470,48
1783979147,2026-07-13T21:45:47Z,SIA22,"31.857883,135.259979",37000,470,48
1783979181,2026-07-13T21:46:21Z,SIA22,"31.903738,135.328812",37000,474,57
1783979213,2026-07-13T21:46:53Z,SIA22,"31.941166,135.396912",37000,474,56
1783979243,2026-07-13T21:47:23Z,SIA22,"31.979004,135.463516",37000,475,56
1783979275,2026-07-13T21:47:55Z,SIA22,"32.01709,135.530807",37000,476,56
1783979307,2026-07-13T21:48:27Z,SIA22,"32.056732,135.601166",37000,476,56
1783979339,2026-07-13T21:48:59Z,SIA22,"32.095951,135.671005",37000,475,56
1783979370,2026-07-13T21:49:30Z,SIA22,"32.132813,135.736694",37000,475,56
1783979401,2026-07-13T21:50:01Z,SIA22,"32.170303,135.803589",37000,475,56
1783979432,2026-07-13T21:50:32Z,SIA22,"32.208328,135.871674",37000,473,56
1783979463,2026-07-13T21:51:03Z,SIA22,"32.245605,135.9384",37000,472,56
1783979495,2026-07-13T21:51:35Z,SIA22,"32.284164,136.007599",37000,472,56
1783979526,2026-07-13T21:52:06Z,SIA22,"32.320381,136.0728",37000,473,56
1783979558,2026-07-13T21:52:38Z,SIA22,"32.358925,136.142181",37000,474,56
1783979590,2026-07-13T21:53:10Z,SIA22,"32.397629,136.212006",37000,474,56
1783979621,2026-07-13T21:53:41Z,SIA22,"32.435364,136.280182",37000,474,56
1783979654,2026-07-13T21:54:14Z,SIA22,"32.473911,136.350037",37000,472,56
1783979684,2026-07-13T21:54:44Z,SIA22,"32.50985,136.415161",37000,472,56
1783979717,2026-07-13T21:55:17Z,SIA22,"32.549332,136.487",37000,472,56
1783979749,2026-07-13T21:55:49Z,SIA22,"32.586941,136.555405",37000,472,56
1783979781,2026-07-13T21:56:21Z,SIA22,"32.625671,136.625977",37000,473,57
1783979812,2026-07-13T21:56:52Z,SIA22,"32.662125,136.692719",37000,475,57
1783979843,2026-07-13T21:57:23Z,SIA22,"32.700153,136.762299",37000,476,57
1783979876,2026-07-13T21:57:56Z,SIA22,"32.738979,136.833435",37000,475,57
1783979908,2026-07-13T21:58:28Z,SIA22,"32.776978,136.903275",37000,473,57
1783979940,2026-07-13T21:59:00Z,SIA22,"32.815155,136.973526",37000,474,57
1783979972,2026-07-13T21:59:32Z,SIA22,"32.85347,137.044281",37000,476,57
1783980004,2026-07-13T22:00:04Z,SIA22,"32.890831,137.113235",37000,477,57
1783980035,2026-07-13T22:00:35Z,SIA22,"32.928631,137.183304",37000,478,57
1783980068,2026-07-13T22:01:08Z,SIA22,"32.967636,137.2556",37000,479,57
1783980100,2026-07-13T22:01:40Z,SIA22,"33.005398,137.325912",37000,479,57
1783980131,2026-07-13T22:02:11Z,SIA22,"33.042919,137.395691",37000,480,57
1783980163,2026-07-13T22:02:43Z,SIA22,"33.081276,137.467209",37000,482,57
1783980195,2026-07-13T22:03:15Z,SIA22,"33.120117,137.539825",37000,483,57
1783980227,2026-07-13T22:03:47Z,SIA22,"33.158569,137.611832",37000,484,57
1783980259,2026-07-13T22:04:19Z,SIA22,"33.197193,137.684418",37000,485,57
1783980292,2026-07-13T22:04:52Z,SIA22,"33.235832,137.757004",37000,484,57
1783980322,2026-07-13T22:05:22Z,SIA22,"33.271912,137.825027",37000,484,57
1783980354,2026-07-13T22:05:54Z,SIA22,"33.309803,137.896576",37000,481,57
1783980386,2026-07-13T22:06:26Z,SIA22,"33.347744,137.968323",37000,480,57
1783980419,2026-07-13T22:06:59Z,SIA22,"33.386261,138.041351",37000,479,57
1783980450,2026-07-13T22:07:30Z,SIA22,"33.423855,138.112717",37000,479,57
1783980482,2026-07-13T22:08:02Z,SIA22,"33.460876,138.183121",37000,479,57
1783980513,2026-07-13T22:08:33Z,SIA22,"33.498047,138.253937",37000,481,57
1783980545,2026-07-13T22:09:05Z,SIA22,"33.535954,138.326279",37000,483,58
1783980577,2026-07-13T22:09:37Z,SIA22,"33.573986,138.399185",37000,485,58
1783980610,2026-07-13T22:10:10Z,SIA22,"33.612114,138.472366",37000,484,58
1783980642,2026-07-13T22:10:42Z,SIA22,"33.650482,138.546005",37000,482,58
1783980673,2026-07-13T22:11:13Z,SIA22,"33.687805,138.617935",37000,482,58
1783980705,2026-07-13T22:11:45Z,SIA22,"33.724628,138.688995",37000,480,58
1783980737,2026-07-13T22:12:17Z,SIA22,"33.762817,138.762817",37000,475,58
1783980769,2026-07-13T22:12:49Z,SIA22,"33.799206,138.833252",37000,473,58
1783980802,2026-07-13T22:13:22Z,SIA22,"33.836773,138.906158",37000,473,58
1783980833,2026-07-13T22:13:53Z,SIA22,"33.872406,138.97554",37000,470,58
1783980865,2026-07-13T22:14:25Z,SIA22,"33.909393,139.047623",37000,470,58
1783980898,2026-07-13T22:14:58Z,SIA22,"33.946701,139.120438",37000,470,58
1783980930,2026-07-13T22:15:30Z,SIA22,"33.983738,139.192886",37000,471,58
1783980962,2026-07-13T22:16:02Z,SIA22,"34.019897,139.263763",37000,472,58
1783980994,2026-07-13T22:16:34Z,SIA22,"34.056221,139.335144",37000,472,58
1783981026,2026-07-13T22:17:06Z,SIA22,"34.092999,139.407471",37000,472,58
1783981058,2026-07-13T22:17:38Z,SIA22,"34.129211,139.478943",37000,473,58
1783981090,2026-07-13T22:18:10Z,SIA22,"34.16597,139.551529",37000,476,58
1783981122,2026-07-13T22:18:42Z,SIA22,"34.20314,139.625244",37000,474,58
1783981153,2026-07-13T22:19:13Z,SIA22,"34.237961,139.694305",37000,473,58
1783981185,2026-07-13T22:19:45Z,SIA22,"34.27441,139.766815",37000,472,58
1783981216,2026-07-13T22:20:16Z,SIA22,"34.30928,139.836273",37000,470,58
1783981249,2026-07-13T22:20:49Z,SIA22,"34.345917,139.909393",37000,471,58
1783981280,2026-07-13T22:21:20Z,SIA22,"34.381435,139.980408",37000,472,58
1783981311,2026-07-13T22:21:51Z,SIA22,"34.416367,140.050461",37000,472,58
1783981344,2026-07-13T22:22:24Z,SIA22,"34.453171,140.124435",37000,471,58
1783981376,2026-07-13T22:22:56Z,SIA22,"34.489902,140.198303",37000,469,59
1783981407,2026-07-13T22:23:27Z,SIA22,"34.524033,140.267212",37000,467,58
1783981440,2026-07-13T22:24:00Z,SIA22,"34.560242,140.340271",37000,467,59
1783981472,2026-07-13T22:24:32Z,SIA22,"34.595669,140.41214",37000,466,59
1783981504,2026-07-13T22:25:04Z,SIA22,"34.631187,140.484177",37000,464,59
1783981535,2026-07-13T22:25:35Z,SIA22,"34.665115,140.553146",37000,464,59
1783981568,2026-07-13T22:26:08Z,SIA22,"34.701107,140.626495",37000,462,59
1783981599,2026-07-13T22:26:39Z,SIA22,"34.734814,140.695328",37000,462,59
1783981630,2026-07-13T22:27:10Z,SIA22,"34.768524,140.764236",37000,462,59
1783981661,2026-07-13T22:27:41Z,SIA22,"34.802216,140.833344",37000,464,59
1783981692,2026-07-13T22:28:12Z,SIA22,"34.836868,140.90448",37000,463,59
1783981723,2026-07-13T22:28:43Z,SIA22,"34.870094,140.972839",37000,462,59
1783981755,2026-07-13T22:29:15Z,SIA22,"34.907101,141.043518",37000,456,50
1783981757,2026-07-13T22:29:17Z,SIA22,"34.909927,141.047577",37000,455,49
1783981759,2026-07-13T22:29:19Z,SIA22,"34.912857,141.051559",37000,454,47
1783981761,2026-07-13T22:29:21Z,SIA22,"34.915947,141.055588",37000,454,46
1783981763,2026-07-13T22:29:23Z,SIA22,"34.91888,141.059189",37000,453,45
1783981766,2026-07-13T22:29:26Z,SIA22,"34.922012,141.062943",37000,453,44
1783981768,2026-07-13T22:29:28Z,SIA22,"34.925491,141.067032",37000,452,43
1783981770,2026-07-13T22:29:30Z,SIA22,"34.929123,141.071198",37000,452,43
1783981772,2026-07-13T22:29:32Z,SIA22,"34.931961,141.074402",37000,452,43
1783981774,2026-07-13T22:29:34Z,SIA22,"34.935608,141.078583",37000,452,43
1783981776,2026-07-13T22:29:36Z,SIA22,"34.938805,141.082245",37000,452,43
1783981779,2026-07-13T22:29:39Z,SIA22,"34.941696,141.085587",37000,452,43
1783981781,2026-07-13T22:29:41Z,SIA22,"34.945602,141.090027",37000,452,43
1783981813,2026-07-13T22:30:13Z,SIA22,"34.993225,141.147705",37000,452,45
1783981845,2026-07-13T22:30:45Z,SIA22,"35.039703,141.205536",37000,451,45
1783981876,2026-07-13T22:31:16Z,SIA22,"35.086094,141.262665",37000,453,45
1783981909,2026-07-13T22:31:49Z,SIA22,"35.133255,141.320633",37000,453,45
1783981939,2026-07-13T22:32:19Z,SIA22,"35.179001,141.376999",37000,453,45
1783981972,2026-07-13T22:32:52Z,SIA22,"35.226822,141.435989",37000,452,45
1783982003,2026-07-13T22:33:23Z,SIA22,"35.273003,141.493042",37000,451,45
1783982035,2026-07-13T22:33:55Z,SIA22,"35.320114,141.551468",37000,451,45
1783982068,2026-07-13T22:34:28Z,SIA22,"35.367645,141.610443",37000,452,45
1783982100,2026-07-13T22:35:00Z,SIA22,"35.415966,141.670517",37000,453,45
1783982131,2026-07-13T22:35:31Z,SIA22,"35.460388,141.725754",37000,453,45
1783982163,2026-07-13T22:36:03Z,SIA22,"35.507858,141.784988",37000,452,45
1783982194,2026-07-13T22:36:34Z,SIA22,"35.553482,141.842026",37000,450,45
1783982227,2026-07-13T22:37:07Z,SIA22,"35.600124,141.900406",37000,450,45
1783982257,2026-07-13T22:37:37Z,SIA22,"35.645374,141.957092",37000,450,45
1783982288,2026-07-13T22:38:08Z,SIA22,"35.690624,142.014008",37000,449,45
1783982321,2026-07-13T22:38:41Z,SIA22,"35.736897,142.072159",37000,449,45
1783982353,2026-07-13T22:39:13Z,SIA22,"35.78476,142.132584",37000,449,45
1783982385,2026-07-13T22:39:45Z,SIA22,"35.830719,142.190552",37000,448,45
1783982416,2026-07-13T22:40:16Z,SIA22,"35.875248,142.246887",37000,448,45
1783982449,2026-07-13T22:40:49Z,SIA22,"35.922913,142.307281",37000,449,45
1783982479,2026-07-13T22:41:19Z,SIA22,"35.966537,142.362656",37000,451,45
1783982510,2026-07-13T22:41:50Z,SIA22,"36.011261,142.419495",37000,451,45
1783982542,2026-07-13T22:42:22Z,SIA22,"36.057724,142.478714",37000,451,45
1783982575,2026-07-13T22:42:55Z,SIA22,"36.10601,142.540359",37000,451,46
1783982606,2026-07-13T22:43:26Z,SIA22,"36.150791,142.597626",37000,449,46
1783982637,2026-07-13T22:43:57Z,SIA22,"36.195602,142.65506",37000,448,46
1783982668,2026-07-13T22:44:28Z,SIA22,"36.23996,142.711945",37000,448,46
1783982700,2026-07-13T22:45:00Z,SIA22,"36.286213,142.771362",37000,448,46
1783982731,2026-07-13T22:45:31Z,SIA22,"36.330902,142.828934",37000,449,46
1783982764,2026-07-13T22:46:04Z,SIA22,"36.378296,142.890137",37000,450,46
1783982797,2026-07-13T22:46:37Z,SIA22,"36.425125,142.950653",37000,449,46
1783982828,2026-07-13T22:47:08Z,SIA22,"36.469395,143.008041",37000,449,46
1783982860,2026-07-13T22:47:40Z,SIA22,"36.517159,143.070038",37000,448,46
1783982891,2026-07-13T22:48:11Z,SIA22,"36.56076,143.126678",37000,447,46
1783982923,2026-07-13T22:48:43Z,SIA22,"36.606304,143.185989",37000,448,46
1783982956,2026-07-13T22:49:16Z,SIA22,"36.653091,143.24707",37000,449,46
1783982989,2026-07-13T22:49:49Z,SIA22,"36.700386,143.308884",37000,449,46
1783983021,2026-07-13T22:50:21Z,SIA22,"36.747311,143.370407",37000,449,46
1783983052,2026-07-13T22:50:52Z,SIA22,"36.790512,143.427032",37000,450,46
1783983083,2026-07-13T22:51:23Z,SIA22,"36.835995,143.486771",37000,449,46
1783983116,2026-07-13T22:51:56Z,SIA22,"36.882034,143.547485",37000,449,46
1783983148,2026-07-13T22:52:28Z,SIA22,"36.929031,143.609482",37000,450,46
1783983179,2026-07-13T22:52:59Z,SIA22,"36.973068,143.667633",37000,452,46
1783983211,2026-07-13T22:53:31Z,SIA22,"37.019394,143.728989",37000,454,46
1783983243,2026-07-13T22:54:03Z,SIA22,"37.064758,143.789185",37000,454,46
1783983275,2026-07-13T22:54:35Z,SIA22,"37.110233,143.849731",37000,452,46
1783983307,2026-07-13T22:55:07Z,SIA22,"37.15567,143.910217",37000,450,46
1783983338,2026-07-13T22:55:38Z,SIA22,"37.200172,143.969559",37000,449,46
1783983369,2026-07-13T22:56:09Z,SIA22,"37.244293,144.028488",37000,449,46
1783983402,2026-07-13T22:56:42Z,SIA22,"37.291626,144.09201",37000,448,46
1783983433,2026-07-13T22:57:13Z,SIA22,"37.335205,144.150436",37000,449,46
1783983464,2026-07-13T22:57:44Z,SIA22,"37.379585,144.210068",37000,451,46
1783983498,2026-07-13T22:58:18Z,SIA22,"37.426804,144.273682",37000,452,47
1783983529,2026-07-13T22:58:49Z,SIA22,"37.471619,144.334137",37000,452,47
1783983561,2026-07-13T22:59:21Z,SIA22,"37.518173,144.397049",37000,451,47
1783983593,2026-07-13T22:59:53Z,SIA22,"37.562767,144.45755",37000,451,47
1783983626,2026-07-13T23:00:26Z,SIA22,"37.609692,144.521271",37000,452,47
1783983656,2026-07-13T23:00:56Z,SIA22,"37.652481,144.579437",37000,452,47
1783983691,2026-07-13T23:01:31Z,SIA22,"37.686127,144.625198",37000,452,47
1783983722,2026-07-13T23:02:02Z,SIA22,"37.74567,144.706543",37000,450,47
1783983755,2026-07-13T23:02:35Z,SIA22,"37.790688,144.768158",37000,448,47
1783983766,2026-07-13T23:02:46Z,SIA22,"37.805054,144.787827",37000,447,47
1783983812,2026-07-13T23:03:32Z,SIA22,"37.868477,144.874863",37000,446,47
1783983852,2026-07-13T23:04:12Z,SIA22,"37.927925,144.956604",37000,448,47
1783984058,2026-07-13T23:07:38Z,SIA22,"38.21846,145.359467",37000,452,47
1783985048,2026-07-13T23:24:08Z,SIA22,"39.705322,147.176727",37000,445,43
1783985987,2026-07-13T23:39:47Z,SIA22,"41.09024,148.949722",37000,449,44
1783986077,2026-07-13T23:41:17Z,SIA22,"41.22242,149.124985",37316,449,44
1783986086,2026-07-13T23:41:26Z,SIA22,"41.235638,149.14267",37384,449,45
1783987752,2026-07-14T00:09:12Z,SIA22,"43.731079,152.668762",38004,464,46
1783988499,2026-07-14T00:21:39Z,SIA22,"44.867821,154.433105",38000,485,48
1783988959,2026-07-14T00:29:19Z,SIA22,"45.538887,155.55629",38000,489,50
1783989432,2026-07-14T00:37:12Z,SIA22,"46.229439,156.760834",38004,493,50
1783989535,2026-07-14T00:38:55Z,SIA22,"46.377926,157.027069",38312,494,50
1783989727,2026-07-14T00:42:07Z,SIA22,"46.652069,157.524719",39000,494,51
1783989861,2026-07-14T00:44:21Z,SIA22,"46.839844,157.871124",39000,493,51
1783990584,2026-07-14T00:56:24Z,SIA22,"47.849064,159.811417",39004,494,52
1783990763,2026-07-14T00:59:23Z,SIA22,"48.092239,160.300003",39000,502,53
1783990899,2026-07-14T01:01:39Z,SIA22,"48.279591,160.682953",39004,495,53
1783991081,2026-07-14T01:04:41Z,SIA22,"48.519402,161.205826",39000,498,55
1783991145,2026-07-14T01:05:45Z,SIA22,"48.602657,161.389496",39000,498,55
1783991737,2026-07-14T01:15:37Z,SIA22,"49.360886,163.125168",39000,499,55
1783991849,2026-07-14T01:17:29Z,SIA22,"49.499245,163.454758",39000,495,57
1783992404,2026-07-14T01:26:44Z,SIA22,"50.176277,165.127945",39000,498,58
1783992570,2026-07-14T01:29:30Z,SIA22,"50.373093,165.64267",39000,508,59
1783993576,2026-07-14T01:46:16Z,SIA22,"51.522617,168.876343",39004,502,61
1783994373,2026-07-14T01:59:33Z,SIA22,"52.47438,171.41301",39000,498,49
1783995194,2026-07-14T02:13:14Z,SIA22,"53.652763,173.85881",39000,494,57
1783995241,2026-07-14T02:14:01Z,SIA22,"53.710613,174.011932",38996,494,57
1783995275,2026-07-14T02:14:35Z,SIA22,"53.75061,174.118546",39000,496,57
1783996178,2026-07-14T02:29:38Z,SIA22,"54.832581,177.193069",39000,515,60
1783996347,2026-07-14T02:32:27Z,SIA22,"55.033264,177.808563",38996,508,59
1783996923,2026-07-14T02:42:03Z,SIA22,"55.695534,179.952789",39004,518,62
1783997498,2026-07-14T02:51:38Z,SIA22,"56.319866,-177.835175",39004,519,62
1783998713,2026-07-14T03:11:53Z,SIA22,"57.508167,-172.913467",39000,500,67
1783998738,2026-07-14T03:12:18Z,SIA22,"57.534191,-172.795013",39000,527,67
1783998797,2026-07-14T03:13:17Z,SIA22,"57.577194,-172.597534",39000,527,67
1783998875,2026-07-14T03:14:35Z,SIA22,"57.649338,-172.261841",39000,531,68
1783998951,2026-07-14T03:15:51Z,SIA22,"57.726151,-171.898697",39000,590,68
1783998960,2026-07-14T03:16:00Z,SIA22,"57.735809,-171.85257",39000,590,68
1783999036,2026-07-14T03:17:16Z,SIA22,"57.80246,-171.531143",39000,531,68
1783999072,2026-07-14T03:17:52Z,SIA22,"57.834549,-171.374496",39000,530,69
1783999103,2026-07-14T03:18:23Z,SIA22,"57.862015,-171.239471",39000,530,69
1783999121,2026-07-14T03:18:41Z,SIA22,"57.863205,-171.233612",39000,530,69
1783999179,2026-07-14T03:19:39Z,SIA22,"57.927605,-170.913483",39000,526,69
1783999215,2026-07-14T03:20:15Z,SIA22,"57.957584,-170.762512",39000,526,69
1783999246,2026-07-14T03:20:46Z,SIA22,"57.985199,-170.629364",39000,526,67
1783999278,2026-07-14T03:21:18Z,SIA22,"58.015411,-170.492752",39000,529,67
1783999314,2026-07-14T03:21:54Z,SIA22,"58.048454,-170.339447",39000,531,68
1783999348,2026-07-14T03:22:28Z,SIA22,"58.079178,-170.194244",39000,530,68
1783999382,2026-07-14T03:23:02Z,SIA22,"58.109482,-170.049835",39000,530,68
1783999416,2026-07-14T03:23:36Z,SIA22,"58.140701,-169.900024",39000,529,68
1783999425,2026-07-14T03:23:45Z,SIA22,"58.148621,-169.86174",39000,530,68
1783999481,2026-07-14T03:24:41Z,SIA22,"58.194859,-169.637878",39000,532,68
1783999516,2026-07-14T03:25:16Z,SIA22,"58.229031,-169.470428",39000,533,68
1783999551,2026-07-14T03:25:51Z,SIA22,"58.259708,-169.319275",39000,533,69
1783999600,2026-07-14T03:26:40Z,SIA22,"58.303116,-169.10289",39000,533,69
1783999613,2026-07-14T03:26:53Z,SIA22,"58.314468,-169.046188",39000,534,69
1783999679,2026-07-14T03:27:59Z,SIA22,"58.371368,-168.75824",39000,535,69
1783999710,2026-07-14T03:28:30Z,SIA22,"58.398239,-168.620728",39000,536,69
1783999742,2026-07-14T03:29:02Z,SIA22,"58.425526,-168.48056",39000,537,69
1783999774,2026-07-14T03:29:34Z,SIA22,"58.45285,-168.33847",39000,535,69
1783999805,2026-07-14T03:30:05Z,SIA22,"58.478989,-168.201828",39000,534,70
1783999838,2026-07-14T03:30:38Z,SIA22,"58.506435,-168.057495",39000,531,70
1783999870,2026-07-14T03:31:10Z,SIA22,"58.533714,-167.912933",39000,531,70
1783999901,2026-07-14T03:31:41Z,SIA22,"58.558823,-167.778595",39000,535,70
1783999933,2026-07-14T03:32:13Z,SIA22,"58.585327,-167.636124",39000,531,70
1783999963,2026-07-14T03:32:43Z,SIA22,"58.610336,-167.500854",39000,532,70
1783999996,2026-07-14T03:33:16Z,SIA22,"58.636551,-167.357666",39000,535,70
1784000027,2026-07-14T03:33:47Z,SIA22,"58.661919,-167.217773",39000,535,70
1784000059,2026-07-14T03:34:19Z,SIA22,"58.687801,-167.074585",39000,535,70
1784000089,2026-07-14T03:34:49Z,SIA22,"58.71196,-166.939545",39000,538,70
1784000120,2026-07-14T03:35:20Z,SIA22,"58.737099,-166.800842",39000,539,70
1784000151,2026-07-14T03:35:51Z,SIA22,"58.762657,-166.65976",39000,536,70
1784000182,2026-07-14T03:36:22Z,SIA22,"58.78743,-166.521286",39000,536,71
1784000213,2026-07-14T03:36:53Z,SIA22,"58.812607,-166.379257",39000,539,71
1784000246,2026-07-14T03:37:26Z,SIA22,"58.838585,-166.23111",39000,543,71
1784000278,2026-07-14T03:37:58Z,SIA22,"58.8647,-166.081512",39000,543,71
1784000310,2026-07-14T03:38:30Z,SIA22,"58.890015,-165.935028",39000,540,71
1784000342,2026-07-14T03:39:02Z,SIA22,"58.914883,-165.791077",39000,535,71
1784000375,2026-07-14T03:39:35Z,SIA22,"58.941055,-165.638763",39000,536,71
1784000407,2026-07-14T03:40:07Z,SIA22,"58.96553,-165.495117",39000,538,71
1784000439,2026-07-14T03:40:39Z,SIA22,"58.990723,-165.346069",39000,539,71
1784000470,2026-07-14T03:41:10Z,SIA22,"59.013901,-165.207855",39000,540,72
1784000501,2026-07-14T03:41:41Z,SIA22,"59.037552,-165.065552",39000,539,72
1784000534,2026-07-14T03:42:14Z,SIA22,"59.062733,-164.912552",39000,538,72
1784000564,2026-07-14T03:42:44Z,SIA22,"59.085449,-164.773605",39000,536,72
1784000597,2026-07-14T03:43:17Z,SIA22,"59.109703,-164.624161",39000,535,72
1784000628,2026-07-14T03:43:48Z,SIA22,"59.132935,-164.479446",39000,537,72
1784000659,2026-07-14T03:44:19Z,SIA22,"59.155426,-164.338257",39000,538,72
1784000692,2026-07-14T03:44:52Z,SIA22,"59.179485,-164.186127",39000,539,72
1784000723,2026-07-14T03:45:23Z,SIA22,"59.201969,-164.042923",39000,539,73
1784000754,2026-07-14T03:45:54Z,SIA22,"59.224777,-163.896332",39000,539,73
1784000786,2026-07-14T03:46:26Z,SIA22,"59.24707,-163.751587",39000,538,73
1784000817,2026-07-14T03:46:57Z,SIA22,"59.26947,-163.604889",39000,537,73
1784000848,2026-07-14T03:47:28Z,SIA22,"59.29097,-163.463196",39000,536,73
1784000880,2026-07-14T03:48:00Z,SIA22,"59.313744,-163.311478",39000,531,73
1784000911,2026-07-14T03:48:31Z,SIA22,"59.334831,-163.1698",39000,532,73
1784000942,2026-07-14T03:49:02Z,SIA22,"59.355919,-163.026688",39000,533,73
1784000973,2026-07-14T03:49:33Z,SIA22,"59.377213,-162.881378",39000,536,74
1784001004,2026-07-14T03:50:04Z,SIA22,"59.397537,-162.740952",39000,539,74
1784001037,2026-07-14T03:50:37Z,SIA22,"59.420013,-162.584473",39000,541,74
1784001067,2026-07-14T03:51:07Z,SIA22,"59.44075,-162.439362",39000,540,74
1784001099,2026-07-14T03:51:39Z,SIA22,"59.462246,-162.291077",39000,543,72
1784001131,2026-07-14T03:52:11Z,SIA22,"59.487709,-162.143051",39000,545,71
1784001162,2026-07-14T03:52:42Z,SIA22,"59.51239,-161.996063",39000,546,71
1784001194,2026-07-14T03:53:14Z,SIA22,"59.537567,-161.844238",39000,545,71
1784001226,2026-07-14T03:53:46Z,SIA22,"59.562054,-161.69574",39000,547,72
1784001256,2026-07-14T03:54:16Z,SIA22,"59.585541,-161.552399",39000,546,71
1784001288,2026-07-14T03:54:48Z,SIA22,"59.609802,-161.402985",39000,545,72
1784001319,2026-07-14T03:55:19Z,SIA22,"59.633652,-161.254669",39000,547,72
1784001350,2026-07-14T03:55:50Z,SIA22,"59.657486,-161.105606",39000,549,72
1784001382,2026-07-14T03:56:22Z,SIA22,"59.680984,-160.957031",39000,550,72
1784001413,2026-07-14T03:56:53Z,SIA22,"59.704361,-160.808395",39000,549,72
1784001443,2026-07-14T03:57:23Z,SIA22,"59.727219,-160.661591",39000,549,72
1784001475,2026-07-14T03:57:55Z,SIA22,"59.75116,-160.506226",39000,551,73
1784001506,2026-07-14T03:58:26Z,SIA22,"59.773956,-160.356827",39000,552,73
1784001537,2026-07-14T03:58:57Z,SIA22,"59.796432,-160.208679",39000,552,73
1784001570,2026-07-14T03:59:30Z,SIA22,"59.820465,-160.048737",39000,551,73
1784001601,2026-07-14T04:00:01Z,SIA22,"59.842804,-159.898499",39000,553,73
1784001634,2026-07-14T04:00:34Z,SIA22,"59.866425,-159.738464",39000,554,73
1784001665,2026-07-14T04:01:05Z,SIA22,"59.888477,-159.587112",39000,552,73
1784001696,2026-07-14T04:01:36Z,SIA22,"59.910172,-159.437378",39000,553,74
1784001726,2026-07-14T04:02:06Z,SIA22,"59.931335,-159.289673",39000,554,74
1784001758,2026-07-14T04:02:38Z,SIA22,"59.953857,-159.131104",39000,555,74
1784001789,2026-07-14T04:03:09Z,SIA22,"59.975418,-158.977951",39000,556,74
1784001820,2026-07-14T04:03:40Z,SIA22,"59.996658,-158.825363",39000,556,74
1784001851,2026-07-14T04:04:11Z,SIA22,"60.01767,-158.67308",39000,555,74
1784001882,2026-07-14T04:04:42Z,SIA22,"60.038746,-158.518692",39000,558,74
1784001914,2026-07-14T04:05:14Z,SIA22,"60.05965,-158.364288",39000,557,74
1784001944,2026-07-14T04:05:44Z,SIA22,"60.080063,-158.212021",39000,558,75
1784001975,2026-07-14T04:06:15Z,SIA22,"60.100662,-158.05658",39000,561,75
1784002008,2026-07-14T04:06:48Z,SIA22,"60.122261,-157.892273",39000,563,75
1784002038,2026-07-14T04:07:18Z,SIA22,"60.142231,-157.738068",39000,564,75
1784002069,2026-07-14T04:07:49Z,SIA22,"60.162205,-157.582199",39000,565,75
1784002100,2026-07-14T04:08:20Z,SIA22,"60.182327,-157.424988",39000,564,75
1784002131,2026-07-14T04:08:51Z,SIA22,"60.201912,-157.269577",39000,563,75
1784002162,2026-07-14T04:09:22Z,SIA22,"60.221371,-157.11293",39000,562,76
1784002195,2026-07-14T04:09:55Z,SIA22,"60.24202,-156.945007",39000,562,76
1784002226,2026-07-14T04:10:26Z,SIA22,"60.260925,-156.789871",39000,565,76
1784002257,2026-07-14T04:10:57Z,SIA22,"60.280289,-156.629517",39000,566,76
1784002288,2026-07-14T04:11:28Z,SIA22,"60.299019,-156.472183",39000,567,76
1784002320,2026-07-14T04:12:00Z,SIA22,"60.318787,-156.304947",39000,567,76
1784002351,2026-07-14T04:12:31Z,SIA22,"60.337189,-156.147064",39000,566,76
1784002382,2026-07-14T04:13:02Z,SIA22,"60.355118,-155.990662",39000,566,76
1784002413,2026-07-14T04:13:33Z,SIA22,"60.373409,-155.830276",39000,565,77
1784002444,2026-07-14T04:14:04Z,SIA22,"60.391426,-155.670181",39000,565,77
1784002475,2026-07-14T04:14:35Z,SIA22,"60.408932,-155.51265",39000,563,77
1784002507,2026-07-14T04:15:07Z,SIA22,"60.427368,-155.344589",39000,565,77
1784002538,2026-07-14T04:15:38Z,SIA22,"60.444489,-155.186722",39000,567,77
1784002569,2026-07-14T04:16:09Z,SIA22,"60.461472,-155.029205",39025,568,77
1784002600,2026-07-14T04:16:40Z,SIA22,"60.478481,-154.868286",39000,567,77
1784002633,2026-07-14T04:17:13Z,SIA22,"60.496822,-154.698395",39000,567,76
1784002666,2026-07-14T04:17:46Z,SIA22,"60.522427,-154.528",39000,568,71
1784002697,2026-07-14T04:18:17Z,SIA22,"60.547703,-154.373215",39000,563,72
1784002729,2026-07-14T04:18:49Z,SIA22,"60.572845,-154.213959",39000,555,72
1784002760,2026-07-14T04:19:20Z,SIA22,"60.596786,-154.061752",38975,553,72
1784002791,2026-07-14T04:19:51Z,SIA22,"60.621304,-153.905411",39000,555,72
1784002823,2026-07-14T04:20:23Z,SIA22,"60.645401,-153.749878",39000,556,72
1784002853,2026-07-14T04:20:53Z,SIA22,"60.668831,-153.597305",39000,559,72
1784002884,2026-07-14T04:21:24Z,SIA22,"60.692574,-153.44133",39000,555,72
1784002915,2026-07-14T04:21:55Z,SIA22,"60.715569,-153.289001",39000,554,72
1784002948,2026-07-14T04:22:28Z,SIA22,"60.740158,-153.124985",39000,555,73
1784002978,2026-07-14T04:22:58Z,SIA22,"60.762493,-152.973831",39000,558,73
1784003010,2026-07-14T04:23:30Z,SIA22,"60.786655,-152.809326",39000,554,73
1784003041,2026-07-14T04:24:01Z,SIA22,"60.808914,-152.655975",39000,553,73
1784003072,2026-07-14T04:24:32Z,SIA22,"60.831116,-152.502167",39000,558,73
1784003103,2026-07-14T04:25:03Z,SIA22,"60.853458,-152.345551",39000,556,73
1784003135,2026-07-14T04:25:35Z,SIA22,"60.876297,-152.183945",39000,549,73
1784003167,2026-07-14T04:26:07Z,SIA22,"60.899094,-152.020477",39000,554,74
1784003198,2026-07-14T04:26:38Z,SIA22,"60.920631,-151.865677",39000,555,74
1784003229,2026-07-14T04:27:09Z,SIA22,"60.941803,-151.710968",39000,553,74
1784003260,2026-07-14T04:27:40Z,SIA22,"60.963455,-151.551666",39000,551,74
1784003291,2026-07-14T04:28:11Z,SIA22,"60.984268,-151.396408",39000,553,74
1784003322,2026-07-14T04:28:42Z,SIA22,"61.005157,-151.24025",39000,555,74
1784003355,2026-07-14T04:29:15Z,SIA22,"61.027191,-151.07309",39000,557,74
1784003385,2026-07-14T04:29:45Z,SIA22,"61.047501,-150.917007",39000,558,75
1784003416,2026-07-14T04:30:16Z,SIA22,"61.068192,-150.756363",39000,558,75
1784003447,2026-07-14T04:30:47Z,SIA22,"61.088196,-150.600098",39000,558,75
1784003480,2026-07-14T04:31:20Z,SIA22,"61.109447,-150.431625",39000,556,75
1784003511,2026-07-14T04:31:51Z,SIA22,"61.129944,-150.267563",39000,556,75
1784003542,2026-07-14T04:32:22Z,SIA22,"61.149158,-150.113113",39000,556,74
1784003574,2026-07-14T04:32:54Z,SIA22,"61.174576,-149.951172",39000,555,68
1784003605,2026-07-14T04:33:25Z,SIA22,"61.207069,-149.797256",39000,553,64
1784003636,2026-07-14T04:33:56Z,SIA22,"61.24205,-149.653702",39000,551,63
1784003669,2026-07-14T04:34:29Z,SIA22,"61.278946,-149.497375",39000,550,64
1784003700,2026-07-14T04:35:00Z,SIA22,"61.31316,-149.3517",39000,550,63
1784003733,2026-07-14T04:35:33Z,SIA22,"61.349716,-149.196198",39000,548,64
1784003766,2026-07-14T04:36:06Z,SIA22,"61.386337,-149.039352",39025,548,64
1784003797,2026-07-14T04:36:37Z,SIA22,"61.421265,-148.888779",39000,552,64
1784003828,2026-07-14T04:37:08Z,SIA22,"61.455002,-148.741837",39000,554,64
1784003861,2026-07-14T04:37:41Z,SIA22,"61.490662,-148.58548",39000,552,64
1784003891,2026-07-14T04:38:11Z,SIA22,"61.524601,-148.436081",39000,557,64
1784003923,2026-07-14T04:38:43Z,SIA22,"61.559143,-148.282272",39000,556,64
1784003954,2026-07-14T04:39:14Z,SIA22,"61.593357,-148.129379",39050,557,64
1784003985,2026-07-14T04:39:45Z,SIA22,"61.626644,-147.979233",39575,548,65
1784004016,2026-07-14T04:40:16Z,SIA22,"61.658295,-147.835953",40850,525,65
1784004047,2026-07-14T04:40:47Z,SIA22,"61.68956,-147.692642",41000,527,65
1784004078,2026-07-14T04:41:18Z,SIA22,"61.720963,-147.548157",41000,526,65
1784004109,2026-07-14T04:41:49Z,SIA22,"61.752182,-147.403473",41025,530,65
1784004141,2026-07-14T04:42:21Z,SIA22,"61.785572,-147.247818",41000,535,65
1784004172,2026-07-14T04:42:52Z,SIA22,"61.816669,-147.101639",41000,536,65
1784004205,2026-07-14T04:43:25Z,SIA22,"61.849396,-146.947021",41000,537,65
1784004237,2026-07-14T04:43:57Z,SIA22,"61.88203,-146.791077",41000,535,66
1784004268,2026-07-14T04:44:28Z,SIA22,"61.912613,-146.643982",41000,538,66
1784004301,2026-07-14T04:45:01Z,SIA22,"61.940777,-146.48082",41000,544,75
1784004308,2026-07-14T04:45:08Z,SIA22,"61.944828,-146.446945",41000,544,76
1784004338,2026-07-14T04:45:38Z,SIA22,"61.963623,-146.290802",41000,542,75
1784004371,2026-07-14T04:46:11Z,SIA22,"61.985001,-146.122375",41000,536,74
1784004402,2026-07-14T04:46:42Z,SIA22,"62.004684,-145.965042",41000,537,75
1784004432,2026-07-14T04:47:12Z,SIA22,"62.023735,-145.809128",41000,538,75
1784004463,2026-07-14T04:47:43Z,SIA22,"62.04277,-145.651642",41000,531,75
1784004496,2026-07-14T04:48:16Z,SIA22,"62.062698,-145.486252",41000,529,75
1784004527,2026-07-14T04:48:47Z,SIA22,"62.081268,-145.330383",41000,528,75
1784004559,2026-07-14T04:49:19Z,SIA22,"62.100357,-145.168137",41000,530,76
1784004590,2026-07-14T04:49:50Z,SIA22,"62.118515,-145.011795",41000,532,76
1784004623,2026-07-14T04:50:23Z,SIA22,"62.137833,-144.84343",41000,531,76
1784004654,2026-07-14T04:50:54Z,SIA22,"62.155655,-144.687088",41000,531,76
1784004685,2026-07-14T04:51:25Z,SIA22,"62.173508,-144.528305",41025,534,76
1784004717,2026-07-14T04:51:57Z,SIA22,"62.191818,-144.363602",40975,536,76
1784004749,2026-07-14T04:52:29Z,SIA22,"62.210129,-144.196396",41000,529,76
1784004780,2026-07-14T04:53:00Z,SIA22,"62.226936,-144.042389",41000,530,76
1784004812,2026-07-14T04:53:32Z,SIA22,"62.244415,-143.878784",41000,534,77
1784004844,2026-07-14T04:54:04Z,SIA22,"62.261757,-143.715332",41000,527,77
1784004874,2026-07-14T04:54:34Z,SIA22,"62.277817,-143.561935",41000,528,77
1784004906,2026-07-14T04:55:06Z,SIA22,"62.294762,-143.397461",41000,527,77
1784004939,2026-07-14T04:55:39Z,SIA22,"62.31189,-143.230591",41000,525,77
1784004969,2026-07-14T04:56:09Z,SIA22,"62.327499,-143.075867",41000,527,77
1784005001,2026-07-14T04:56:41Z,SIA22,"62.343922,-142.911102",41000,525,77
1784005032,2026-07-14T04:57:12Z,SIA22,"62.359238,-142.75592",41000,523,78
1784005063,2026-07-14T04:57:43Z,SIA22,"62.374691,-142.596619",41000,516,78
1784005095,2026-07-14T04:58:15Z,SIA22,"62.389866,-142.438583",41000,513,78
1784005126,2026-07-14T04:58:46Z,SIA22,"62.404358,-142.284653",41000,514,78
1784005158,2026-07-14T04:59:18Z,SIA22,"62.41901,-142.12822",40975,521,78
1784005190,2026-07-14T04:59:50Z,SIA22,"62.434158,-141.964722",41025,517,78
1784005221,2026-07-14T05:00:21Z,SIA22,"62.448757,-141.80307",40975,522,79
1784005252,2026-07-14T05:00:52Z,SIA22,"62.463234,-141.641968",41025,525,79
1784005283,2026-07-14T05:01:23Z,SIA22,"62.477005,-141.486404",41000,527,79
1784005316,2026-07-14T05:01:56Z,SIA22,"62.491959,-141.315659",41000,528,79
1784005347,2026-07-14T05:02:27Z,SIA22,"62.505924,-141.152023",41000,524,79
1784005390,2026-07-14T05:03:10Z,SIA22,"62.522495,-140.956696",41000,526,79
1784005441,2026-07-14T05:04:01Z,SIA22,"62.546127,-140.671082",41000,570,79
1784005450,2026-07-14T05:04:10Z,SIA22,"62.550201,-140.62114",41000,524,79
1784005624,2026-07-14T05:07:04Z,SIA22,"62.619881,-139.727295",41000,517,80
1784005648,2026-07-14T05:07:28Z,SIA22,"62.626236,-139.642227",41000,519,80
1784005705,2026-07-14T05:08:25Z,SIA22,"62.638,-139.367783",41000,523,92
1784005800,2026-07-14T05:10:00Z,SIA22,"62.629471,-138.815323",41000,515,91
1784005844,2026-07-14T05:10:44Z,SIA22,"62.625469,-138.587463",41000,518,92
1784005875,2026-07-14T05:11:15Z,SIA22,"62.622711,-138.443604",41000,522,92
1784005911,2026-07-14T05:11:51Z,SIA22,"62.618534,-138.233261",41000,520,92
1784005943,2026-07-14T05:12:23Z,SIA22,"62.615086,-138.073853",41000,521,92
1784005975,2026-07-14T05:12:55Z,SIA22,"62.611408,-137.910431",41000,521,92
1784006006,2026-07-14T05:13:26Z,SIA22,"62.607407,-137.743103",41000,522,93
1784006039,2026-07-14T05:13:59Z,SIA22,"62.603119,-137.571823",41000,520,93
1784006071,2026-07-14T05:14:31Z,SIA22,"62.598816,-137.40509",41000,517,93
1784006102,2026-07-14T05:15:02Z,SIA22,"62.594418,-137.244278",41000,519,93
1784006141,2026-07-14T05:15:41Z,SIA22,"62.588554,-137.042084",41000,516,93
1784006174,2026-07-14T05:16:14Z,SIA22,"62.583431,-136.869995",41000,509,93
1784006205,2026-07-14T05:16:45Z,SIA22,"62.578537,-136.712646",41000,510,93
1784006238,2026-07-14T05:17:18Z,SIA22,"62.57333,-136.552032",41000,512,94
1784006269,2026-07-14T05:17:49Z,SIA22,"62.567917,-136.3918",41000,511,94
1784006301,2026-07-14T05:18:21Z,SIA22,"62.562202,-136.227615",41000,513,94
1784006332,2026-07-14T05:18:52Z,SIA22,"62.556526,-136.067581",41000,507,94
1784006364,2026-07-14T05:19:24Z,SIA22,"62.550613,-135.907181",41000,511,94
1784006396,2026-07-14T05:19:56Z,SIA22,"62.544422,-135.746643",41000,509,94
1784006427,2026-07-14T05:20:27Z,SIA22,"62.538208,-135.58757",41000,511,94
1784006458,2026-07-14T05:20:58Z,SIA22,"62.531708,-135.428268",41000,515,95
1784006489,2026-07-14T05:21:29Z,SIA22,"62.525101,-135.269058",41000,512,95
1784006522,2026-07-14T05:22:02Z,SIA22,"62.517975,-135.101929",41000,514,95
1784006554,2026-07-14T05:22:34Z,SIA22,"62.510605,-134.936111",41000,514,95
1784006585,2026-07-14T05:23:05Z,SIA22,"62.503464,-134.777222",41000,512,95
1784006616,2026-07-14T05:23:36Z,SIA22,"62.496193,-134.620758",41000,507,95
1784006648,2026-07-14T05:24:08Z,SIA22,"62.488838,-134.464951",41000,510,95
1784006680,2026-07-14T05:24:40Z,SIA22,"62.480598,-134.297409",41000,513,96
1784006711,2026-07-14T05:25:11Z,SIA22,"62.472748,-134.139297",41000,516,96
1784006742,2026-07-14T05:25:42Z,SIA22,"62.464737,-133.983154",41000,514,96
1784006773,2026-07-14T05:26:13Z,SIA22,"62.456764,-133.829849",41000,509,96
1784006805,2026-07-14T05:26:45Z,SIA22,"62.447964,-133.665695",41000,508,96
1784006838,2026-07-14T05:27:18Z,SIA22,"62.439331,-133.505554",41000,505,96
1784006869,2026-07-14T05:27:49Z,SIA22,"62.430405,-133.347061",41000,507,97
1784006900,2026-07-14T05:28:20Z,SIA22,"62.42157,-133.191223",41000,506,97
1784006934,2026-07-14T05:28:54Z,SIA22,"62.411819,-133.022964",41000,503,97
1784006965,2026-07-14T05:29:25Z,SIA22,"62.402718,-132.869598",41000,504,97
1784007000,2026-07-14T05:30:00Z,SIA22,"62.393326,-132.71373",41000,505,97
1784007041,2026-07-14T05:30:41Z,SIA22,"62.379532,-132.491318",41000,507,97
1784007059,2026-07-14T05:30:59Z,SIA22,"62.373688,-132.398682",41000,507,97
1784008818,2026-07-14T06:00:18Z,SIA22,"61.563797,-123.951622",41000,495,105
1784009223,2026-07-14T06:07:03Z,SIA22,"61.309063,-122.100929",41000,496,106
1784009254,2026-07-14T06:07:34Z,SIA22,"61.288486,-121.960243",41000,495,107
1784009286,2026-07-14T06:08:06Z,SIA22,"61.267776,-121.819939",41000,495,107
1784009317,2026-07-14T06:08:37Z,SIA22,"61.246033,-121.673584",41000,495,107
1784009349,2026-07-14T06:09:09Z,SIA22,"61.224384,-121.529137",41000,494,107
1784009382,2026-07-14T06:09:42Z,SIA22,"61.202274,-121.383156",41000,494,107
1784009413,2026-07-14T06:10:13Z,SIA22,"61.180813,-121.242371",41000,496,107
1784009446,2026-07-14T06:10:46Z,SIA22,"61.158142,-121.095131",41000,498,107
1784009477,2026-07-14T06:11:17Z,SIA22,"61.136311,-120.953979",41000,499,107
1784009508,2026-07-14T06:11:48Z,SIA22,"61.113876,-120.81086",41000,500,107
1784009539,2026-07-14T06:12:19Z,SIA22,"61.091858,-120.671181",41000,501,108
1784009570,2026-07-14T06:12:50Z,SIA22,"61.069794,-120.532677",41000,501,108
1784009601,2026-07-14T06:13:21Z,SIA22,"61.04744,-120.392693",41000,500,108
1784009632,2026-07-14T06:13:52Z,SIA22,"61.024632,-120.251152",41000,500,108
1784009664,2026-07-14T06:14:24Z,SIA22,"61.001633,-120.109924",41000,502,108
1784009695,2026-07-14T06:14:55Z,SIA22,"60.978077,-119.966286",41000,503,108
1784009728,2026-07-14T06:15:28Z,SIA22,"60.95359,-119.818268",41000,504,108
1784009760,2026-07-14T06:16:00Z,SIA22,"60.928921,-119.670151",41000,503,109
1784009792,2026-07-14T06:16:32Z,SIA22,"60.905224,-119.52919",41000,503,109
1784009822,2026-07-14T06:17:02Z,SIA22,"60.882088,-119.392349",41000,504,109
1784009853,2026-07-14T06:17:33Z,SIA22,"60.85844,-119.253647",41000,505,109
1784009886,2026-07-14T06:18:06Z,SIA22,"60.833176,-119.106857",41000,505,109
1784009916,2026-07-14T06:18:36Z,SIA22,"60.809418,-118.96981",41000,505,109
1784009949,2026-07-14T06:19:09Z,SIA22,"60.783829,-118.823105",41000,504,109
1784009982,2026-07-14T06:19:42Z,SIA22,"60.75798,-118.675789",41000,504,109
1784010014,2026-07-14T06:20:14Z,SIA22,"60.732281,-118.531105",41000,505,109
1784010045,2026-07-14T06:20:45Z,SIA22,"60.707748,-118.3936",41000,505,110
1784010076,2026-07-14T06:21:16Z,SIA22,"60.682663,-118.254372",41000,506,110
1784010107,2026-07-14T06:21:47Z,SIA22,"60.657707,-118.116562",41000,506,110
1784010138,2026-07-14T06:22:18Z,SIA22,"60.632721,-117.979523",41000,506,110
1784010170,2026-07-14T06:22:50Z,SIA22,"60.607056,-117.840141",41000,508,110
1784010200,2026-07-14T06:23:20Z,SIA22,"60.581451,-117.701744",41000,508,110
1784010232,2026-07-14T06:23:52Z,SIA22,"60.555012,-117.560089",41000,510,110
1784010264,2026-07-14T06:24:24Z,SIA22,"60.528103,-117.416969",41000,509,110
1784010295,2026-07-14T06:24:55Z,SIA22,"60.50222,-117.280128",41000,508,111
1784010328,2026-07-14T06:25:28Z,SIA22,"60.474617,-117.135445",41000,507,111
1784010359,2026-07-14T06:25:59Z,SIA22,"60.448013,-116.99691",41000,508,111
1784010390,2026-07-14T06:26:30Z,SIA22,"60.421371,-116.859108",41000,509,111
1784010422,2026-07-14T06:27:02Z,SIA22,"60.394218,-116.719536",41000,509,111
1784010453,2026-07-14T06:27:33Z,SIA22,"60.36694,-116.580635",41000,511,111
1784010484,2026-07-14T06:28:04Z,SIA22,"60.340027,-116.444092",41000,512,111
1784010516,2026-07-14T06:28:36Z,SIA22,"60.312286,-116.304901",41000,511,111
1784010547,2026-07-14T06:29:07Z,SIA22,"60.284637,-116.166687",41000,513,111
1784010578,2026-07-14T06:29:38Z,SIA22,"60.257309,-116.031158",41000,512,112
1784010609,2026-07-14T06:30:09Z,SIA22,"60.229385,-115.893448",41000,513,112
1784010642,2026-07-14T06:30:42Z,SIA22,"60.199951,-115.749298",41000,512,112
1784010673,2026-07-14T06:31:13Z,SIA22,"60.172306,-115.615013",41000,512,112
1784010704,2026-07-14T06:31:44Z,SIA22,"60.144096,-115.478966",41000,510,112
1784010735,2026-07-14T06:32:15Z,SIA22,"60.11554,-115.341766",41000,510,112
1784010766,2026-07-14T06:32:46Z,SIA22,"60.087254,-115.207344",41000,513,112
1784010798,2026-07-14T06:33:18Z,SIA22,"60.057602,-115.066879",41000,514,112
1784010829,2026-07-14T06:33:49Z,SIA22,"60.02832,-114.929352",41000,516,113
1784010860,2026-07-14T06:34:20Z,SIA22,"59.999908,-114.796524",41000,515,113
1784010891,2026-07-14T06:34:51Z,SIA22,"59.971386,-114.664108",41000,515,113
1784010924,2026-07-14T06:35:24Z,SIA22,"59.940262,-114.52066",41000,516,113
1784010954,2026-07-14T06:35:54Z,SIA22,"59.911606,-114.389465",41000,518,113
1784010985,2026-07-14T06:36:25Z,SIA22,"59.881725,-114.253647",41000,520,113
1784011016,2026-07-14T06:36:56Z,SIA22,"59.851273,-114.115906",41000,520,113
1784011047,2026-07-14T06:37:27Z,SIA22,"59.820923,-113.979675",41000,519,113
1784011078,2026-07-14T06:37:58Z,SIA22,"59.791306,-113.847565",41000,520,114
1784011109,2026-07-14T06:38:29Z,SIA22,"59.760727,-113.711975",41000,519,114
1784011140,2026-07-14T06:39:00Z,SIA22,"59.730198,-113.577415",41000,518,114
1784011172,2026-07-14T06:39:32Z,SIA22,"59.698544,-113.438858",41000,518,114
1784011203,2026-07-14T06:40:03Z,SIA22,"59.668304,-113.307404",41000,517,114
1784011235,2026-07-14T06:40:35Z,SIA22,"59.63649,-113.169891",41000,517,114
1784011267,2026-07-14T06:41:07Z,SIA22,"59.605019,-113.034538",41000,518,114
1784011299,2026-07-14T06:41:39Z,SIA22,"59.572083,-112.894043",41000,519,114
1784011331,2026-07-14T06:42:11Z,SIA22,"59.54068,-112.760742",41000,520,114
1784011362,2026-07-14T06:42:42Z,SIA22,"59.508701,-112.62606",41000,521,114
1784011395,2026-07-14T06:43:15Z,SIA22,"59.475327,-112.486267",41000,519,115
1784011425,2026-07-14T06:43:45Z,SIA22,"59.444,-112.356079",41000,518,115
1784011458,2026-07-14T06:44:18Z,SIA22,"59.410805,-112.218712",41000,517,115
1784011489,2026-07-14T06:44:49Z,SIA22,"59.378998,-112.08783",41000,517,115
1784011521,2026-07-14T06:45:21Z,SIA22,"59.345261,-111.950226",41000,519,115
1784011553,2026-07-14T06:45:53Z,SIA22,"59.312859,-111.818565",41000,518,115
1784011583,2026-07-14T06:46:23Z,SIA22,"59.280689,-111.688622",41000,519,115
1784011614,2026-07-14T06:46:54Z,SIA22,"59.248428,-111.55925",41000,518,116
1784011645,2026-07-14T06:47:25Z,SIA22,"59.216122,-111.430443",41000,520,116
1784011676,2026-07-14T06:47:56Z,SIA22,"59.183624,-111.301483",41000,520,116
1784011708,2026-07-14T06:48:28Z,SIA22,"59.148994,-111.164879",41000,521,116
1784011739,2026-07-14T06:48:59Z,SIA22,"59.11599,-111.03569",41000,522,116
1784011771,2026-07-14T06:49:31Z,SIA22,"59.082138,-110.903961",41000,523,116
1784011803,2026-07-14T06:50:03Z,SIA22,"59.047623,-110.770111",41000,523,116
1784011834,2026-07-14T06:50:34Z,SIA22,"59.013565,-110.639191",41000,524,116
1784011865,2026-07-14T06:51:05Z,SIA22,"58.979359,-110.508064",41000,524,116
1784011897,2026-07-14T06:51:37Z,SIA22,"58.944675,-110.376137",41000,523,117
1784011928,2026-07-14T06:52:08Z,SIA22,"58.909855,-110.244392",41000,523,117
1784011959,2026-07-14T06:52:39Z,SIA22,"58.876053,-110.11734",41000,525,117
1784011990,2026-07-14T06:53:10Z,SIA22,"58.841629,-109.988823",41000,524,117
1784012021,2026-07-14T06:53:41Z,SIA22,"58.807297,-109.861069",41000,524,117
1784012052,2026-07-14T06:54:12Z,SIA22,"58.772758,-109.733185",41000,525,117
1784012084,2026-07-14T06:54:44Z,SIA22,"58.736023,-109.598366",41000,526,117
1784012115,2026-07-14T06:55:15Z,SIA22,"58.701675,-109.472717",41000,526,117
1784012147,2026-07-14T06:55:47Z,SIA22,"58.665409,-109.341064",41000,527,117
1784012179,2026-07-14T06:56:19Z,SIA22,"58.628082,-109.206139",41000,526,117
1784012211,2026-07-14T06:56:51Z,SIA22,"58.592148,-109.077141",41000,527,118
1784012243,2026-07-14T06:57:23Z,SIA22,"58.556122,-108.948402",41000,527,118
1784012274,2026-07-14T06:57:54Z,SIA22,"58.519958,-108.820023",41000,530,118
1784012305,2026-07-14T06:58:25Z,SIA22,"58.483658,-108.691818",41000,531,118
1784012336,2026-07-14T06:58:56Z,SIA22,"58.447498,-108.56488",41000,532,118
1784012367,2026-07-14T06:59:27Z,SIA22,"58.410538,-108.435699",41000,532,118
1784012398,2026-07-14T06:59:58Z,SIA22,"58.373665,-108.307709",41000,533,118
1784012429,2026-07-14T07:00:29Z,SIA22,"58.337357,-108.18219",41000,535,118
1784012461,2026-07-14T07:01:01Z,SIA22,"58.299774,-108.053108",41000,536,119
1784012493,2026-07-14T07:01:33Z,SIA22,"58.260498,-107.918976",41000,535,119
1784012525,2026-07-14T07:02:05Z,SIA22,"58.222778,-107.790855",41000,534,119
1784012555,2026-07-14T07:02:35Z,SIA22,"58.185287,-107.66407",41000,535,119
1784012586,2026-07-14T07:03:06Z,SIA22,"58.147888,-107.538757",41000,535,119
1784012617,2026-07-14T07:03:37Z,SIA22,"58.110764,-107.414574",41000,535,119
1784012650,2026-07-14T07:04:10Z,SIA22,"58.071075,-107.282684",41000,535,119
1784012681,2026-07-14T07:04:41Z,SIA22,"58.032719,-107.156067",41000,536,119
1784012711,2026-07-14T07:05:11Z,SIA22,"57.994995,-107.031906",41000,536,119
1784012742,2026-07-14T07:05:42Z,SIA22,"57.957275,-106.908577",41000,535,119
1784012774,2026-07-14T07:06:14Z,SIA22,"57.917919,-106.780518",41000,537,120
1784012805,2026-07-14T07:06:45Z,SIA22,"57.878494,-106.653328",41000,539,120
1784012836,2026-07-14T07:07:16Z,SIA22,"57.840084,-106.529663",41000,540,120
1784012867,2026-07-14T07:07:47Z,SIA22,"57.801453,-106.405952",41000,540,120
1784012900,2026-07-14T07:08:20Z,SIA22,"57.760342,-106.275146",41000,538,120
1784012932,2026-07-14T07:08:52Z,SIA22,"57.719513,-106.145828",41000,540,120
1784012964,2026-07-14T07:09:24Z,SIA22,"57.678818,-106.017639",41000,542,120
1784012997,2026-07-14T07:09:57Z,SIA22,"57.636047,-105.884018",41000,545,120
1784013030,2026-07-14T07:10:30Z,SIA22,"57.594288,-105.753952",41000,546,120
1784013060,2026-07-14T07:11:00Z,SIA22,"57.55402,-105.629204",41000,547,121
1784013092,2026-07-14T07:11:32Z,SIA22,"57.512695,-105.501968",41000,549,121
1784013125,2026-07-14T07:12:05Z,SIA22,"57.469711,-105.3703",41000,550,121
1784013155,2026-07-14T07:12:35Z,SIA22,"57.429958,-105.248932",41000,551,121
1784013186,2026-07-14T07:13:06Z,SIA22,"57.388596,-105.123627",41000,551,121
1784013217,2026-07-14T07:13:37Z,SIA22,"57.346802,-104.997795",41000,553,121
1784013248,2026-07-14T07:14:08Z,SIA22,"57.306015,-104.875488",41000,553,121
1784013279,2026-07-14T07:14:39Z,SIA22,"57.264187,-104.750565",41000,555,121
1784013312,2026-07-14T07:15:12Z,SIA22,"57.220333,-104.620148",41000,555,121
1784013343,2026-07-14T07:15:43Z,SIA22,"57.177505,-104.49398",41000,556,121
1784013374,2026-07-14T07:16:14Z,SIA22,"57.135635,-104.371063",41000,557,122
1784013406,2026-07-14T07:16:46Z,SIA22,"57.091278,-104.241455",41000,558,122
1784013437,2026-07-14T07:17:17Z,SIA22,"57.048569,-104.117348",41000,555,122
1784013470,2026-07-14T07:17:50Z,SIA22,"57.004532,-103.990059",41000,553,122
1784013503,2026-07-14T07:18:23Z,SIA22,"56.958618,-103.858139",41000,550,122
1784013534,2026-07-14T07:18:54Z,SIA22,"56.916733,-103.738319",41000,548,122
1784013565,2026-07-14T07:19:25Z,SIA22,"56.873566,-103.615326",41000,550,122
1784013598,2026-07-14T07:19:58Z,SIA22,"56.829071,-103.489494",41000,551,122
1784013630,2026-07-14T07:20:30Z,SIA22,"56.784576,-103.364265",41000,553,122
1784013661,2026-07-14T07:21:01Z,SIA22,"56.741451,-103.243309",41000,553,123
1784013693,2026-07-14T07:21:33Z,SIA22,"56.696995,-103.119362",41000,554,123
1784013723,2026-07-14T07:22:03Z,SIA22,"56.654587,-103.001701",41000,556,123
1784013754,2026-07-14T07:22:34Z,SIA22,"56.610489,-102.880013",41000,557,123
1784013786,2026-07-14T07:23:06Z,SIA22,"56.564507,-102.75367",41000,556,123
1784013817,2026-07-14T07:23:37Z,SIA22,"56.520794,-102.634361",41000,556,123
1784013848,2026-07-14T07:24:08Z,SIA22,"56.476944,-102.51506",41000,556,123
1784013879,2026-07-14T07:24:39Z,SIA22,"56.432903,-102.396095",41000,558,123
1784013910,2026-07-14T07:25:10Z,SIA22,"56.38884,-102.27739",41000,559,123
1784013941,2026-07-14T07:25:41Z,SIA22,"56.34301,-102.154655",41000,561,123
1784013972,2026-07-14T07:26:12Z,SIA22,"56.298706,-102.036354",41000,554,124
1784014004,2026-07-14T07:26:44Z,SIA22,"56.254238,-101.918625",41000,556,124
1784014034,2026-07-14T07:27:14Z,SIA22,"56.210358,-101.802895",41000,559,124
1784014066,2026-07-14T07:27:46Z,SIA22,"56.162704,-101.677803",41000,563,124
1784014097,2026-07-14T07:28:17Z,SIA22,"56.117931,-101.560532",41000,560,124
1784014129,2026-07-14T07:28:49Z,SIA22,"56.071014,-101.438599",41000,565,124
1784014161,2026-07-14T07:29:21Z,SIA22,"56.022919,-101.314377",41000,569,124
1784014194,2026-07-14T07:29:54Z,SIA22,"55.974087,-101.18837",41000,568,124
1784014225,2026-07-14T07:30:25Z,SIA22,"55.927998,-101.070183",41000,568,124
1784014256,2026-07-14T07:30:56Z,SIA22,"55.880562,-100.949509",41000,573,124
1784014287,2026-07-14T07:31:27Z,SIA22,"55.833664,-100.830521",41000,572,125
1784014318,2026-07-14T07:31:58Z,SIA22,"55.78688,-100.712334",41000,574,125
1784014349,2026-07-14T07:32:29Z,SIA22,"55.73946,-100.593048",41000,576,125
1784014382,2026-07-14T07:33:02Z,SIA22,"55.688023,-100.464737",41000,580,125
1784014413,2026-07-14T07:33:33Z,SIA22,"55.639664,-100.344543",41000,582,125
1784014445,2026-07-14T07:34:05Z,SIA22,"55.589611,-100.220375",41000,584,125
1784014476,2026-07-14T07:34:36Z,SIA22,"55.541519,-100.10218",41000,588,125
1784014507,2026-07-14T07:35:07Z,SIA22,"55.49176,-99.980164",41000,590,125
1784014540,2026-07-14T07:35:40Z,SIA22,"55.440269,-99.853989",41000,587,125
1784014572,2026-07-14T07:36:12Z,SIA22,"55.387897,-99.725731",41000,588,125
1784014603,2026-07-14T07:36:43Z,SIA22,"55.338924,-99.606544",41000,587,125
1784014634,2026-07-14T07:37:14Z,SIA22,"55.291023,-99.490776",41000,584,125
1784014665,2026-07-14T07:37:45Z,SIA22,"55.241074,-99.370506",41000,584,126
1784014697,2026-07-14T07:38:17Z,SIA22,"55.191494,-99.251656",41000,581,126
1784014728,2026-07-14T07:38:48Z,SIA22,"55.141499,-99.132637",41000,581,126
1784014760,2026-07-14T07:39:20Z,SIA22,"55.09021,-99.010971",41000,582,126
1784014791,2026-07-14T07:39:51Z,SIA22,"55.040726,-98.894157",41000,582,126
1784014823,2026-07-14T07:40:23Z,SIA22,"54.990856,-98.776909",41000,582,126
1784014854,2026-07-14T07:40:54Z,SIA22,"54.940113,-98.65831",41000,578,126
1784014885,2026-07-14T07:41:25Z,SIA22,"54.89114,-98.544197",41000,578,126
1784014918,2026-07-14T07:41:58Z,SIA22,"54.839493,-98.424652",41000,575,126
1784014950,2026-07-14T07:42:30Z,SIA22,"54.788166,-98.306244",41000,574,127
1784014982,2026-07-14T07:43:02Z,SIA22,"54.735352,-98.185219",41000,574,126
1784015013,2026-07-14T07:43:33Z,SIA22,"54.686123,-98.072868",41000,574,127
1784015045,2026-07-14T07:44:05Z,SIA22,"54.636017,-97.95887",41000,576,127
1784015075,2026-07-14T07:44:35Z,SIA22,"54.586624,-97.847305",41000,577,127
1784015106,2026-07-14T07:45:06Z,SIA22,"54.536133,-97.733543",41000,577,127
1784015137,2026-07-14T07:45:37Z,SIA22,"54.48632,-97.621765",41000,579,127
1784015170,2026-07-14T07:46:10Z,SIA22,"54.433182,-97.503258",41000,576,127
1784015202,2026-07-14T07:46:42Z,SIA22,"54.38195,-97.389473",41000,575,127
1784015233,2026-07-14T07:47:13Z,SIA22,"54.330643,-97.2761",41000,577,127
1784015266,2026-07-14T07:47:46Z,SIA22,"54.27721,-97.158478",41000,578,127
1784015299,2026-07-14T07:48:19Z,SIA22,"54.222656,-97.03894",41000,577,127
1784015329,2026-07-14T07:48:49Z,SIA22,"54.173027,-96.930679",41000,576,128
1784015361,2026-07-14T07:49:21Z,SIA22,"54.119797,-96.815292",41000,577,128
1784015393,2026-07-14T07:49:53Z,SIA22,"54.06847,-96.704247",41000,573,128
1784015424,2026-07-14T07:50:24Z,SIA22,"54.016563,-96.592606",41000,572,128
1784015455,2026-07-14T07:50:55Z,SIA22,"53.965759,-96.483971",41000,572,128
1784015488,2026-07-14T07:51:28Z,SIA22,"53.912006,-96.369408",41000,570,128
1784015519,2026-07-14T07:51:59Z,SIA22,"53.860332,-96.259865",41000,572,128
1784015551,2026-07-14T07:52:31Z,SIA22,"53.808662,-96.150566",41000,571,128
1784015581,2026-07-14T07:53:01Z,SIA22,"53.758244,-96.044502",41000,570,128
1784015613,2026-07-14T07:53:33Z,SIA22,"53.705246,-95.933479",41000,569,128
1784015644,2026-07-14T07:54:04Z,SIA22,"53.655304,-95.829346",41000,569,128
1784015676,2026-07-14T07:54:36Z,SIA22,"53.602062,-95.718788",41000,568,129
1784015707,2026-07-14T07:55:07Z,SIA22,"53.549831,-95.610779",41000,570,129
1784015740,2026-07-14T07:55:40Z,SIA22,"53.495457,-95.498978",41000,572,129
1784015771,2026-07-14T07:56:11Z,SIA22,"53.443771,-95.392952",41000,574,129
1784015802,2026-07-14T07:56:42Z,SIA22,"53.392063,-95.287491",41000,572,129
1784015834,2026-07-14T07:57:14Z,SIA22,"53.337414,-95.176422",41000,570,129
1784015865,2026-07-14T07:57:45Z,SIA22,"53.286209,-95.072701",41000,568,129
1784015896,2026-07-14T07:58:16Z,SIA22,"53.235168,-94.969978",41000,566,129
1784015929,2026-07-14T07:58:49Z,SIA22,"53.180008,-94.859329",41000,564,129
1784015961,2026-07-14T07:59:21Z,SIA22,"53.126541,-94.752449",41000,562,129
1784015994,2026-07-14T07:59:54Z,SIA22,"53.072845,-94.645767",41000,560,129
1784016026,2026-07-14T08:00:26Z,SIA22,"53.017784,-94.536728",41000,559,130
1784016057,2026-07-14T08:00:57Z,SIA22,"52.966393,-94.435417",41000,559,130
1784016089,2026-07-14T08:01:29Z,SIA22,"52.914322,-94.333191",41000,559,130
1784016122,2026-07-14T08:02:02Z,SIA22,"52.858795,-94.224701",41000,561,130
1784016153,2026-07-14T08:02:33Z,SIA22,"52.806625,-94.123009",41000,563,130
1784016184,2026-07-14T08:03:04Z,SIA22,"52.754471,-94.021835",41000,563,130
1784016215,2026-07-14T08:03:35Z,SIA22,"52.702068,-93.920708",41000,563,130
1784016247,2026-07-14T08:04:07Z,SIA22,"52.647858,-93.816376",41000,561,130
1784016279,2026-07-14T08:04:39Z,SIA22,"52.595089,-93.715263",41000,562,130
1784016312,2026-07-14T08:05:12Z,SIA22,"52.539505,-93.609238",41000,563,130
1784016345,2026-07-14T08:05:45Z,SIA22,"52.482155,-93.50032",41000,565,130
1784016378,2026-07-14T08:06:18Z,SIA22,"52.426208,-93.394547",41000,566,130
1784016408,2026-07-14T08:06:48Z,SIA22,"52.373642,-93.295509",41000,568,130
1784016439,2026-07-14T08:07:19Z,SIA22,"52.321564,-93.197784",41000,568,131
1784016470,2026-07-14T08:07:50Z,SIA22,"52.266541,-93.09494",41000,567,131
1784016503,2026-07-14T08:08:23Z,SIA22,"52.211174,-92.99205",41000,567,131
1784016536,2026-07-14T08:08:56Z,SIA22,"52.15424,-92.886345",41000,568,131
1784016568,2026-07-14T08:09:28Z,SIA22,"52.098007,-92.7826",41000,566,131
1784016600,2026-07-14T08:10:00Z,SIA22,"52.04261,-92.680824",41000,566,131
1784016633,2026-07-14T08:10:33Z,SIA22,"51.98563,-92.57653",41000,566,131
1784016665,2026-07-14T08:11:05Z,SIA22,"51.929348,-92.473885",41000,565,131
1784016696,2026-07-14T08:11:36Z,SIA22,"51.876389,-92.377647",41000,563,131
1784016727,2026-07-14T08:12:07Z,SIA22,"51.822601,-92.280426",41000,563,131
1784016759,2026-07-14T08:12:39Z,SIA22,"51.766273,-92.179031",41000,562,131
1784016790,2026-07-14T08:13:10Z,SIA22,"51.712925,-92.083282",41000,561,131
1784016823,2026-07-14T08:13:43Z,SIA22,"51.656525,-91.982513",41000,561,132
1784016855,2026-07-14T08:14:15Z,SIA22,"51.600269,-91.882401",41000,563,132
1784016887,2026-07-14T08:14:47Z,SIA22,"51.545288,-91.784836",41000,564,132
1784016917,2026-07-14T08:15:17Z,SIA22,"51.491245,-91.689301",41000,566,132
1784016948,2026-07-14T08:15:48Z,SIA22,"51.437988,-91.595688",41000,566,132
1784016980,2026-07-14T08:16:20Z,SIA22,"51.381546,-91.496742",41000,564,132
1784017011,2026-07-14T08:16:51Z,SIA22,"51.327255,-91.401947",41000,564,132
1784017044,2026-07-14T08:17:24Z,SIA22,"51.269749,-91.30188",41000,563,132
1784017075,2026-07-14T08:17:55Z,SIA22,"51.215195,-91.207382",41000,561,132
1784017106,2026-07-14T08:18:26Z,SIA22,"51.16077,-91.11351",41000,561,132
1784017138,2026-07-14T08:18:58Z,SIA22,"51.102219,-91.012749",41000,563,132
1784017169,2026-07-14T08:19:29Z,SIA22,"51.048569,-90.920845",41000,563,132
1784017200,2026-07-14T08:20:00Z,SIA22,"50.993042,-90.826111",41000,563,132
1784017233,2026-07-14T08:20:33Z,SIA22,"50.934944,-90.72731",41000,563,132
1784017265,2026-07-14T08:21:05Z,SIA22,"50.878647,-90.632011",41000,562,133
1784017296,2026-07-14T08:21:36Z,SIA22,"50.823898,-90.539742",41000,561,133
1784017327,2026-07-14T08:22:07Z,SIA22,"50.769196,-90.447693",41000,561,133
1784017358,2026-07-14T08:22:38Z,SIA22,"50.713264,-90.35408",41000,560,133
1784017389,2026-07-14T08:23:09Z,SIA22,"50.659012,-90.263603",41000,559,133
1784017420,2026-07-14T08:23:40Z,SIA22,"50.604126,-90.17231",41000,556,133
1784017452,2026-07-14T08:24:12Z,SIA22,"50.546127,-90.076324",41000,554,133
1784017485,2026-07-14T08:24:45Z,SIA22,"50.489719,-89.983147",41000,553,133
1784017516,2026-07-14T08:25:16Z,SIA22,"50.433949,-89.895111",41000,552,135
1784017548,2026-07-14T08:25:48Z,SIA22,"50.375244,-89.805351",41000,552,135
1784017579,2026-07-14T08:26:19Z,SIA22,"50.319763,-89.719917",41000,551,135
1784017611,2026-07-14T08:26:51Z,SIA22,"50.25975,-89.627258",41000,550,135
1784017643,2026-07-14T08:27:23Z,SIA22,"50.202942,-89.539879",41000,550,135
1784017676,2026-07-14T08:27:56Z,SIA22,"50.143742,-89.449051",41000,549,135
1784017707,2026-07-14T08:28:27Z,SIA22,"50.087925,-89.363907",41000,550,135
1784017738,2026-07-14T08:28:58Z,SIA22,"50.03146,-89.278091",41000,551,135
1784017771,2026-07-14T08:29:31Z,SIA22,"49.971909,-89.187737",41000,549,135
1784017804,2026-07-14T08:30:04Z,SIA22,"49.911438,-89.096306",41000,548,135
1784017835,2026-07-14T08:30:35Z,SIA22,"49.854446,-89.010506",41000,548,135
1784017867,2026-07-14T08:31:07Z,SIA22,"49.796509,-88.923714",41000,549,135
1784017899,2026-07-14T08:31:39Z,SIA22,"49.737534,-88.835594",41000,549,135
1784017930,2026-07-14T08:32:10Z,SIA22,"49.681385,-88.751862",41000,546,136
1784017963,2026-07-14T08:32:43Z,SIA22,"49.622406,-88.664345",41000,543,136
1784017994,2026-07-14T08:33:14Z,SIA22,"49.566788,-88.582039",41000,543,136
1784018025,2026-07-14T08:33:45Z,SIA22,"49.509979,-88.49836",41000,544,136
1784018057,2026-07-14T08:34:17Z,SIA22,"49.451248,-88.412186",41000,547,136
1784018089,2026-07-14T08:34:49Z,SIA22,"49.392948,-88.326752",41000,547,136
1784018120,2026-07-14T08:35:20Z,SIA22,"49.336109,-88.243774",41000,546,136
1784018152,2026-07-14T08:35:52Z,SIA22,"49.278988,-88.160728",41000,548,136
1784018183,2026-07-14T08:36:23Z,SIA22,"49.220627,-88.076195",41000,549,136
1784018215,2026-07-14T08:36:55Z,SIA22,"49.16177,-87.991165",41000,547,136
1784018246,2026-07-14T08:37:26Z,SIA22,"49.105907,-87.910721",41000,545,136
1784018278,2026-07-14T08:37:58Z,SIA22,"49.046459,-87.8255",41000,543,136
1784018309,2026-07-14T08:38:29Z,SIA22,"48.990234,-87.745056",41000,540,136
1784018340,2026-07-14T08:39:00Z,SIA22,"48.934128,-87.665192",41000,539,136
1784018373,2026-07-14T08:39:33Z,SIA22,"48.873505,-87.579063",41000,538,136
1784018404,2026-07-14T08:40:04Z,SIA22,"48.817841,-87.500259",41000,538,136
1784018437,2026-07-14T08:40:37Z,SIA22,"48.758163,-87.416115",41000,538,136
1784018468,2026-07-14T08:41:08Z,SIA22,"48.70174,-87.336754",41000,539,137
1784018501,2026-07-14T08:41:41Z,SIA22,"48.641693,-87.252571",41000,539,137
1784018533,2026-07-14T08:42:13Z,SIA22,"48.581909,-87.169052",41000,539,137
1784018564,2026-07-14T08:42:44Z,SIA22,"48.525539,-87.090576",41000,539,137
1784018597,2026-07-14T08:43:17Z,SIA22,"48.46558,-87.007385",41000,539,137
1784018629,2026-07-14T08:43:49Z,SIA22,"48.406494,-86.925659",41000,539,137
1784018662,2026-07-14T08:44:22Z,SIA22,"48.346313,-86.842659",41000,538,137
1784018694,2026-07-14T08:44:54Z,SIA22,"48.286926,-86.761147",41000,538,137
1784018725,2026-07-14T08:45:25Z,SIA22,"48.230122,-86.683289",41000,538,137
1784018758,2026-07-14T08:45:58Z,SIA22,"48.170563,-86.601982",41000,537,137
1784018789,2026-07-14T08:46:29Z,SIA22,"48.114204,-86.52536",41000,535,137
1784018820,2026-07-14T08:47:00Z,SIA22,"48.0569,-86.447617",41000,532,137
1784018851,2026-07-14T08:47:31Z,SIA22,"47.999451,-86.369911",41000,533,137
1784018882,2026-07-14T08:48:02Z,SIA22,"47.944382,-86.295753",41000,533,137
1784018915,2026-07-14T08:48:35Z,SIA22,"47.883591,-86.213974",41000,533,137
1784018947,2026-07-14T08:49:07Z,SIA22,"47.825302,-86.13591",41000,532,138
1784018979,2026-07-14T08:49:39Z,SIA22,"47.765762,-86.056526",41000,529,138
1784019011,2026-07-14T08:50:11Z,SIA22,"47.708267,-85.979965",41000,529,138
1784019042,2026-07-14T08:50:42Z,SIA22,"47.652649,-85.906151",41000,526,138
1784019075,2026-07-14T08:51:15Z,SIA22,"47.592587,-85.826675",41000,525,138
1784019106,2026-07-14T08:51:46Z,SIA22,"47.537384,-85.753853",41000,526,138
1784019137,2026-07-14T08:52:17Z,SIA22,"47.480438,-85.679077",41000,526,138
1784019168,2026-07-14T08:52:48Z,SIA22,"47.424591,-85.605812",41000,527,138
1784019200,2026-07-14T08:53:20Z,SIA22,"47.366062,-85.529343",41000,527,138
1784019232,2026-07-14T08:53:52Z,SIA22,"47.306396,-85.451591",41000,529,138
1784019265,2026-07-14T08:54:25Z,SIA22,"47.246796,-85.374191",41000,528,138
1784019297,2026-07-14T08:54:57Z,SIA22,"47.188019,-85.298126",41000,527,138
1784019330,2026-07-14T08:55:30Z,SIA22,"47.127903,-85.220528",41000,527,138
1784019361,2026-07-14T08:56:01Z,SIA22,"47.071198,-85.147545",41000,528,138
1784019391,2026-07-14T08:56:31Z,SIA22,"47.015625,-85.076271",41000,527,138
1784019424,2026-07-14T08:57:04Z,SIA22,"46.956299,-85.000397",41000,527,138
1784019455,2026-07-14T08:57:35Z,SIA22,"46.899563,-84.928047",41000,525,138
1784019488,2026-07-14T08:58:08Z,SIA22,"46.83847,-84.850357",41000,526,138
1784019519,2026-07-14T08:58:39Z,SIA22,"46.780792,-84.777206",41000,527,138
1784019550,2026-07-14T08:59:10Z,SIA22,"46.72504,-84.706787",41000,529,139
1784019581,2026-07-14T08:59:41Z,SIA22,"46.666718,-84.633316",41000,529,139
1784019612,2026-07-14T09:00:12Z,SIA22,"46.608994,-84.56076",41025,527,139
1784019643,2026-07-14T09:00:43Z,SIA22,"46.551819,-84.489082",41000,529,139
1784019676,2026-07-14T09:01:16Z,SIA22,"46.491989,-84.414322",41000,530,139
1784019707,2026-07-14T09:01:47Z,SIA22,"46.434174,-84.340698",41025,529,136
1784019738,2026-07-14T09:02:18Z,SIA22,"46.382767,-84.261787",41000,527,130
1784019771,2026-07-14T09:02:51Z,SIA22,"46.332745,-84.171341",41000,528,128
1784019801,2026-07-14T09:03:21Z,SIA22,"46.285912,-84.087708",41000,527,129
1784019832,2026-07-14T09:03:52Z,SIA22,"46.238708,-84.003876",41000,524,129
1784019863,2026-07-14T09:04:23Z,SIA22,"46.191513,-83.919868",41000,522,129
1784019896,2026-07-14T09:04:56Z,SIA22,"46.142303,-83.83252",41000,520,129
1784019928,2026-07-14T09:05:28Z,SIA22,"46.093094,-83.745361",41000,518,129
1784019961,2026-07-14T09:06:01Z,SIA22,"46.04361,-83.658211",41000,517,129
1784019991,2026-07-14T09:06:31Z,SIA22,"45.998611,-83.578827",41000,517,129
1784020024,2026-07-14T09:07:04Z,SIA22,"45.948532,-83.491005",41000,514,129
1784020055,2026-07-14T09:07:35Z,SIA22,"45.901203,-83.40834",41000,512,129
1784020086,2026-07-14T09:08:06Z,SIA22,"45.855331,-83.328285",41000,512,129
1784020117,2026-07-14T09:08:37Z,SIA22,"45.807869,-83.245811",41000,515,129
1784020148,2026-07-14T09:09:08Z,SIA22,"45.760986,-83.164558",41000,517,129
1784020180,2026-07-14T09:09:40Z,SIA22,"45.712902,-83.08136",41000,517,129
1784020212,2026-07-14T09:10:12Z,SIA22,"45.662704,-82.994873",41000,518,129
1784020243,2026-07-14T09:10:43Z,SIA22,"45.616352,-82.915329",41000,517,129
1784020274,2026-07-14T09:11:14Z,SIA22,"45.569321,-82.834839",41000,516,129
1784020307,2026-07-14T09:11:47Z,SIA22,"45.519104,-82.749023",41000,518,129
1784020339,2026-07-14T09:12:19Z,SIA22,"45.468109,-82.662178",41000,521,129
1784020370,2026-07-14T09:12:50Z,SIA22,"45.421509,-82.583115",41000,523,129
1784020403,2026-07-14T09:13:23Z,SIA22,"45.370285,-82.496407",41000,524,130
1784020434,2026-07-14T09:13:54Z,SIA22,"45.321442,-82.413872",41000,523,130
1784020465,2026-07-14T09:14:25Z,SIA22,"45.273029,-82.332481",41000,523,130
1784020498,2026-07-14T09:14:58Z,SIA22,"45.221329,-82.245872",41000,523,130
1784020529,2026-07-14T09:15:29Z,SIA22,"45.173172,-82.165306",41000,522,130
1784020560,2026-07-14T09:16:00Z,SIA22,"45.125107,-82.085136",41000,520,130
1784020592,2026-07-14T09:16:32Z,SIA22,"45.074577,-82.001152",41000,519,130
1784020623,2026-07-14T09:17:03Z,SIA22,"45.02774,-81.923477",41000,517,130
1784020655,2026-07-14T09:17:35Z,SIA22,"44.977329,-81.840172",41000,517,130
1784020686,2026-07-14T09:18:06Z,SIA22,"44.929195,-81.760857",41000,517,130
1784020717,2026-07-14T09:18:37Z,SIA22,"44.88134,-81.682144",41000,517,130
1784020748,2026-07-14T09:19:08Z,SIA22,"44.833389,-81.603432",41000,518,130
1784020779,2026-07-14T09:19:39Z,SIA22,"44.78421,-81.523132",41000,517,130
1784020811,2026-07-14T09:20:11Z,SIA22,"44.734039,-81.441452",41000,516,130
1784020842,2026-07-14T09:20:42Z,SIA22,"44.686707,-81.364487",41000,516,130
1784020874,2026-07-14T09:21:14Z,SIA22,"44.635849,-81.282021",41000,515,130
1784020907,2026-07-14T09:21:47Z,SIA22,"44.58522,-81.200287",41000,514,130
1784020940,2026-07-14T09:22:20Z,SIA22,"44.533951,-81.117622",41000,516,130
1784020971,2026-07-14T09:22:51Z,SIA22,"44.485245,-81.039345",41000,517,131
1784021003,2026-07-14T09:23:23Z,SIA22,"44.434063,-80.957382",41000,516,131
1784021034,2026-07-14T09:23:54Z,SIA22,"44.385223,-80.879318",41000,516,131
1784021065,2026-07-14T09:24:25Z,SIA22,"44.337097,-80.802704",41000,515,131
1784021097,2026-07-14T09:24:57Z,SIA22,"44.286678,-80.722511",41000,513,131
1784021128,2026-07-14T09:25:28Z,SIA22,"44.238464,-80.646255",41000,512,131
1784021161,2026-07-14T09:26:01Z,SIA22,"44.18771,-80.565948",41000,510,131
1784021191,2026-07-14T09:26:31Z,SIA22,"44.139862,-80.49057",41000,512,131
1784021224,2026-07-14T09:27:04Z,SIA22,"44.089783,-80.411873",41000,513,131
1784021254,2026-07-14T09:27:34Z,SIA22,"44.041626,-80.336441",40875,512,131
1784021286,2026-07-14T09:28:06Z,SIA22,"43.991493,-80.258003",40350,512,131
1784021318,2026-07-14T09:28:38Z,SIA22,"43.941589,-80.180382",39825,505,131
1784021350,2026-07-14T09:29:10Z,SIA22,"43.89093,-80.101379",39300,512,131
1784021382,2026-07-14T09:29:42Z,SIA22,"43.839981,-80.022629",38750,511,131
1784021415,2026-07-14T09:30:15Z,SIA22,"43.789307,-79.944313",38250,514,131
1784021446,2026-07-14T09:30:46Z,SIA22,"43.739273,-79.867157",37725,516,131
1784021478,2026-07-14T09:31:18Z,SIA22,"43.687553,-79.787621",37200,521,132
1784021511,2026-07-14T09:31:51Z,SIA22,"43.635506,-79.707771",36675,525,131
1784021541,2026-07-14T09:32:21Z,SIA22,"43.586426,-79.632614",36175,523,132
1784021573,2026-07-14T09:32:53Z,SIA22,"43.533829,-79.552574",35650,528,132
1784021606,2026-07-14T09:33:26Z,SIA22,"43.481003,-79.472221",35100,526,132
1784021638,2026-07-14T09:33:58Z,SIA22,"43.429184,-79.393784",34575,520,132
1784021670,2026-07-14T09:34:30Z,SIA22,"43.377136,-79.315094",34025,512,132
1784021702,2026-07-14T09:35:02Z,SIA22,"43.326866,-79.239479",33525,506,132
1784021732,2026-07-14T09:35:32Z,SIA22,"43.278854,-79.16716",33025,500,132
1784021764,2026-07-14T09:36:04Z,SIA22,"43.230057,-79.093964",33000,496,132
1784021796,2026-07-14T09:36:36Z,SIA22,"43.179199,-79.017891",33000,496,132
1784021827,2026-07-14T09:37:07Z,SIA22,"43.132278,-78.947754",33000,496,132
1784021859,2026-07-14T09:37:39Z,SIA22,"43.082886,-78.874107",33000,496,132
1784021891,2026-07-14T09:38:11Z,SIA22,"43.031937,-78.798607",33000,494,132
1784021924,2026-07-14T09:38:44Z,SIA22,"42.984707,-78.722466",33000,491,126
1784021941,2026-07-14T09:39:01Z,SIA22,"42.962456,-78.677345",33000,489,119
1784021943,2026-07-14T09:39:03Z,SIA22,"42.960022,-78.67131",33000,489,118
1784021946,2026-07-14T09:39:06Z,SIA22,"42.957565,-78.664726",33000,489,116
1784021948,2026-07-14T09:39:08Z,SIA22,"42.955799,-78.659821",33000,488,115
1784021950,2026-07-14T09:39:10Z,SIA22,"42.953705,-78.653618",33000,487,113
1784021952,2026-07-14T09:39:12Z,SIA22,"42.951561,-78.646805",33000,486,112
1784021955,2026-07-14T09:39:15Z,SIA22,"42.949905,-78.641159",33000,486,110
1784021957,2026-07-14T09:39:17Z,SIA22,"42.948212,-78.634903",33000,486,109
1784021959,2026-07-14T09:39:19Z,SIA22,"42.946426,-78.627747",33000,485,107
1784021961,2026-07-14T09:39:21Z,SIA22,"42.945091,-78.621895",33000,485,106
1784021963,2026-07-14T09:39:23Z,SIA22,"42.9436,-78.614891",33000,484,105
1784021965,2026-07-14T09:39:25Z,SIA22,"42.942486,-78.60894",33000,484,104
1784021968,2026-07-14T09:39:28Z,SIA22,"42.941345,-78.602577",33000,484,103
1784021970,2026-07-14T09:39:30Z,SIA22,"42.940384,-78.596893",33000,483,102
1784021972,2026-07-14T09:39:32Z,SIA22,"42.939087,-78.588997",33000,484,102
1784021974,2026-07-14T09:39:34Z,SIA22,"42.938141,-78.58284",33000,483,102
1784021976,2026-07-14T09:39:36Z,SIA22,"42.937176,-78.576836",33000,484,102
1784021979,2026-07-14T09:39:39Z,SIA22,"42.935898,-78.568726",33000,484,102
1784021981,2026-07-14T09:39:41Z,SIA22,"42.934937,-78.562782",33000,485,102
1784021983,2026-07-14T09:39:43Z,SIA22,"42.934013,-78.556824",33000,485,102
1784022015,2026-07-14T09:40:15Z,SIA22,"42.917313,-78.461418",33000,488,103
1784022048,2026-07-14T09:40:48Z,SIA22,"42.899506,-78.363182",33000,489,103
1784022080,2026-07-14T09:41:20Z,SIA22,"42.882156,-78.265327",33000,490,103
1784022111,2026-07-14T09:41:51Z,SIA22,"42.866135,-78.174812",33000,488,103
1784022143,2026-07-14T09:42:23Z,SIA22,"42.84882,-78.077347",33000,486,103
1784022175,2026-07-14T09:42:55Z,SIA22,"42.832352,-77.985489",32875,484,103
1784022205,2026-07-14T09:43:25Z,SIA22,"42.81628,-77.896339",32375,473,103
1784022237,2026-07-14T09:43:57Z,SIA22,"42.799477,-77.803261",31850,470,103
1784022269,2026-07-14T09:44:29Z,SIA22,"42.783089,-77.713005",31325,469,103
1784022302,2026-07-14T09:45:02Z,SIA22,"42.76561,-77.61747",30775,466,103
1784022333,2026-07-14T09:45:33Z,SIA22,"42.74971,-77.530769",30250,465,104
1784022365,2026-07-14T09:46:05Z,SIA22,"42.732513,-77.437759",29725,462,104
1784022396,2026-07-14T09:46:36Z,SIA22,"42.716801,-77.352882",29225,462,104
1784022429,2026-07-14T09:47:09Z,SIA22,"42.699669,-77.260712",28675,455,104
1784022461,2026-07-14T09:47:41Z,SIA22,"42.683281,-77.17321",28150,449,104
1784022493,2026-07-14T09:48:13Z,SIA22,"42.666615,-77.084419",27600,448,104
1784022524,2026-07-14T09:48:44Z,SIA22,"42.650742,-77.000046",27100,447,104
1784022556,2026-07-14T09:49:16Z,SIA22,"42.634415,-76.914223",27000,439,104
1784022588,2026-07-14T09:49:48Z,SIA22,"42.617924,-76.827713",27000,439,104
1784022620,2026-07-14T09:50:20Z,SIA22,"42.60173,-76.743057",27000,439,104
1784022652,2026-07-14T09:50:52Z,SIA22,"42.585941,-76.661064",27000,439,104
1784022682,2026-07-14T09:51:22Z,SIA22,"42.570019,-76.578476",27000,439,104
1784022713,2026-07-14T09:51:53Z,SIA22,"42.554287,-76.497353",27000,438,104
1784022745,2026-07-14T09:52:25Z,SIA22,"42.537525,-76.411255",26975,438,104
1784022776,2026-07-14T09:52:56Z,SIA22,"42.518719,-76.3302",26475,436,111
1784022807,2026-07-14T09:53:27Z,SIA22,"42.493301,-76.255211",25975,435,117
1784022840,2026-07-14T09:54:00Z,SIA22,"42.459736,-76.17907",25425,430,121
1784022870,2026-07-14T09:54:30Z,SIA22,"42.42799,-76.109001",24925,422,121
1784022901,2026-07-14T09:55:01Z,SIA22,"42.396847,-76.040207",24400,420,121
1784022934,2026-07-14T09:55:34Z,SIA22,"42.36356,-75.96714",23850,419,121
1784022965,2026-07-14T09:56:05Z,SIA22,"42.332336,-75.898926",23150,412,121
1784022995,2026-07-14T09:56:35Z,SIA22,"42.302032,-75.832695",22125,410,121
1784023027,2026-07-14T09:57:07Z,SIA22,"42.270264,-75.763657",21375,398,121
1784023058,2026-07-14T09:57:38Z,SIA22,"42.240417,-75.698669",20600,390,121
1784023089,2026-07-14T09:58:09Z,SIA22,"42.210571,-75.633881",19650,387,121
1784023120,2026-07-14T09:58:40Z,SIA22,"42.182327,-75.573143",19075,373,122
1784023151,2026-07-14T09:59:11Z,SIA22,"42.154354,-75.512672",18300,366,121
1784023184,2026-07-14T09:59:44Z,SIA22,"42.124878,-75.44886",18000,369,121
1784023216,2026-07-14T10:00:16Z,SIA22,"42.095745,-75.3862",18000,366,122
1784023248,2026-07-14T10:00:48Z,SIA22,"42.066742,-75.32383",18000,367,121
1784023280,2026-07-14T10:01:20Z,SIA22,"42.041325,-75.258453",18000,365,116
1784023313,2026-07-14T10:01:53Z,SIA22,"42.016933,-75.193428",18000,365,116
1784023343,2026-07-14T10:02:23Z,SIA22,"41.994278,-75.133247",18000,366,116
1784023375,2026-07-14T10:02:55Z,SIA22,"41.969696,-75.068581",18000,346,117
1784023407,2026-07-14T10:03:27Z,SIA22,"41.946899,-75.00872",18000,339,116
1784023430,2026-07-14T10:03:50Z,SIA22,"41.930145,-74.968452",17625,342,127
1784023432,2026-07-14T10:03:52Z,SIA22,"41.92717,-74.963585",17525,344,130
1784023434,2026-07-14T10:03:54Z,SIA22,"41.924946,-74.960289",17425,345,133
1784023436,2026-07-14T10:03:56Z,SIA22,"41.922153,-74.95652",17325,348,136
1784023438,2026-07-14T10:03:58Z,SIA22,"41.919964,-74.953773",17250,349,138
1784023440,2026-07-14T10:04:00Z,SIA22,"41.91703,-74.950394",17150,349,139
1784023443,2026-07-14T10:04:03Z,SIA22,"41.914749,-74.947838",17050,350,140
1784023445,2026-07-14T10:04:05Z,SIA22,"41.911789,-74.944672",16950,351,141
1784023447,2026-07-14T10:04:07Z,SIA22,"41.908768,-74.941368",16850,350,141
1784023449,2026-07-14T10:04:09Z,SIA22,"41.906204,-74.938683",16750,351,141
1784023451,2026-07-14T10:04:11Z,SIA22,"41.903641,-74.935997",16650,351,141
1784023453,2026-07-14T10:04:13Z,SIA22,"41.900574,-74.932747",16550,351,141
1784023456,2026-07-14T10:04:16Z,SIA22,"41.898132,-74.930206",16475,350,141
1784023458,2026-07-14T10:04:18Z,SIA22,"41.895264,-74.927193",16375,350,141
1784023460,2026-07-14T10:04:20Z,SIA22,"41.892426,-74.924133",16250,350,141
1784023492,2026-07-14T10:04:52Z,SIA22,"41.853195,-74.880066",14950,340,139
1784023524,2026-07-14T10:05:24Z,SIA22,"41.815155,-74.836555",13750,334,139
1784023556,2026-07-14T10:05:56Z,SIA22,"41.777935,-74.79454",12750,322,139
1784023589,2026-07-14T10:06:29Z,SIA22,"41.741016,-74.75264",11525,314,139
1784023604,2026-07-14T10:06:44Z,SIA22,"41.724167,-74.733604",10975,311,139
1784023619,2026-07-14T10:06:59Z,SIA22,"41.708221,-74.715767",10425,313,140
1784023632,2026-07-14T10:07:12Z,SIA22,"41.693527,-74.699226",10000,312,139
1784023645,2026-07-14T10:07:25Z,SIA22,"41.678879,-74.682808",9650,308,139
1784023659,2026-07-14T10:07:39Z,SIA22,"41.662994,-74.66494",9400,305,139
1784023672,2026-07-14T10:07:52Z,SIA22,"41.649403,-74.649544",9125,304,139
1784023685,2026-07-14T10:08:05Z,SIA22,"41.635712,-74.634056",8800,305,139
1784023698,2026-07-14T10:08:18Z,SIA22,"41.62138,-74.618439",8450,306,143
1784023704,2026-07-14T10:08:24Z,SIA22,"41.613743,-74.611862",8275,307,150
1784023707,2026-07-14T10:08:27Z,SIA22,"41.611229,-74.610069",8225,307,153
1784023709,2026-07-14T10:08:29Z,SIA22,"41.608063,-74.608032",8150,306,155
1784023711,2026-07-14T10:08:31Z,SIA22,"41.605782,-74.60675",8100,305,157
1784023713,2026-07-14T10:08:33Z,SIA22,"41.603035,-74.605278",8050,306,159
1784023715,2026-07-14T10:08:35Z,SIA22,"41.599731,-74.603661",7975,306,159
1784023718,2026-07-14T10:08:38Z,SIA22,"41.596195,-74.601959",7900,306,160
1784023720,2026-07-14T10:08:40Z,SIA22,"41.593094,-74.600479",7850,307,160
1784023722,2026-07-14T10:08:42Z,SIA22,"41.590515,-74.599274",7775,307,160
1784023724,2026-07-14T10:08:44Z,SIA22,"41.587738,-74.597977",7725,307,160
1784023727,2026-07-14T10:08:47Z,SIA22,"41.584183,-74.596336",7650,307,160
1784023729,2026-07-14T10:08:49Z,SIA22,"41.581715,-74.595123",7625,308,160
1784023731,2026-07-14T10:08:51Z,SIA22,"41.57827,-74.59346",7550,308,159
1784023733,2026-07-14T10:08:53Z,SIA22,"41.576221,-74.592438",7525,307,159
1784023746,2026-07-14T10:09:06Z,SIA22,"41.559677,-74.584",7375,300,158
1784023759,2026-07-14T10:09:19Z,SIA22,"41.542194,-74.574745",7225,293,158
1784023772,2026-07-14T10:09:32Z,SIA22,"41.52626,-74.566269",6975,294,158
1784023787,2026-07-14T10:09:47Z,SIA22,"41.507401,-74.556221",6850,292,158
1784023801,2026-07-14T10:10:01Z,SIA22,"41.488358,-74.546165",6850,292,158
1784023814,2026-07-14T10:10:14Z,SIA22,"41.472244,-74.537804",6850,292,158
1784023827,2026-07-14T10:10:27Z,SIA22,"41.4557,-74.529205",6850,294,158
1784023840,2026-07-14T10:10:40Z,SIA22,"41.43959,-74.520836",6850,293,158
1784023853,2026-07-14T10:10:53Z,SIA22,"41.423344,-74.512405",6850,291,158
1784023866,2026-07-14T10:11:06Z,SIA22,"41.407516,-74.504219",6850,291,158
1784023881,2026-07-14T10:11:21Z,SIA22,"41.389084,-74.494652",6850,288,158
1784023893,2026-07-14T10:11:33Z,SIA22,"41.372837,-74.486244",6850,288,158
1784023906,2026-07-14T10:11:46Z,SIA22,"41.357071,-74.478088",6850,289,158
1784023919,2026-07-14T10:11:59Z,SIA22,"41.341228,-74.469948",6850,290,158
1784023932,2026-07-14T10:12:12Z,SIA22,"41.325119,-74.461647",6850,291,158
1784023947,2026-07-14T10:12:27Z,SIA22,"41.306454,-74.452034",6850,292,159
1784023955,2026-07-14T10:12:35Z,SIA22,"41.294952,-74.447388",6850,291,168
1784023958,2026-07-14T10:12:38Z,SIA22,"41.291794,-74.446655",6850,290,172
1784023960,2026-07-14T10:12:40Z,SIA22,"41.289001,-74.44635",6850,290,176
1784023962,2026-07-14T10:12:42Z,SIA22,"41.286301,-74.446228",6850,290,180
1784023964,2026-07-14T10:12:44Z,SIA22,"41.283005,-74.44635",6850,289,183
1784023966,2026-07-14T10:12:46Z,SIA22,"41.279984,-74.446716",6825,288,185
1784023968,2026-07-14T10:12:48Z,SIA22,"41.277542,-74.447105",6825,287,187
1784023971,2026-07-14T10:12:51Z,SIA22,"41.274902,-74.447571",6800,287,188
1784023973,2026-07-14T10:12:53Z,SIA22,"41.271561,-74.448242",6750,287,187
1784023975,2026-07-14T10:12:55Z,SIA22,"41.268887,-74.448662",6700,288,187
1784023977,2026-07-14T10:12:57Z,SIA22,"41.266232,-74.449104",6650,289,185
1784023979,2026-07-14T10:12:59Z,SIA22,"41.263046,-74.449463",6600,289,184
1784023981,2026-07-14T10:13:01Z,SIA22,"41.259945,-74.449661",6525,290,182
1784023984,2026-07-14T10:13:04Z,SIA22,"41.257553,-74.449768",6475,290,180
1784023986,2026-07-14T10:13:06Z,SIA22,"41.254314,-74.449791",6425,291,179
1784023988,2026-07-14T10:13:08Z,SIA22,"41.251427,-74.44973",6350,292,178
1784023990,2026-07-14T10:13:10Z,SIA22,"41.248947,-74.449585",6300,292,177
1784023992,2026-07-14T10:13:12Z,SIA22,"41.246029,-74.449348",6225,292,176
1784023994,2026-07-14T10:13:14Z,SIA22,"41.242767,-74.449036",6175,293,175
1784023996,2026-07-14T10:13:16Z,SIA22,"41.240349,-74.448792",6125,293,175
1784023998,2026-07-14T10:13:18Z,SIA22,"41.236996,-74.448418",6050,295,174
1784024000,2026-07-14T10:13:20Z,SIA22,"41.234062,-74.448044",5975,295,174
1784024003,2026-07-14T10:13:23Z,SIA22,"41.231876,-74.447792",5950,296,174
1784024005,2026-07-14T10:13:25Z,SIA22,"41.228477,-74.447418",5875,296,174
1784024007,2026-07-14T10:13:27Z,SIA22,"41.225647,-74.447083",5825,296,174
1784024009,2026-07-14T10:13:29Z,SIA22,"41.222706,-74.446732",5775,296,174
1784024024,2026-07-14T10:13:44Z,SIA22,"41.203152,-74.444237",5450,295,174
1784024036,2026-07-14T10:13:56Z,SIA22,"41.186096,-74.441895",5175,293,173
1784024051,2026-07-14T10:14:11Z,SIA22,"41.166004,-74.438927",4900,291,173
1784024059,2026-07-14T10:14:19Z,SIA22,"41.155014,-74.437256",4825,289,173
1784024067,2026-07-14T10:14:27Z,SIA22,"41.144356,-74.435684",4825,287,173
1784024076,2026-07-14T10:14:36Z,SIA22,"41.132488,-74.433868",4825,288,173
1784024084,2026-07-14T10:14:44Z,SIA22,"41.121735,-74.432312",4825,290,173
1784024093,2026-07-14T10:14:53Z,SIA22,"41.110336,-74.430603",4825,291,173
1784024099,2026-07-14T10:14:59Z,SIA22,"41.101948,-74.429375",4825,291,173
1784024107,2026-07-14T10:15:07Z,SIA22,"41.090378,-74.427612",4825,292,172
1784024111,2026-07-14T10:15:11Z,SIA22,"41.085114,-74.426453",4825,292,167
1784024114,2026-07-14T10:15:14Z,SIA22,"41.082165,-74.425568",4825,292,164
1784024116,2026-07-14T10:15:16Z,SIA22,"41.079464,-74.424507",4825,292,161
1784024118,2026-07-14T10:15:18Z,SIA22,"41.076828,-74.423218",4825,292,158
1784024120,2026-07-14T10:15:20Z,SIA22,"41.074062,-74.421638",4825,292,154
1784024122,2026-07-14T10:15:22Z,SIA22,"41.071365,-74.419762",4825,291,150
1784024124,2026-07-14T10:15:24Z,SIA22,"41.068619,-74.417519",4825,291,146
1784024126,2026-07-14T10:15:26Z,SIA22,"41.066483,-74.415527",4825,291,142
1784024129,2026-07-14T10:15:29Z,SIA22,"41.064789,-74.413818",4825,290,139
1784024131,2026-07-14T10:15:31Z,SIA22,"41.062286,-74.410835",4825,289,135
1784024133,2026-07-14T10:15:33Z,SIA22,"41.060051,-74.407776",4825,289,132
1784024135,2026-07-14T10:15:35Z,SIA22,"41.05838,-74.405212",4825,288,129
1784024137,2026-07-14T10:15:37Z,SIA22,"41.056698,-74.402283",4825,288,126
1784024139,2026-07-14T10:15:39Z,SIA22,"41.055222,-74.399536",4825,287,124
1784024141,2026-07-14T10:15:41Z,SIA22,"41.053436,-74.395935",4825,286,122
1784024143,2026-07-14T10:15:43Z,SIA22,"41.052139,-74.393173",4825,285,120
1784024146,2026-07-14T10:15:46Z,SIA22,"41.05069,-74.389771",4825,284,119
1784024148,2026-07-14T10:15:48Z,SIA22,"41.049343,-74.38662",4825,283,118
1784024150,2026-07-14T10:15:50Z,SIA22,"41.047993,-74.383308",4825,283,118
1784024152,2026-07-14T10:15:52Z,SIA22,"41.046799,-74.380371",4825,282,117
1784024154,2026-07-14T10:15:54Z,SIA22,"41.04562,-74.377441",4825,282,117
1784024156,2026-07-14T10:15:56Z,SIA22,"41.044098,-74.373535",4825,281,117
1784024158,2026-07-14T10:15:58Z,SIA22,"41.042953,-74.370728",4825,282,117
1784024160,2026-07-14T10:16:00Z,SIA22,"41.041801,-74.367767",4825,282,117
1784024162,2026-07-14T10:16:02Z,SIA22,"41.040527,-74.364624",4825,282,117
1784024164,2026-07-14T10:16:04Z,SIA22,"41.039196,-74.361336",4825,281,117
1784024166,2026-07-14T10:16:06Z,SIA22,"41.037891,-74.358025",4825,280,118
1784024168,2026-07-14T10:16:08Z,SIA22,"41.036636,-74.355042",4825,278,118
1784024171,2026-07-14T10:16:11Z,SIA22,"41.035427,-74.352036",4825,276,117
1784024173,2026-07-14T10:16:13Z,SIA22,"41.034077,-74.348663",4825,275,117
1784024179,2026-07-14T10:16:19Z,SIA22,"41.030319,-74.339233",4825,270,117
1784024187,2026-07-14T10:16:27Z,SIA22,"41.02565,-74.327759",4750,263,118
1784024194,2026-07-14T10:16:34Z,SIA22,"41.021759,-74.318115",4675,259,118
1784024202,2026-07-14T10:16:42Z,SIA22,"41.017132,-74.306717",4525,255,118
1784024210,2026-07-14T10:16:50Z,SIA22,"41.012615,-74.29554",4325,253,117
1784024219,2026-07-14T10:16:59Z,SIA22,"41.008099,-74.284248",4100,253,117
1784024225,2026-07-14T10:17:05Z,SIA22,"41.0047,-74.275696",3975,253,117
1784024233,2026-07-14T10:17:13Z,SIA22,"41.000046,-74.263954",3850,251,117
1784024241,2026-07-14T10:17:21Z,SIA22,"40.995762,-74.253036",3825,246,117
1784024250,2026-07-14T10:17:30Z,SIA22,"40.991573,-74.242424",3825,239,117
1784024258,2026-07-14T10:17:38Z,SIA22,"40.987106,-74.231018",3825,238,117
1784024266,2026-07-14T10:17:46Z,SIA22,"40.983101,-74.220825",3800,241,117
1784024275,2026-07-14T10:17:55Z,SIA22,"40.978584,-74.209274",3825,243,117
1784024281,2026-07-14T10:18:01Z,SIA22,"40.975296,-74.200989",3825,244,117
1784024289,2026-07-14T10:18:09Z,SIA22,"40.971043,-74.190109",3800,242,117
1784024298,2026-07-14T10:18:18Z,SIA22,"40.966873,-74.179321",3825,243,117
1784024304,2026-07-14T10:18:24Z,SIA22,"40.963501,-74.170761",3825,243,117
1784024312,2026-07-14T10:18:32Z,SIA22,"40.959412,-74.160095",3825,244,116
1784024321,2026-07-14T10:18:41Z,SIA22,"40.954971,-74.148376",3825,243,116
1784024329,2026-07-14T10:18:49Z,SIA22,"40.950806,-74.137451",3825,243,117
1784024335,2026-07-14T10:18:55Z,SIA22,"40.947582,-74.129875",3825,237,120
1784024337,2026-07-14T10:18:57Z,SIA22,"40.946411,-74.127258",3800,235,122
1784024339,2026-07-14T10:18:59Z,SIA22,"40.944946,-74.124329",3800,231,123
1784024341,2026-07-14T10:19:01Z,SIA22,"40.943848,-74.122131",3800,229,123
1784024343,2026-07-14T10:19:03Z,SIA22,"40.942646,-74.119888",3800,225,124
1784024345,2026-07-14T10:19:05Z,SIA22,"40.941513,-74.117676",3825,221,124
1784024348,2026-07-14T10:19:08Z,SIA22,"40.940086,-74.114952",3825,219,125
1784024350,2026-07-14T10:19:10Z,SIA22,"40.938877,-74.112831",3825,215,127
1784024352,2026-07-14T10:19:12Z,SIA22,"40.937759,-74.110901",3825,212,129
1784024354,2026-07-14T10:19:14Z,SIA22,"40.936131,-74.108528",3825,210,132
1784024356,2026-07-14T10:19:16Z,SIA22,"40.934738,-74.106567",3825,208,135
1784024358,2026-07-14T10:19:18Z,SIA22,"40.933334,-74.104843",3800,208,137
1784024360,2026-07-14T10:19:20Z,SIA22,"40.931988,-74.103157",3800,208,138
1784024362,2026-07-14T10:19:22Z,SIA22,"40.930573,-74.101624",3775,208,140
1784024364,2026-07-14T10:19:24Z,SIA22,"40.928925,-74.099854",3750,207,141
1784024366,2026-07-14T10:19:26Z,SIA22,"40.927368,-74.098267",3725,208,142
1784024368,2026-07-14T10:19:28Z,SIA22,"40.925888,-74.096794",3700,208,143
1784024370,2026-07-14T10:19:30Z,SIA22,"40.924026,-74.094978",3650,207,143
1784024372,2026-07-14T10:19:32Z,SIA22,"40.922489,-74.093483",3625,207,144
1784024374,2026-07-14T10:19:34Z,SIA22,"40.920914,-74.092041",3600,206,145
1784024376,2026-07-14T10:19:36Z,SIA22,"40.919418,-74.090675",3550,206,147
1784024379,2026-07-14T10:19:39Z,SIA22,"40.917789,-74.089363",3525,205,149
1784024381,2026-07-14T10:19:41Z,SIA22,"40.916107,-74.088135",3500,203,153
1784024383,2026-07-14T10:19:43Z,SIA22,"40.914001,-74.086853",3450,202,157
1784024385,2026-07-14T10:19:45Z,SIA22,"40.912621,-74.086113",3425,202,160
1784024387,2026-07-14T10:19:47Z,SIA22,"40.910385,-74.085205",3375,201,163
1784024389,2026-07-14T10:19:49Z,SIA22,"40.908691,-74.084534",3350,201,165
1784024391,2026-07-14T10:19:51Z,SIA22,"40.90686,-74.083984",3300,200,168
1784024393,2026-07-14T10:19:53Z,SIA22,"40.905029,-74.083557",3275,200,169
1784024395,2026-07-14T10:19:55Z,SIA22,"40.903355,-74.083122",3225,200,170
1784024397,2026-07-14T10:19:57Z,SIA22,"40.901543,-74.082748",3175,201,171
1784024399,2026-07-14T10:19:59Z,SIA22,"40.899261,-74.082375",3125,200,172
1784024401,2026-07-14T10:20:01Z,SIA22,"40.897305,-74.081993",3100,201,172
1784024403,2026-07-14T10:20:03Z,SIA22,"40.89563,-74.081688",3050,201,172
1784024405,2026-07-14T10:20:05Z,SIA22,"40.893394,-74.081306",2975,202,172
1784024407,2026-07-14T10:20:07Z,SIA22,"40.891533,-74.081001",2925,202,172
1784024409,2026-07-14T10:20:09Z,SIA22,"40.889648,-74.080688",2875,203,172
1784024411,2026-07-14T10:20:11Z,SIA22,"40.887634,-74.080322",2825,203,172
1784024413,2026-07-14T10:20:13Z,SIA22,"40.886124,-74.080078",2800,203,172
1784024415,2026-07-14T10:20:15Z,SIA22,"40.88427,-74.07975",2750,203,172
1784024418,2026-07-14T10:20:18Z,SIA22,"40.88237,-74.079346",2700,205,171
1784024420,2026-07-14T10:20:20Z,SIA22,"40.880493,-74.079041",2650,205,171
1784024422,2026-07-14T10:20:22Z,SIA22,"40.878571,-74.078613",2625,205,171
1784024428,2026-07-14T10:20:28Z,SIA22,"40.872353,-74.077377",2475,206,171
1784024436,2026-07-14T10:20:36Z,SIA22,"40.864609,-74.075745",2350,205,170
1784024444,2026-07-14T10:20:44Z,SIA22,"40.856945,-74.074066",2325,202,170
1784024451,2026-07-14T10:20:51Z,SIA22,"40.851425,-74.073059",2300,198,174
1784024453,2026-07-14T10:20:53Z,SIA22,"40.849075,-74.072823",2300,198,176
1784024455,2026-07-14T10:20:55Z,SIA22,"40.847309,-74.072762",2325,197,180
1784024457,2026-07-14T10:20:57Z,SIA22,"40.845337,-74.072815",2325,197,182
1784024459,2026-07-14T10:20:59Z,SIA22,"40.843582,-74.072945",2300,196,184
1784024461,2026-07-14T10:21:01Z,SIA22,"40.841812,-74.073242",2300,195,187
1784024463,2026-07-14T10:21:03Z,SIA22,"40.839718,-74.073692",2300,195,190
1784024465,2026-07-14T10:21:05Z,SIA22,"40.837811,-74.074196",2300,194,192
1784024467,2026-07-14T10:21:07Z,SIA22,"40.836136,-74.074768",2300,192,195
1784024469,2026-07-14T10:21:09Z,SIA22,"40.834579,-74.075378",2300,192,197
1784024471,2026-07-14T10:21:11Z,SIA22,"40.83252,-74.076294",2300,191,199
1784024473,2026-07-14T10:21:13Z,SIA22,"40.831009,-74.077026",2300,190,201
1784024476,2026-07-14T10:21:16Z,SIA22,"40.829479,-74.077812",2300,190,202
1784024478,2026-07-14T10:21:18Z,SIA22,"40.827759,-74.078796",2300,189,203
1784024480,2026-07-14T10:21:20Z,SIA22,"40.825836,-74.079895",2300,190,204
1784024482,2026-07-14T10:21:22Z,SIA22,"40.824554,-74.080688",2300,189,205
1784024484,2026-07-14T10:21:24Z,SIA22,"40.822906,-74.081726",2300,190,205
1784024486,2026-07-14T10:21:26Z,SIA22,"40.82103,-74.082947",2300,189,206
1784024488,2026-07-14T10:21:28Z,SIA22,"40.819378,-74.083992",2300,189,206
1784024490,2026-07-14T10:21:30Z,SIA22,"40.817795,-74.085052",2300,190,206
1784024492,2026-07-14T10:21:32Z,SIA22,"40.816223,-74.08606",2300,190,206
1784024494,2026-07-14T10:21:34Z,SIA22,"40.814629,-74.087112",2300,190,206
1784024496,2026-07-14T10:21:36Z,SIA22,"40.813202,-74.088074",2300,190,206
1784024498,2026-07-14T10:21:38Z,SIA22,"40.811325,-74.089294",2275,191,206
1784024500,2026-07-14T10:21:40Z,SIA22,"40.809769,-74.090332",2250,191,206
1784024502,2026-07-14T10:21:42Z,SIA22,"40.807831,-74.091545",2200,192,206
1784024511,2026-07-14T10:21:51Z,SIA22,"40.801453,-74.095665",2075,189,205
1784024519,2026-07-14T10:21:59Z,SIA22,"40.794891,-74.099792",1925,184,205
1784024527,2026-07-14T10:22:07Z,SIA22,"40.788391,-74.103821",1775,182,205
1784024536,2026-07-14T10:22:16Z,SIA22,"40.782211,-74.107666",1650,176,205
1784024544,2026-07-14T10:22:24Z,SIA22,"40.775848,-74.111649",1550,165,205
1784024553,2026-07-14T10:22:33Z,SIA22,"40.770264,-74.115143",1425,157,205
1784024559,2026-07-14T10:22:39Z,SIA22,"40.766308,-74.117638",1325,151,206
1784024567,2026-07-14T10:22:47Z,SIA22,"40.761185,-74.120949",1225,144,205
1784024576,2026-07-14T10:22:56Z,SIA22,"40.756302,-74.124084",1100,136,206
1784024582,2026-07-14T10:23:02Z,SIA22,"40.752731,-74.126343",1025,131,206
1784024584,2026-07-14T10:23:04Z,SIA22,"40.751495,-74.127197",1000,130,205
1784024586,2026-07-14T10:23:06Z,SIA22,"40.750168,-74.127991",975,128,205
1784024588,2026-07-14T10:23:08Z,SIA22,"40.749081,-74.128685",950,128,205
1784024591,2026-07-14T10:23:11Z,SIA22,"40.748104,-74.129311",925,127,205
1784024593,2026-07-14T10:23:13Z,SIA22,"40.74678,-74.130188",900,127,205
1784024595,2026-07-14T10:23:15Z,SIA22,"40.745686,-74.130875",900,126,205
1784024602,2026-07-14T10:23:22Z,SIA22,"40.742203,-74.133118",825,124,205
1784024609,2026-07-14T10:23:29Z,SIA22,"40.73856,-74.135429",750,122,206
1784024617,2026-07-14T10:23:37Z,SIA22,"40.734093,-74.138367",650,124,205
1784024624,2026-07-14T10:23:44Z,SIA22,"40.730602,-74.140549",575,124,205
1784024632,2026-07-14T10:23:52Z,SIA22,"40.726364,-74.143234",500,125,205
1784024639,2026-07-14T10:23:59Z,SIA22,"40.722828,-74.145546",425,125,205
1784024647,2026-07-14T10:24:07Z,SIA22,"40.718403,-74.148354",325,124,205
1784024654,2026-07-14T10:24:14Z,SIA22,"40.715145,-74.150414",250,125,205
1784024661,2026-07-14T10:24:21Z,SIA22,"40.711514,-74.152718",175,126,205
1784024669,2026-07-14T10:24:29Z,SIA22,"40.707417,-74.155342",100,127,206
1784024678,2026-07-14T10:24:38Z,SIA22,"40.70256,-74.158386",0,125,206
1784024684,2026-07-14T10:24:44Z,SIA22,"40.699551,-74.160339",0,128,206
1784024692,2026-07-14T10:24:52Z,SIA22,"40.695084,-74.163147",0,128,206
1784024699,2026-07-14T10:24:59Z,SIA22,"40.69162,-74.165344",0,111,206
1784024706,2026-07-14T10:25:06Z,SIA22,"40.688995,-74.167015",0,77,205
1784024716,2026-07-14T10:25:16Z,SIA22,"40.68623,-74.168793",0,45,205
1784024719,2026-07-14T10:25:19Z,SIA22,"40.68586,-74.169151",0,33,212
1784024722,2026-07-14T10:25:22Z,SIA22,"40.685631,-74.169518",0,25,228
1784024727,2026-07-14T10:25:27Z,SIA22,"40.685375,-74.169937",0,25,231
1784024729,2026-07-14T10:25:29Z,SIA22,"40.685238,-74.170197",0,24,233
1784024732,2026-07-14T10:25:32Z,SIA22,"40.685108,-74.170448",0,22,236
1784024734,2026-07-14T10:25:34Z,SIA22,"40.684978,-74.170685",0,20,236
1784024736,2026-07-14T10:25:36Z,SIA22,"40.684868,-74.170914",0,19,236
1784024739,2026-07-14T10:25:39Z,SIA22,"40.684719,-74.171204",0,18,236
1784024742,2026-07-14T10:25:42Z,SIA22,"40.684608,-74.171417",0,17,236
1784024748,2026-07-14T10:25:48Z,SIA22,"40.684387,-74.171944",0,14,242
1784024751,2026-07-14T10:25:51Z,SIA22,"40.684376,-74.172195",0,13,256
1784024754,2026-07-14T10:25:54Z,SIA22,"40.684422,-74.172424",0,12,273
1784024758,2026-07-14T10:25:58Z,SIA22,"40.684536,-74.172699",0,13,287
1784024762,2026-07-14T10:26:02Z,SIA22,"40.684654,-74.172997",0,13,295
1784024766,2026-07-14T10:26:06Z,SIA22,"40.684746,-74.173241",0,13,295
1784024769,2026-07-14T10:26:09Z,SIA22,"40.684841,-74.173508",0,13,295
1784024773,2026-07-14T10:26:13Z,SIA22,"40.684944,-74.173805",0,13,295
1784024782,2026-07-14T10:26:22Z,SIA22,"40.685169,-74.174438",0,12,294
1784024788,2026-07-14T10:26:28Z,SIA22,"40.68531,-74.174744",0,9,297
1784024799,2026-07-14T10:26:39Z,SIA22,"40.685661,-74.174606",0,8,1
1784024808,2026-07-14T10:26:48Z,SIA22,"40.685902,-74.174438",0,7,24
1784024816,2026-07-14T10:26:56Z,SIA22,"40.686161,-74.174217",0,8,31
1784024825,2026-07-14T10:27:05Z,SIA22,"40.686378,-74.17408",0,6,26
1784024833,2026-07-14T10:27:13Z,SIA22,"40.686611,-74.173927",0,6,25
1784024842,2026-07-14T10:27:22Z,SIA22,"40.686813,-74.173798",0,7,25
1784024849,2026-07-14T10:27:29Z,SIA22,"40.687099,-74.173607",0,8,26
1784024856,2026-07-14T10:27:36Z,SIA22,"40.687321,-74.17347",0,8,22
1784024864,2026-07-14T10:27:44Z,SIA22,"40.687538,-74.17334",0,8,32
1784024871,2026-07-14T10:27:51Z,SIA22,"40.68774,-74.173218",0,6,25
1784024879,2026-07-14T10:27:59Z,SIA22,"40.687946,-74.173325",0,7,354
1784024887,2026-07-14T10:28:07Z,SIA22,"40.688004,-74.173615",0,6,315
1784024892,2026-07-14T10:28:12Z,SIA22,"40.688042,-74.17382",0,6,308
1784024898,2026-07-14T10:28:18Z,SIA22,"40.688107,-74.174026",0,7,295
1784024905,2026-07-14T10:28:25Z,SIA22,"40.688198,-74.174286",0,7,295
1784024915,2026-07-14T10:28:35Z,SIA22,"40.688332,-74.174629",0,5,296
1784024922,2026-07-14T10:28:42Z,SIA22,"40.688419,-74.174889",0,6,295
1784024930,2026-07-14T10:28:50Z,SIA22,"40.688499,-74.175133",0,6,288
1784024940,2026-07-14T10:29:00Z,SIA22,"40.688599,-74.175346",0,5,298
1784024950,2026-07-14T10:29:10Z,SIA22,"40.68874,-74.175613",0,5,304
1784024970,2026-07-14T10:29:30Z,SIA22,"40.689159,-74.175507",0,4,3
1784025065,2026-07-14T10:31:05Z,SIA22,"40.689518,-74.175224",0,0,25
