Timestamp,UTC,Callsign,Position,Altitude,Speed,Direction
1786608701,2026-08-13T08:11:41Z,WMT3178,"45.627747,8.719162",0,0,78
1786612997,2026-08-13T09:23:17Z,WMT3178,"45.627781,8.719402",0,4,78
1786613005,2026-08-13T09:23:25Z,WMT3178,"45.627811,8.719645",0,5,78
1786613015,2026-08-13T09:23:35Z,WMT3178,"45.627724,8.719986",0,7,118
1786613028,2026-08-13T09:23:48Z,WMT3178,"45.62727,8.720123",0,9,165
1786613037,2026-08-13T09:23:57Z,WMT3178,"45.626778,8.720261",0,11,168
1786613062,2026-08-13T09:24:22Z,WMT3178,"45.62516,8.720707",0,17,168
1786613069,2026-08-13T09:24:29Z,WMT3178,"45.624619,8.72085",0,18,168
1786613077,2026-08-13T09:24:37Z,WMT3178,"45.623875,8.721067",0,20,168
1786613085,2026-08-13T09:24:45Z,WMT3178,"45.623119,8.721269",0,21,168
1786613092,2026-08-13T09:24:52Z,WMT3178,"45.622402,8.721462",0,23,168
1786613102,2026-08-13T09:25:02Z,WMT3178,"45.621262,8.721788",0,25,168
1786613117,2026-08-13T09:25:17Z,WMT3178,"45.619434,8.72229",0,25,168
1786613133,2026-08-13T09:25:33Z,WMT3178,"45.617912,8.722715",0,19,168
1786613141,2026-08-13T09:25:41Z,WMT3178,"45.617203,8.722904",0,15,168
1786613149,2026-08-13T09:25:49Z,WMT3178,"45.616699,8.723042",0,12,168
1786613157,2026-08-13T09:25:57Z,WMT3178,"45.616199,8.723179",0,15,168
1786613165,2026-08-13T09:26:05Z,WMT3178,"45.615612,8.723346",0,16,168
1786613179,2026-08-13T09:26:19Z,WMT3178,"45.614548,8.723642",0,15,168
1786613187,2026-08-13T09:26:27Z,WMT3178,"45.614105,8.723608",0,13,194
1786613191,2026-08-13T09:26:31Z,WMT3178,"45.613953,8.723312",0,13,230
1786613195,2026-08-13T09:26:35Z,WMT3178,"45.613907,8.723024",0,13,253
1786613199,2026-08-13T09:26:39Z,WMT3178,"45.613861,8.72263",0,13,258
1786613204,2026-08-13T09:26:44Z,WMT3178,"45.613827,8.722425",0,13,258
1786613206,2026-08-13T09:26:46Z,WMT3178,"45.613697,8.722132",0,14,239
1786613220,2026-08-13T09:27:00Z,WMT3178,"45.612797,8.722123",0,15,168
1786613226,2026-08-13T09:27:06Z,WMT3178,"45.612328,8.722257",0,16,168
1786613237,2026-08-13T09:27:17Z,WMT3178,"45.611355,8.722508",0,19,168
1786613244,2026-08-13T09:27:24Z,WMT3178,"45.610703,8.722709",0,21,168
1786613265,2026-08-13T09:27:45Z,WMT3178,"45.608414,8.723333",0,0,168
1786613309,2026-08-13T09:28:29Z,WMT3178,"45.606274,8.726746",0,0,95
1786613321,2026-08-13T09:28:41Z,WMT3178,"45.606167,8.728157",0,20,95
1786613329,2026-08-13T09:28:49Z,WMT3178,"45.606079,8.729391",0,22,95
1786613337,2026-08-13T09:28:57Z,WMT3178,"45.605995,8.730526",0,21,95
1786613344,2026-08-13T09:29:04Z,WMT3178,"45.605919,8.731484",0,16,95
1786613356,2026-08-13T09:29:16Z,WMT3178,"45.605984,8.732088",0,13,56
1786613378,2026-08-13T09:29:38Z,WMT3178,"45.607132,8.733193",0,0,22
1786613385,2026-08-13T09:29:45Z,WMT3178,"45.607578,8.733444",0,12,22
1786613393,2026-08-13T09:29:53Z,WMT3178,"45.607994,8.733702",0,13,22
1786613408,2026-08-13T09:30:08Z,WMT3178,"45.608868,8.734114",0,14,11
1786613427,2026-08-13T09:30:27Z,WMT3178,"45.61002,8.733822",0,0,351
1786613447,2026-08-13T09:30:47Z,WMT3178,"45.611561,8.733411",0,17,348
1786613491,2026-08-13T09:31:31Z,WMT3178,"45.615131,8.732414",0,16,348
1786613504,2026-08-13T09:31:44Z,WMT3178,"45.616024,8.732372",0,12,19
1786613526,2026-08-13T09:32:06Z,WMT3178,"45.616356,8.734215",0,0,90
1786613626,2026-08-13T09:33:46Z,WMT3178,"45.633438,8.73262",500,171,348
1786613633,2026-08-13T09:33:53Z,WMT3178,"45.63913,8.731116",725,177,349
1786613642,2026-08-13T09:34:02Z,WMT3178,"45.645996,8.729174",1100,178,348
1786613648,2026-08-13T09:34:08Z,WMT3178,"45.651314,8.727882",1375,178,351
1786613650,2026-08-13T09:34:10Z,WMT3178,"45.652988,8.727539",1475,177,352
1786613652,2026-08-13T09:34:12Z,WMT3178,"45.654602,8.727231",1575,178,352
1786613654,2026-08-13T09:34:14Z,WMT3178,"45.656246,8.72699",1675,178,353
1786613656,2026-08-13T09:34:16Z,WMT3178,"45.65797,8.726715",1750,178,354
1786613658,2026-08-13T09:34:18Z,WMT3178,"45.659683,8.726494",1825,181,355
1786613661,2026-08-13T09:34:21Z,WMT3178,"45.661652,8.726293",1875,183,356
1786613663,2026-08-13T09:34:23Z,WMT3178,"45.663834,8.726303",1925,187,359
1786613665,2026-08-13T09:34:25Z,WMT3178,"45.665634,8.726427",1975,189,4
1786613667,2026-08-13T09:34:27Z,WMT3178,"45.667141,8.726715",2000,191,8
1786613669,2026-08-13T09:34:29Z,WMT3178,"45.669296,8.727365",2075,194,12
1786613671,2026-08-13T09:34:31Z,WMT3178,"45.670853,8.727968",2100,196,17
1786613673,2026-08-13T09:34:33Z,WMT3178,"45.672729,8.729039",2150,198,21
1786613675,2026-08-13T09:34:35Z,WMT3178,"45.674286,8.730111",2175,200,26
1786613677,2026-08-13T09:34:37Z,WMT3178,"45.675934,8.731451",2225,202,31
1786613680,2026-08-13T09:34:40Z,WMT3178,"45.677521,8.733101",2275,204,36
1786613682,2026-08-13T09:34:42Z,WMT3178,"45.679337,8.735298",2350,206,43
1786613684,2026-08-13T09:34:44Z,WMT3178,"45.680687,8.737427",2400,206,48
1786613686,2026-08-13T09:34:46Z,WMT3178,"45.681896,8.739555",2475,208,53
1786613688,2026-08-13T09:34:48Z,WMT3178,"45.682968,8.741821",2550,208,57
1786613690,2026-08-13T09:34:50Z,WMT3178,"45.683853,8.744045",2600,210,62
1786613692,2026-08-13T09:34:52Z,WMT3178,"45.68486,8.747194",2700,208,67
1786613694,2026-08-13T09:34:54Z,WMT3178,"45.685528,8.749924",2775,210,71
1786613696,2026-08-13T09:34:56Z,WMT3178,"45.68605,8.752419",2875,209,73
1786613698,2026-08-13T09:34:58Z,WMT3178,"45.686691,8.755486",2975,208,74
1786613701,2026-08-13T09:35:01Z,WMT3178,"45.687286,8.758649",3075,209,75
1786613703,2026-08-13T09:35:03Z,WMT3178,"45.68779,8.761463",3175,208,75
1786613705,2026-08-13T09:35:05Z,WMT3178,"45.688293,8.764075",3275,208,75
1786613707,2026-08-13T09:35:07Z,WMT3178,"45.688835,8.767021",3375,208,75
1786613709,2026-08-13T09:35:09Z,WMT3178,"45.689346,8.769768",3475,210,75
1786613712,2026-08-13T09:35:12Z,WMT3178,"45.689903,8.772858",3550,211,74
1786613714,2026-08-13T09:35:14Z,WMT3178,"45.690414,8.775467",3625,212,74
1786613716,2026-08-13T09:35:16Z,WMT3178,"45.690975,8.778419",3700,213,74
1786613718,2026-08-13T09:35:18Z,WMT3178,"45.691498,8.781224",3750,217,74
1786613720,2026-08-13T09:35:20Z,WMT3178,"45.692047,8.783981",3800,219,74
1786613722,2026-08-13T09:35:22Z,WMT3178,"45.692688,8.787521",3875,222,75
1786613724,2026-08-13T09:35:24Z,WMT3178,"45.693069,8.790024",3900,224,78
1786613726,2026-08-13T09:35:26Z,WMT3178,"45.69342,8.793015",3925,228,81
1786613728,2026-08-13T09:35:28Z,WMT3178,"45.693695,8.7967",3975,232,85
1786613731,2026-08-13T09:35:31Z,WMT3178,"45.693741,8.799848",4000,234,89
1786613733,2026-08-13T09:35:33Z,WMT3178,"45.693604,8.802997",4025,237,93
1786613735,2026-08-13T09:35:35Z,WMT3178,"45.693237,8.806747",4050,240,98
1786613737,2026-08-13T09:35:37Z,WMT3178,"45.69278,8.809896",4100,244,103
1786613739,2026-08-13T09:35:39Z,WMT3178,"45.692139,8.813447",4175,245,105
1786613741,2026-08-13T09:35:41Z,WMT3178,"45.691532,8.816597",4250,246,106
1786613743,2026-08-13T09:35:43Z,WMT3178,"45.690903,8.819476",4325,247,106
1786613745,2026-08-13T09:35:45Z,WMT3178,"45.690231,8.822502",4425,248,107
1786613747,2026-08-13T09:35:47Z,WMT3178,"45.689484,8.825974",4525,250,107
1786613749,2026-08-13T09:35:49Z,WMT3178,"45.688705,8.829457",4625,250,107
1786613752,2026-08-13T09:35:52Z,WMT3178,"45.687763,8.833557",4750,250,108
1786613754,2026-08-13T09:35:54Z,WMT3178,"45.687057,8.836625",4825,250,108
1786613756,2026-08-13T09:35:56Z,WMT3178,"45.686321,8.839737",4925,251,108
1786613758,2026-08-13T09:35:58Z,WMT3178,"45.685482,8.843376",5025,252,108
1786613760,2026-08-13T09:36:00Z,WMT3178,"45.684738,8.846535",5125,252,108
1786613762,2026-08-13T09:36:02Z,WMT3178,"45.683945,8.849831",5225,253,108
1786613764,2026-08-13T09:36:04Z,WMT3178,"45.683201,8.853058",5325,254,108
1786613777,2026-08-13T09:36:17Z,WMT3178,"45.678497,8.874207",5800,266,106
1786613790,2026-08-13T09:36:30Z,WMT3178,"45.674587,8.896179",6150,280,103
1786613804,2026-08-13T09:36:44Z,WMT3178,"45.670444,8.922684",6700,289,102
1786613817,2026-08-13T09:36:57Z,WMT3178,"45.66658,8.947128",7300,292,102
1786613830,2026-08-13T09:37:10Z,WMT3178,"45.662716,8.970955",7925,293,103
1786613844,2026-08-13T09:37:24Z,WMT3178,"45.657925,8.998489",8650,293,104
1786613859,2026-08-13T09:37:39Z,WMT3178,"45.653221,9.024994",9350,293,104
1786613871,2026-08-13T09:37:51Z,WMT3178,"45.648285,9.048045",9925,297,113
1786613873,2026-08-13T09:37:53Z,WMT3178,"45.647141,9.051461",10000,298,116
1786613875,2026-08-13T09:37:55Z,WMT3178,"45.645679,9.055481",10075,300,119
1786613877,2026-08-13T09:37:57Z,WMT3178,"45.644257,9.05883",10150,300,121
1786613879,2026-08-13T09:37:59Z,WMT3178,"45.642559,9.062416",10225,302,124
1786613881,2026-08-13T09:38:01Z,WMT3178,"45.640976,9.065575",10275,303,125
1786613883,2026-08-13T09:38:03Z,WMT3178,"45.639256,9.068871",10325,306,127
1786613886,2026-08-13T09:38:06Z,WMT3178,"45.63739,9.072094",10375,308,129
1786613888,2026-08-13T09:38:08Z,WMT3178,"45.635468,9.07531",10425,311,131
1786613890,2026-08-13T09:38:10Z,WMT3178,"45.63269,9.079651",10475,312,132
1786613892,2026-08-13T09:38:12Z,WMT3178,"45.630844,9.082344",10525,316,134
1786613894,2026-08-13T09:38:14Z,WMT3178,"45.628372,9.085895",10575,318,134
1786613897,2026-08-13T09:38:17Z,WMT3178,"45.626312,9.088841",10600,320,134
1786613899,2026-08-13T09:38:19Z,WMT3178,"45.623795,9.09246",10675,323,134
1786613901,2026-08-13T09:38:21Z,WMT3178,"45.621613,9.095581",10725,323,134
1786613903,2026-08-13T09:38:23Z,WMT3178,"45.619492,9.098757",10800,325,134
1786613905,2026-08-13T09:38:25Z,WMT3178,"45.617249,9.102039",10850,326,134
1786613908,2026-08-13T09:38:28Z,WMT3178,"45.614731,9.105723",10950,328,133
1786613910,2026-08-13T09:38:30Z,WMT3178,"45.61235,9.109407",11025,328,133
1786613922,2026-08-13T09:38:42Z,WMT3178,"45.599121,9.129705",11525,332,132
1786613935,2026-08-13T09:38:55Z,WMT3178,"45.585953,9.150169",12075,335,132
1786613967,2026-08-13T09:39:27Z,WMT3178,"45.552063,9.201921",13650,334,133
1786613998,2026-08-13T09:39:58Z,WMT3178,"45.516125,9.247675",14875,340,141
1786614030,2026-08-13T09:40:30Z,WMT3178,"45.476929,9.292156",16050,349,141
1786614062,2026-08-13T09:41:02Z,WMT3178,"45.435963,9.338982",17175,357,141
1786614094,2026-08-13T09:41:34Z,WMT3178,"45.394547,9.386444",18425,360,141
1786614126,2026-08-13T09:42:06Z,WMT3178,"45.351929,9.435163",19450,369,141
1786614157,2026-08-13T09:42:37Z,WMT3178,"45.310272,9.48264",20475,372,141
1786614189,2026-08-13T09:43:09Z,WMT3178,"45.267288,9.531686",21425,380,140
1786614221,2026-08-13T09:43:41Z,WMT3178,"45.22348,9.581517",22450,381,141
1786614253,2026-08-13T09:44:13Z,WMT3178,"45.179626,9.631021",23250,387,141
1786614284,2026-08-13T09:44:44Z,WMT3178,"45.135326,9.681032",23700,391,141
1786614316,2026-08-13T09:45:16Z,WMT3178,"45.090263,9.731877",24300,395,141
1786614347,2026-08-13T09:45:47Z,WMT3178,"45.044319,9.78366",25075,400,141
1786614379,2026-08-13T09:46:19Z,WMT3178,"44.998718,9.834791",25925,401,141
1786614410,2026-08-13T09:46:50Z,WMT3178,"44.952888,9.886154",26575,408,141
1786614442,2026-08-13T09:47:22Z,WMT3178,"44.902679,9.936218",27225,416,149
1786614474,2026-08-13T09:47:54Z,WMT3178,"44.850815,9.979772",28050,415,148
1786614505,2026-08-13T09:48:25Z,WMT3178,"44.799686,10.02335",28725,420,148
1786614537,2026-08-13T09:48:57Z,WMT3178,"44.746525,10.068635",29350,426,148
1786614568,2026-08-13T09:49:28Z,WMT3178,"44.69252,10.114485",29950,431,148
1786614600,2026-08-13T09:50:00Z,WMT3178,"44.639545,10.159339",30575,434,148
1786614631,2026-08-13T09:50:31Z,WMT3178,"44.585678,10.204795",31200,436,148
1786614662,2026-08-13T09:51:02Z,WMT3178,"44.531158,10.250702",31750,440,148
1786614693,2026-08-13T09:51:33Z,WMT3178,"44.47596,10.297137",32325,443,148
1786614725,2026-08-13T09:52:05Z,WMT3178,"44.420891,10.34336",32825,448,149
1786614756,2026-08-13T09:52:36Z,WMT3178,"44.36554,10.38965",33525,445,149
1786614788,2026-08-13T09:53:08Z,WMT3178,"44.308418,10.437346",33975,444,149
1786614820,2026-08-13T09:53:40Z,WMT3178,"44.252792,10.483638",34425,443,149
1786614851,2026-08-13T09:54:11Z,WMT3178,"44.19841,10.528892",34800,445,149
1786614882,2026-08-13T09:54:42Z,WMT3178,"44.142746,10.575108",34975,442,149
1786614913,2026-08-13T09:55:13Z,WMT3178,"44.089005,10.619628",35000,442,149
1786614945,2026-08-13T09:55:45Z,WMT3178,"44.03381,10.665239",35000,444,149
1786614976,2026-08-13T09:56:16Z,WMT3178,"43.978409,10.710903",35000,444,149
1786615007,2026-08-13T09:56:47Z,WMT3178,"43.922653,10.756701",35000,444,149
1786615039,2026-08-13T09:57:19Z,WMT3178,"43.86731,10.802115",35000,444,149
1786615070,2026-08-13T09:57:50Z,WMT3178,"43.810547,10.844975",35025,445,152
1786615101,2026-08-13T09:58:21Z,WMT3178,"43.754448,10.885947",35025,444,151
1786615132,2026-08-13T09:58:52Z,WMT3178,"43.698303,10.927628",35025,443,151
1786615164,2026-08-13T09:59:24Z,WMT3178,"43.640999,10.970306",35000,443,151
1786615195,2026-08-13T09:59:55Z,WMT3178,"43.583881,11.012748",34975,443,151
1786615227,2026-08-13T10:00:27Z,WMT3178,"43.527691,11.054338",34975,444,151
1786615258,2026-08-13T10:00:58Z,WMT3178,"43.470528,11.096715",34975,444,151
1786615289,2026-08-13T10:01:29Z,WMT3178,"43.414673,11.137965",34975,444,151
1786615321,2026-08-13T10:02:01Z,WMT3178,"43.357777,11.179832",34975,445,151
1786615352,2026-08-13T10:02:32Z,WMT3178,"43.300144,11.222273",35000,446,151
1786615383,2026-08-13T10:03:03Z,WMT3178,"43.243378,11.263861",35000,446,151
1786615415,2026-08-13T10:03:35Z,WMT3178,"43.187115,11.304997",35000,446,151
1786615446,2026-08-13T10:04:06Z,WMT3178,"43.129303,11.347153",35000,447,151
1786615477,2026-08-13T10:04:37Z,WMT3178,"43.072224,11.388899",34975,450,151
1786615509,2026-08-13T10:05:09Z,WMT3178,"43.013763,11.431338",35000,453,152
1786615541,2026-08-13T10:05:41Z,WMT3178,"42.954353,11.474304",35025,455,152
1786615573,2026-08-13T10:06:13Z,WMT3178,"42.895157,11.517249",35050,455,151
1786615604,2026-08-13T10:06:44Z,WMT3178,"42.836655,11.559533",35050,456,151
1786615636,2026-08-13T10:07:16Z,WMT3178,"42.777176,11.602329",35050,456,151
1786615668,2026-08-13T10:07:48Z,WMT3178,"42.718708,11.644294",35025,454,152
1786615699,2026-08-13T10:08:19Z,WMT3178,"42.660187,11.686457",35000,454,152
1786615731,2026-08-13T10:08:51Z,WMT3178,"42.601025,11.728928",35000,453,152
1786615762,2026-08-13T10:09:22Z,WMT3178,"42.542816,11.770352",34975,453,152
1786615794,2026-08-13T10:09:54Z,WMT3178,"42.484451,11.811926",34975,452,152
1786615826,2026-08-13T10:10:26Z,WMT3178,"42.425896,11.853609",34975,452,152
1786615857,2026-08-13T10:10:57Z,WMT3178,"42.367191,11.895383",34975,453,152
1786615889,2026-08-13T10:11:29Z,WMT3178,"42.309002,11.936646",34975,453,152
1786615920,2026-08-13T10:12:00Z,WMT3178,"42.250347,11.978292",35000,454,152
1786615952,2026-08-13T10:12:32Z,WMT3178,"42.191364,12.019874",35000,456,152
1786615983,2026-08-13T10:13:03Z,WMT3178,"42.13353,12.060367",35000,456,152
1786616015,2026-08-13T10:13:35Z,WMT3178,"42.073818,12.102335",35000,457,152
1786616046,2026-08-13T10:14:06Z,WMT3178,"42.015106,12.143576",35025,458,152
1786616077,2026-08-13T10:14:37Z,WMT3178,"41.956833,12.184477",35025,459,152
1786616108,2026-08-13T10:15:08Z,WMT3178,"41.898037,12.225484",35025,458,152
1786616139,2026-08-13T10:15:39Z,WMT3178,"41.839661,12.266171",35025,458,152
1786616171,2026-08-13T10:16:11Z,WMT3178,"41.780914,12.306987",35025,457,152
1786616202,2026-08-13T10:16:42Z,WMT3178,"41.722,12.347946",35025,456,152
1786616233,2026-08-13T10:17:13Z,WMT3178,"41.662716,12.389065",35000,456,152
1786616264,2026-08-13T10:17:44Z,WMT3178,"41.605545,12.428534",35000,456,152
1786616296,2026-08-13T10:18:16Z,WMT3178,"41.546383,12.469099",34975,456,152
1786616327,2026-08-13T10:18:47Z,WMT3178,"41.48671,12.510181",34975,457,152
1786616359,2026-08-13T10:19:19Z,WMT3178,"41.427429,12.550881",34975,458,152
1786616391,2026-08-13T10:19:51Z,WMT3178,"41.367645,12.591919",34975,458,152
1786616422,2026-08-13T10:20:22Z,WMT3178,"41.307522,12.633154",35000,459,152
1786616454,2026-08-13T10:20:54Z,WMT3178,"41.248447,12.673541",35000,459,152
1786616486,2026-08-13T10:21:26Z,WMT3178,"41.18821,12.71449",35025,459,152
1786616518,2026-08-13T10:21:58Z,WMT3178,"41.127739,12.755564",35000,459,152
1786616550,2026-08-13T10:22:30Z,WMT3178,"41.066338,12.797137",35000,461,152
1786616583,2026-08-13T10:23:03Z,WMT3178,"41.00428,12.839023",35000,461,152
1786616615,2026-08-13T10:23:35Z,WMT3178,"40.943157,12.880096",35000,461,153
1786616647,2026-08-13T10:24:07Z,WMT3178,"40.881802,12.921295",35025,461,152
1786616679,2026-08-13T10:24:39Z,WMT3178,"40.820023,12.962891",35025,461,152
1786616711,2026-08-13T10:25:11Z,WMT3178,"40.759975,13.003256",35000,461,152
1786616743,2026-08-13T10:25:43Z,WMT3178,"40.700108,13.043705",34975,461,152
1786616774,2026-08-13T10:26:14Z,WMT3178,"40.640121,13.083862",34975,463,152
1786616806,2026-08-13T10:26:46Z,WMT3178,"40.578842,13.124729",35000,464,153
1786616838,2026-08-13T10:27:18Z,WMT3178,"40.518044,13.165116",35000,465,153
1786616870,2026-08-13T10:27:50Z,WMT3178,"40.457794,13.205139",35000,465,153
1786616901,2026-08-13T10:28:21Z,WMT3178,"40.396172,13.24614",35025,466,153
1786616933,2026-08-13T10:28:53Z,WMT3178,"40.334862,13.286653",35025,467,153
1786616965,2026-08-13T10:29:25Z,WMT3178,"40.273552,13.326916",35000,467,153
1786616997,2026-08-13T10:29:57Z,WMT3178,"40.211014,13.363586",35025,467,156
1786617028,2026-08-13T10:30:28Z,WMT3178,"40.148186,13.399262",35025,466,156
1786617060,2026-08-13T10:31:00Z,WMT3178,"40.085953,13.435486",35025,465,155
1786617092,2026-08-13T10:31:32Z,WMT3178,"40.023651,13.471863",34975,466,155
1786617124,2026-08-13T10:32:04Z,WMT3178,"39.960114,13.509094",34975,467,155
1786617156,2026-08-13T10:32:36Z,WMT3178,"39.896988,13.545904",34975,467,155
1786617188,2026-08-13T10:33:08Z,WMT3178,"39.833633,13.582947",34975,468,155
1786617220,2026-08-13T10:33:40Z,WMT3178,"39.77116,13.619202",35000,469,155
1786617251,2026-08-13T10:34:11Z,WMT3178,"39.708035,13.655701",35025,468,155
1786617284,2026-08-13T10:34:44Z,WMT3178,"39.644348,13.692488",35050,467,155
1786617316,2026-08-13T10:35:16Z,WMT3178,"39.58136,13.728552",35050,466,156
1786617348,2026-08-13T10:35:48Z,WMT3178,"39.517544,13.765503",35000,465,155
1786617380,2026-08-13T10:36:20Z,WMT3178,"39.454697,13.797336",34975,461,165
1786617382,2026-08-13T10:36:22Z,WMT3178,"39.449436,13.79895",34975,461,167
1786617384,2026-08-13T10:36:24Z,WMT3178,"39.445061,13.80011",34975,461,168
1786617386,2026-08-13T10:36:26Z,WMT3178,"39.441151,13.801086",34975,461,169
1786617388,2026-08-13T10:36:28Z,WMT3178,"39.436264,13.802124",34975,460,171
1786617390,2026-08-13T10:36:30Z,WMT3178,"39.432495,13.802769",34975,460,172
1786617392,2026-08-13T10:36:32Z,WMT3178,"39.427464,13.803528",34975,459,173
1786617394,2026-08-13T10:36:34Z,WMT3178,"39.423508,13.804016",34975,458,174
1786617397,2026-08-13T10:36:37Z,WMT3178,"39.419502,13.804382",34975,459,176
1786617399,2026-08-13T10:36:39Z,WMT3178,"39.414001,13.804739",34975,458,177
1786617401,2026-08-13T10:36:41Z,WMT3178,"39.410194,13.804871",34975,458,178
1786617403,2026-08-13T10:36:43Z,WMT3178,"39.405586,13.804993",34975,458,179
1786617405,2026-08-13T10:36:45Z,WMT3178,"39.400543,13.804978",34975,457,180
1786617407,2026-08-13T10:36:47Z,WMT3178,"39.397156,13.804978",34975,457,180
1786617409,2026-08-13T10:36:49Z,WMT3178,"39.391434,13.804871",34975,457,180
1786617412,2026-08-13T10:36:52Z,WMT3178,"39.387196,13.80481",34975,457,180
1786617414,2026-08-13T10:36:54Z,WMT3178,"39.382309,13.804749",35000,457,180
1786617416,2026-08-13T10:36:56Z,WMT3178,"39.378891,13.80468",35000,456,180
1786617448,2026-08-13T10:37:28Z,WMT3178,"39.311455,13.803894",34975,456,180
1786617480,2026-08-13T10:38:00Z,WMT3178,"39.244125,13.803605",34975,456,180
1786617512,2026-08-13T10:38:32Z,WMT3178,"39.17569,13.803545",34975,456,180
1786617543,2026-08-13T10:39:03Z,WMT3178,"39.109371,13.803406",34725,457,180
1786617575,2026-08-13T10:39:35Z,WMT3178,"39.042011,13.803467",34300,457,180
1786617607,2026-08-13T10:40:07Z,WMT3178,"38.974274,13.803008",33775,455,180
1786617639,2026-08-13T10:40:39Z,WMT3178,"38.908127,13.802052",33325,450,180
1786617671,2026-08-13T10:41:11Z,WMT3178,"38.841091,13.800293",33000,448,181
1786617703,2026-08-13T10:41:43Z,WMT3178,"38.775734,13.798035",32550,449,181
1786617734,2026-08-13T10:42:14Z,WMT3178,"38.709442,13.796143",31750,450,181
1786617767,2026-08-13T10:42:47Z,WMT3178,"38.642258,13.79447",30850,449,181
1786617798,2026-08-13T10:43:18Z,WMT3178,"38.577713,13.792798",29875,439,181
1786617830,2026-08-13T10:43:50Z,WMT3178,"38.513947,13.790708",28900,430,181
1786617862,2026-08-13T10:44:22Z,WMT3178,"38.451077,13.78894",27875,423,181
1786617894,2026-08-13T10:44:54Z,WMT3178,"38.388557,13.78611",26825,415,182
1786617926,2026-08-13T10:45:26Z,WMT3178,"38.327808,13.78205",25700,410,183
1786617958,2026-08-13T10:45:58Z,WMT3178,"38.267105,13.777452",24650,403,184
1786617985,2026-08-13T10:46:25Z,WMT3178,"38.218876,13.767123",23775,398,193
1786617987,2026-08-13T10:46:27Z,WMT3178,"38.21529,13.766048",23700,397,193
1786618018,2026-08-13T10:46:58Z,WMT3178,"38.159615,13.74933",22675,392,193
1786618050,2026-08-13T10:47:30Z,WMT3178,"38.102966,13.732968",21625,386,192
1786618082,2026-08-13T10:48:02Z,WMT3178,"38.047703,13.717625",20550,381,192
1786618114,2026-08-13T10:48:34Z,WMT3178,"37.992863,13.702996",19525,374,191
1786618146,2026-08-13T10:49:06Z,WMT3178,"37.939514,13.688606",19000,354,192
1786618178,2026-08-13T10:49:38Z,WMT3178,"37.889099,13.674765",19000,347,192
1786618210,2026-08-13T10:50:10Z,WMT3178,"37.838963,13.663887",19000,349,187
1786618242,2026-08-13T10:50:42Z,WMT3178,"37.787197,13.654513",19000,349,188
1786618274,2026-08-13T10:51:14Z,WMT3178,"37.736454,13.64484",19000,352,188
1786618306,2026-08-13T10:51:46Z,WMT3178,"37.684456,13.636183",19000,350,184
1786618339,2026-08-13T10:52:19Z,WMT3178,"37.633293,13.631585",19000,328,184
1786618371,2026-08-13T10:52:51Z,WMT3178,"37.584961,13.628657",19000,326,182
1786618403,2026-08-13T10:53:23Z,WMT3178,"37.536987,13.626144",19000,330,182
1786618433,2026-08-13T10:53:53Z,WMT3178,"37.490566,13.623465",19000,328,182
1786618444,2026-08-13T10:54:04Z,WMT3178,"37.474041,13.624241",19000,327,171
1786618446,2026-08-13T10:54:06Z,WMT3178,"37.470474,13.625093",19000,328,168
1786618448,2026-08-13T10:54:08Z,WMT3178,"37.46759,13.626027",19000,327,164
1786618450,2026-08-13T10:54:10Z,WMT3178,"37.464729,13.627167",19000,327,161
1786618452,2026-08-13T10:54:12Z,WMT3178,"37.461594,13.628657",19000,327,158
1786618454,2026-08-13T10:54:14Z,WMT3178,"37.458664,13.630352",19000,327,154
1786618456,2026-08-13T10:54:16Z,WMT3178,"37.456421,13.631812",19000,326,151
1786618458,2026-08-13T10:54:18Z,WMT3178,"37.453556,13.634033",19000,327,148
1786618460,2026-08-13T10:54:20Z,WMT3178,"37.451042,13.636183",19000,327,144
1786618463,2026-08-13T10:54:23Z,WMT3178,"37.448574,13.638571",19000,327,141
1786618465,2026-08-13T10:54:25Z,WMT3178,"37.446121,13.641279",19000,328,136
1786618467,2026-08-13T10:54:27Z,WMT3178,"37.443314,13.644721",19000,328,134
1786618469,2026-08-13T10:54:29Z,WMT3178,"37.441315,13.647528",19000,329,130
1786618471,2026-08-13T10:54:31Z,WMT3178,"37.439346,13.65063",19000,330,127
1786618473,2026-08-13T10:54:33Z,WMT3178,"37.437077,13.654572",19000,330,124
1786618476,2026-08-13T10:54:36Z,WMT3178,"37.435455,13.657992",19000,330,121
1786618478,2026-08-13T10:54:38Z,WMT3178,"37.434052,13.66114",19000,331,118
1786618480,2026-08-13T10:54:40Z,WMT3178,"37.432297,13.665882",19000,330,114
1786618482,2026-08-13T10:54:42Z,WMT3178,"37.431164,13.66938",19000,331,111
1786618484,2026-08-13T10:54:44Z,WMT3178,"37.430141,13.673082",19000,331,109
1786618487,2026-08-13T10:54:47Z,WMT3178,"37.428909,13.677861",19000,331,107
1786618489,2026-08-13T10:54:49Z,WMT3178,"37.428139,13.680964",19000,332,106
1786618491,2026-08-13T10:54:51Z,WMT3178,"37.427067,13.685502",19000,331,106
1786618493,2026-08-13T10:54:53Z,WMT3178,"37.426277,13.688846",19000,331,106
1786618495,2026-08-13T10:54:55Z,WMT3178,"37.425159,13.693502",19000,332,106
1786618497,2026-08-13T10:54:57Z,WMT3178,"37.42437,13.696608",19000,332,107
1786618499,2026-08-13T10:54:59Z,WMT3178,"37.423435,13.700488",19000,332,107
1786618501,2026-08-13T10:55:01Z,WMT3178,"37.422504,13.704131",19000,332,107
1786618504,2026-08-13T10:55:04Z,WMT3178,"37.421356,13.708542",19000,332,108
1786618506,2026-08-13T10:55:06Z,WMT3178,"37.420319,13.712371",19000,332,108
1786618508,2026-08-13T10:55:08Z,WMT3178,"37.419014,13.717147",19000,332,108
1786618510,2026-08-13T10:55:10Z,WMT3178,"37.41806,13.720696",19000,332,109
1786618542,2026-08-13T10:55:42Z,WMT3178,"37.40094,13.777907",19000,319,111
1786618574,2026-08-13T10:56:14Z,WMT3178,"37.384689,13.832079",19000,316,110
1786618606,2026-08-13T10:56:46Z,WMT3178,"37.368576,13.887244",19000,315,109
1786618638,2026-08-13T10:57:18Z,WMT3178,"37.352211,13.943262",19000,316,109
1786618669,2026-08-13T10:57:49Z,WMT3178,"37.336899,13.995939",19000,316,109
1786618701,2026-08-13T10:58:21Z,WMT3178,"37.321243,14.049936",19000,315,109
1786618731,2026-08-13T10:58:51Z,WMT3178,"37.305771,14.102647",19000,314,110
1786618764,2026-08-13T10:59:24Z,WMT3178,"37.2896,14.157854",18475,311,110
1786618795,2026-08-13T10:59:55Z,WMT3178,"37.273911,14.211516",17575,310,110
1786618828,2026-08-13T11:00:28Z,WMT3178,"37.257431,14.265807",16750,308,115
1786618830,2026-08-13T11:00:30Z,WMT3178,"37.256012,14.269019",16700,308,120
1786618832,2026-08-13T11:00:32Z,WMT3178,"37.254265,14.272494",16625,308,123
1786618834,2026-08-13T11:00:34Z,WMT3178,"37.25259,14.27536",16575,308,126
1786618836,2026-08-13T11:00:36Z,WMT3178,"37.250587,14.278465",16525,308,130
1786618838,2026-08-13T11:00:38Z,WMT3178,"37.248772,14.280853",16475,306,133
1786618841,2026-08-13T11:00:41Z,WMT3178,"37.246307,14.283779",16400,306,137
1786618843,2026-08-13T11:00:43Z,WMT3178,"37.24342,14.286645",16325,305,142
1786618845,2026-08-13T11:00:45Z,WMT3178,"37.24118,14.288538",16300,303,146
1786618847,2026-08-13T11:00:47Z,WMT3178,"37.238068,14.290884",16250,304,150
1786618850,2026-08-13T11:00:50Z,WMT3178,"37.235504,14.292437",16200,302,155
1786618852,2026-08-13T11:00:52Z,WMT3178,"37.232479,14.293989",16150,300,158
1786618854,2026-08-13T11:00:54Z,WMT3178,"37.230198,14.295004",16125,300,161
1786618856,2026-08-13T11:00:56Z,WMT3178,"37.22731,14.296077",16050,300,164
1786618858,2026-08-13T11:00:58Z,WMT3178,"37.224148,14.297094",15975,300,166
1786618861,2026-08-13T11:01:01Z,WMT3178,"37.220749,14.29799",15925,301,168
1786618863,2026-08-13T11:01:03Z,WMT3178,"37.218609,14.298468",15875,300,169
1786618865,2026-08-13T11:01:05Z,WMT3178,"37.214931,14.299303",15825,300,170
1786618867,2026-08-13T11:01:07Z,WMT3178,"37.212322,14.2999",15775,300,170
1786618869,2026-08-13T11:01:09Z,WMT3178,"37.209995,14.300378",15750,299,169
1786618871,2026-08-13T11:01:11Z,WMT3178,"37.206207,14.301277",15700,298,169
1786618873,2026-08-13T11:01:13Z,WMT3178,"37.203598,14.301862",15675,297,169
1786618876,2026-08-13T11:01:16Z,WMT3178,"37.200394,14.302563",15600,298,169
1786618878,2026-08-13T11:01:18Z,WMT3178,"37.197601,14.303265",15550,298,169
1786618880,2026-08-13T11:01:20Z,WMT3178,"37.194031,14.304082",15500,298,169
1786618882,2026-08-13T11:01:22Z,WMT3178,"37.191559,14.304725",15450,298,168
1786618884,2026-08-13T11:01:24Z,WMT3178,"37.188354,14.305543",15375,298,168
1786618916,2026-08-13T11:01:56Z,WMT3178,"37.144958,14.317407",15000,303,167
1786618947,2026-08-13T11:02:27Z,WMT3178,"37.103203,14.329157",15000,305,167
1786618980,2026-08-13T11:03:00Z,WMT3178,"37.059166,14.34086",15000,302,167
1786619010,2026-08-13T11:03:30Z,WMT3178,"37.016525,14.352384",15000,303,167
1786619042,2026-08-13T11:04:02Z,WMT3178,"36.972427,14.364039",15000,304,168
1786619074,2026-08-13T11:04:34Z,WMT3178,"36.928528,14.375552",15000,305,168
1786619105,2026-08-13T11:05:05Z,WMT3178,"36.885361,14.386948",15000,301,167
1786619137,2026-08-13T11:05:37Z,WMT3178,"36.842232,14.396882",15000,299,178
1786619139,2026-08-13T11:05:39Z,WMT3178,"36.83902,14.396765",14975,298,182
1786619141,2026-08-13T11:05:41Z,WMT3178,"36.836975,14.39661",14975,298,184
1786619143,2026-08-13T11:05:43Z,WMT3178,"36.83334,14.395947",14975,297,189
1786619145,2026-08-13T11:05:45Z,WMT3178,"36.830643,14.395304",15000,297,192
1786619148,2026-08-13T11:05:48Z,WMT3178,"36.827087,14.394093",15000,297,195
1786619150,2026-08-13T11:05:50Z,WMT3178,"36.824844,14.39312",15000,298,200
1786619152,2026-08-13T11:05:52Z,WMT3178,"36.82196,14.391632",15000,297,203
1786619154,2026-08-13T11:05:54Z,WMT3178,"36.818954,14.389869",15000,298,206
1786619156,2026-08-13T11:05:56Z,WMT3178,"36.816513,14.388256",15000,297,209
1786619159,2026-08-13T11:05:59Z,WMT3178,"36.813976,14.386363",15000,297,212
1786619161,2026-08-13T11:06:01Z,WMT3178,"36.811569,14.384422",15000,297,213
1786619163,2026-08-13T11:06:03Z,WMT3178,"36.809235,14.38242",15025,298,215
1786619165,2026-08-13T11:06:05Z,WMT3178,"36.807087,14.380519",15025,298,216
1786619167,2026-08-13T11:06:07Z,WMT3178,"36.804337,14.377899",15025,298,217
1786619169,2026-08-13T11:06:09Z,WMT3178,"36.80257,14.376195",15025,297,217
1786619171,2026-08-13T11:06:11Z,WMT3178,"36.799778,14.373448",15025,298,218
1786619173,2026-08-13T11:06:13Z,WMT3178,"36.797699,14.371376",15000,297,218
1786619175,2026-08-13T11:06:15Z,WMT3178,"36.795494,14.369183",15000,298,219
1786619177,2026-08-13T11:06:17Z,WMT3178,"36.793213,14.366856",15000,298,219
1786619180,2026-08-13T11:06:20Z,WMT3178,"36.79084,14.364449",15000,297,218
1786619182,2026-08-13T11:06:22Z,WMT3178,"36.788177,14.361877",15000,298,218
1786619184,2026-08-13T11:06:24Z,WMT3178,"36.786575,14.360275",15000,297,217
1786619186,2026-08-13T11:06:26Z,WMT3178,"36.783718,14.357553",15000,298,217
1786619188,2026-08-13T11:06:28Z,WMT3178,"36.781437,14.355391",15000,297,216
1786619216,2026-08-13T11:06:56Z,WMT3178,"36.7495,14.329853",15000,291,211
1786619218,2026-08-13T11:06:58Z,WMT3178,"36.74707,14.327888",15000,291,213
1786619220,2026-08-13T11:07:00Z,WMT3178,"36.745029,14.326055",15000,290,216
1786619222,2026-08-13T11:07:02Z,WMT3178,"36.742237,14.323308",15000,290,219
1786619224,2026-08-13T11:07:04Z,WMT3178,"36.74057,14.321423",15000,290,222
1786619227,2026-08-13T11:07:07Z,WMT3178,"36.738468,14.31875",15000,289,226
1786619229,2026-08-13T11:07:09Z,WMT3178,"36.736633,14.316158",15000,288,231
1786619231,2026-08-13T11:07:11Z,WMT3178,"36.734512,14.312614",15000,288,234
1786619233,2026-08-13T11:07:13Z,WMT3178,"36.733112,14.309926",15000,288,237
1786619235,2026-08-13T11:07:15Z,WMT3178,"36.731827,14.307117",15000,288,241
1786619237,2026-08-13T11:07:17Z,WMT3178,"36.730362,14.303398",15000,287,244
1786619239,2026-08-13T11:07:19Z,WMT3178,"36.729446,14.300652",15000,286,248
1786619242,2026-08-13T11:07:22Z,WMT3178,"36.728367,14.296778",15000,285,251
1786619244,2026-08-13T11:07:24Z,WMT3178,"36.727669,14.293388",15000,286,254
1786619246,2026-08-13T11:07:26Z,WMT3178,"36.727108,14.290174",15000,284,259
1786619248,2026-08-13T11:07:28Z,WMT3178,"36.7267,14.286404",15000,284,263
1786619251,2026-08-13T11:07:31Z,WMT3178,"36.726505,14.283103",15000,283,266
1786619253,2026-08-13T11:07:33Z,WMT3178,"36.72641,14.279597",15000,283,269
1786619255,2026-08-13T11:07:35Z,WMT3178,"36.726643,14.275214",15000,282,274
1786619257,2026-08-13T11:07:37Z,WMT3178,"36.726921,14.271883",15000,282,277
1786619259,2026-08-13T11:07:39Z,WMT3178,"36.727432,14.268494",15000,282,280
1786619261,2026-08-13T11:07:41Z,WMT3178,"36.727993,14.265572",15000,281,283
1786619263,2026-08-13T11:07:43Z,WMT3178,"36.728714,14.262428",15000,280,287
1786619266,2026-08-13T11:07:46Z,WMT3178,"36.729675,14.259052",15000,279,290
1786619268,2026-08-13T11:07:48Z,WMT3178,"36.730728,14.25602",15000,279,293
1786619270,2026-08-13T11:07:50Z,WMT3178,"36.731903,14.253066",15000,278,298
1786619272,2026-08-13T11:07:52Z,WMT3178,"36.733299,14.249969",15000,277,301
1786619274,2026-08-13T11:07:54Z,WMT3178,"36.734928,14.24693",15000,277,304
1786619276,2026-08-13T11:07:56Z,WMT3178,"36.736404,14.244404",15000,276,307
1786619278,2026-08-13T11:07:58Z,WMT3178,"36.738419,14.241371",15000,275,310
1786619280,2026-08-13T11:08:00Z,WMT3178,"36.740097,14.239158",15000,275,313
1786619282,2026-08-13T11:08:02Z,WMT3178,"36.742146,14.236704",15000,274,316
1786619284,2026-08-13T11:08:04Z,WMT3178,"36.744148,14.2346",15000,273,319
1786619287,2026-08-13T11:08:07Z,WMT3178,"36.745869,14.233022",15000,273,322
1786619289,2026-08-13T11:08:09Z,WMT3178,"36.748428,14.23086",15000,272,326
1786619291,2026-08-13T11:08:11Z,WMT3178,"36.750092,14.229584",15000,271,329
1786619293,2026-08-13T11:08:13Z,WMT3178,"36.752945,14.227762",15000,271,332
1786619295,2026-08-13T11:08:15Z,WMT3178,"36.755272,14.226418",15000,270,335
1786619297,2026-08-13T11:08:17Z,WMT3178,"36.757324,14.225407",15000,270,339
1786619299,2026-08-13T11:08:19Z,WMT3178,"36.759697,14.224431",15000,269,342
1786619301,2026-08-13T11:08:21Z,WMT3178,"36.762302,14.223555",15000,270,346
1786619303,2026-08-13T11:08:23Z,WMT3178,"36.765335,14.222775",15000,268,349
1786619305,2026-08-13T11:08:25Z,WMT3178,"36.767704,14.222327",15000,268,352
1786619308,2026-08-13T11:08:28Z,WMT3178,"36.770142,14.222031",15000,267,355
1786619310,2026-08-13T11:08:30Z,WMT3178,"36.773148,14.221919",15000,267,359
1786619312,2026-08-13T11:08:32Z,WMT3178,"36.77557,14.221977",15000,268,1
1786619314,2026-08-13T11:08:34Z,WMT3178,"36.778198,14.222202",15000,266,4
1786619316,2026-08-13T11:08:36Z,WMT3178,"36.780716,14.222603",15000,268,8
1786619318,2026-08-13T11:08:38Z,WMT3178,"36.783577,14.223263",15000,267,11
1786619321,2026-08-13T11:08:41Z,WMT3178,"36.785934,14.223976",15000,267,14
1786619323,2026-08-13T11:08:43Z,WMT3178,"36.788452,14.224949",15000,267,17
1786619325,2026-08-13T11:08:45Z,WMT3178,"36.791023,14.226126",15000,267,22
1786619327,2026-08-13T11:08:47Z,WMT3178,"36.793213,14.227295",15000,268,25
1786619329,2026-08-13T11:08:49Z,WMT3178,"36.795959,14.229069",15000,268,28
1786619331,2026-08-13T11:08:51Z,WMT3178,"36.798065,14.230556",15000,269,31
1786619333,2026-08-13T11:08:53Z,WMT3178,"36.800354,14.232445",15000,269,34
1786619335,2026-08-13T11:08:55Z,WMT3178,"36.802734,14.234619",15000,270,37
1786619338,2026-08-13T11:08:58Z,WMT3178,"36.805069,14.23708",15000,270,40
1786619340,2026-08-13T11:09:00Z,WMT3178,"36.806763,14.239082",15000,270,43
1786619342,2026-08-13T11:09:02Z,WMT3178,"36.808594,14.241486",15000,272,46
1786619344,2026-08-13T11:09:04Z,WMT3178,"36.81015,14.243889",15000,271,51
1786619346,2026-08-13T11:09:06Z,WMT3178,"36.811661,14.246292",15000,272,52
1786619348,2026-08-13T11:09:08Z,WMT3178,"36.813446,14.249668",15000,272,57
1786619350,2026-08-13T11:09:10Z,WMT3178,"36.814728,14.252472",15000,274,60
1786619352,2026-08-13T11:09:12Z,WMT3178,"36.815781,14.255047",15000,274,63
1786619354,2026-08-13T11:09:14Z,WMT3178,"36.817017,14.258537",15000,274,67
1786619357,2026-08-13T11:09:17Z,WMT3178,"36.818024,14.262066",15000,276,70
1786619359,2026-08-13T11:09:19Z,WMT3178,"36.818722,14.265046",15000,276,74
1786619361,2026-08-13T11:09:21Z,WMT3178,"36.819305,14.268322",15000,276,78
1786619363,2026-08-13T11:09:23Z,WMT3178,"36.819794,14.271649",15000,277,81
1786619366,2026-08-13T11:09:26Z,WMT3178,"36.820084,14.275074",15000,277,86
1786619368,2026-08-13T11:09:28Z,WMT3178,"36.820213,14.279013",15000,278,87
1786619370,2026-08-13T11:09:30Z,WMT3178,"36.820175,14.282455",15000,279,92
1786619372,2026-08-13T11:09:32Z,WMT3178,"36.819946,14.286404",15000,279,94
1786619374,2026-08-13T11:09:34Z,WMT3178,"36.819763,14.289322",15025,279,95
1786619376,2026-08-13T11:09:36Z,WMT3178,"36.819534,14.292355",15025,280,95
1786619378,2026-08-13T11:09:38Z,WMT3178,"36.819283,14.295784",15025,279,94
1786619380,2026-08-13T11:09:40Z,WMT3178,"36.819168,14.299278",15000,279,92
1786619382,2026-08-13T11:09:42Z,WMT3178,"36.819168,14.302368",15000,279,90
1786619385,2026-08-13T11:09:45Z,WMT3178,"36.819283,14.306245",15000,278,87
1786619387,2026-08-13T11:09:47Z,WMT3178,"36.819607,14.309459",15000,277,84
1786619389,2026-08-13T11:09:49Z,WMT3178,"36.820084,14.31284",15000,276,78
1786619391,2026-08-13T11:09:51Z,WMT3178,"36.820724,14.31633",15000,275,76
1786619393,2026-08-13T11:09:53Z,WMT3178,"36.821503,14.319305",15000,274,73
1786619395,2026-08-13T11:09:55Z,WMT3178,"36.822449,14.322198",15000,273,67
1786619397,2026-08-13T11:09:57Z,WMT3178,"36.823517,14.325027",15000,272,63
1786619399,2026-08-13T11:09:59Z,WMT3178,"36.824661,14.327717",15000,272,60
1786619401,2026-08-13T11:10:01Z,WMT3178,"36.826031,14.330438",15000,271,57
1786619404,2026-08-13T11:10:04Z,WMT3178,"36.827774,14.333611",15000,271,54
1786619406,2026-08-13T11:10:06Z,WMT3178,"36.829708,14.336749",15000,271,53
1786619408,2026-08-13T11:10:08Z,WMT3178,"36.831245,14.339262",15025,271,52
1786619410,2026-08-13T11:10:10Z,WMT3178,"36.832397,14.341049",15025,271,51
1786619412,2026-08-13T11:10:12Z,WMT3178,"36.834087,14.343645",15025,271,51
1786619414,2026-08-13T11:10:14Z,WMT3178,"36.835693,14.346199",15000,271,51
1786619416,2026-08-13T11:10:16Z,WMT3178,"36.837616,14.349232",15000,271,51
1786619418,2026-08-13T11:10:18Z,WMT3178,"36.838852,14.351177",15000,272,51
1786619420,2026-08-13T11:10:20Z,WMT3178,"36.84082,14.354324",15000,271,52
1786619422,2026-08-13T11:10:22Z,WMT3178,"36.842102,14.356384",15000,271,52
1786619425,2026-08-13T11:10:25Z,WMT3178,"36.844143,14.359715",15000,272,52
1786619427,2026-08-13T11:10:27Z,WMT3178,"36.845722,14.362228",15000,271,52
1786619429,2026-08-13T11:10:29Z,WMT3178,"36.84684,14.364099",15000,272,52
1786619459,2026-08-13T11:10:59Z,WMT3178,"36.869614,14.403368",15000,273,55
1786619466,2026-08-13T11:11:06Z,WMT3178,"36.87355,14.412192",15000,274,64
1786619468,2026-08-13T11:11:08Z,WMT3178,"36.874649,14.415699",14975,274,69
1786619470,2026-08-13T11:11:10Z,WMT3178,"36.875565,14.419205",14975,276,73
1786619472,2026-08-13T11:11:12Z,WMT3178,"36.87616,14.422244",14975,276,77
1786619475,2026-08-13T11:11:15Z,WMT3178,"36.876709,14.426218",15000,277,81
1786619477,2026-08-13T11:11:17Z,WMT3178,"36.876915,14.42887",15000,278,84
1786619479,2026-08-13T11:11:19Z,WMT3178,"36.877052,14.432274",15000,279,88
1786619481,2026-08-13T11:11:21Z,WMT3178,"36.876892,14.436853",15000,280,93
1786619483,2026-08-13T11:11:23Z,WMT3178,"36.876633,14.439857",15000,281,97
1786619485,2026-08-13T11:11:25Z,WMT3178,"36.876122,14.443618",15000,281,100
1786619488,2026-08-13T11:11:28Z,WMT3178,"36.875519,14.446723",15000,282,104
1786619490,2026-08-13T11:11:30Z,WMT3178,"36.874634,14.450186",15000,283,109
1786619492,2026-08-13T11:11:32Z,WMT3178,"36.873608,14.453529",15000,283,112
1786619494,2026-08-13T11:11:34Z,WMT3178,"36.872314,14.457014",15000,283,116
1786619496,2026-08-13T11:11:36Z,WMT3178,"36.870758,14.460463",15000,283,119
1786619498,2026-08-13T11:11:38Z,WMT3178,"36.869247,14.463326",15000,284,122
1786619501,2026-08-13T11:11:41Z,WMT3178,"36.867645,14.466072",15000,284,126
1786619503,2026-08-13T11:11:43Z,WMT3178,"36.865929,14.468696",15000,285,131
1786619505,2026-08-13T11:11:45Z,WMT3178,"36.863972,14.471204",15000,286,134
1786619507,2026-08-13T11:11:47Z,WMT3178,"36.861923,14.473651",15000,286,137
1786619509,2026-08-13T11:11:49Z,WMT3178,"36.859875,14.475801",15000,287,140
1786619511,2026-08-13T11:11:51Z,WMT3178,"36.857574,14.477935",15000,287,144
1786619514,2026-08-13T11:11:54Z,WMT3178,"36.854691,14.480214",15000,286,147
1786619516,2026-08-13T11:11:56Z,WMT3178,"36.852356,14.481851",15000,287,150
1786619518,2026-08-13T11:11:58Z,WMT3178,"36.849449,14.483545",15000,288,155
1786619521,2026-08-13T11:12:01Z,WMT3178,"36.846935,14.484773",15000,287,160
1786619523,2026-08-13T11:12:03Z,WMT3178,"36.843704,14.486046",15000,289,164
1786619525,2026-08-13T11:12:05Z,WMT3178,"36.841766,14.486701",15000,288,165
1786619527,2026-08-13T11:12:07Z,WMT3178,"36.838463,14.48746",15000,289,170
1786619529,2026-08-13T11:12:09Z,WMT3178,"36.835529,14.487928",15000,289,174
1786619531,2026-08-13T11:12:11Z,WMT3178,"36.833107,14.488103",15000,290,177
1786619533,2026-08-13T11:12:13Z,WMT3178,"36.830292,14.488163",15000,290,180
1786619535,2026-08-13T11:12:15Z,WMT3178,"36.827477,14.487987",15000,289,184
1786619537,2026-08-13T11:12:17Z,WMT3178,"36.824215,14.48746",15000,289,187
1786619539,2026-08-13T11:12:19Z,WMT3178,"36.821564,14.486876",15000,289,191
1786619542,2026-08-13T11:12:22Z,WMT3178,"36.81839,14.485817",15000,289,194
1786619544,2026-08-13T11:12:24Z,WMT3178,"36.816395,14.485006",15000,289,199
1786619546,2026-08-13T11:12:26Z,WMT3178,"36.813538,14.483585",15000,288,203
1786619548,2026-08-13T11:12:28Z,WMT3178,"36.810333,14.481697",15000,288,206
1786619551,2026-08-13T11:12:31Z,WMT3178,"36.808018,14.480039",15000,287,211
1786619553,2026-08-13T11:12:33Z,WMT3178,"36.805408,14.477818",15000,286,215
1786619555,2026-08-13T11:12:35Z,WMT3178,"36.803192,14.475746",15000,287,218
1786619557,2026-08-13T11:12:37Z,WMT3178,"36.80159,14.47403",15000,286,222
1786619559,2026-08-13T11:12:39Z,WMT3178,"36.799263,14.471273",15000,286,225
1786619561,2026-08-13T11:12:41Z,WMT3178,"36.797104,14.468307",15000,285,228
1786619563,2026-08-13T11:12:43Z,WMT3178,"36.795319,14.465446",15000,285,231
1786619565,2026-08-13T11:12:45Z,WMT3178,"36.793808,14.462929",15025,285,233
1786619568,2026-08-13T11:12:48Z,WMT3178,"36.792282,14.460287",15025,285,235
1786619570,2026-08-13T11:12:50Z,WMT3178,"36.790558,14.45715",15025,285,235
1786619572,2026-08-13T11:12:52Z,WMT3178,"36.789001,14.454346",15025,285,235
1786619574,2026-08-13T11:12:54Z,WMT3178,"36.787113,14.450937",15025,286,235
1786619576,2026-08-13T11:12:56Z,WMT3178,"36.785843,14.448566",15000,286,235
1786619578,2026-08-13T11:12:58Z,WMT3178,"36.784321,14.445794",15000,286,235
1786619581,2026-08-13T11:13:01Z,WMT3178,"36.782413,14.442347",15000,286,235
1786619583,2026-08-13T11:13:03Z,WMT3178,"36.78067,14.439182",15000,286,235
1786619585,2026-08-13T11:13:05Z,WMT3178,"36.779247,14.43662",15000,286,235
1786619587,2026-08-13T11:13:07Z,WMT3178,"36.777618,14.433756",15000,286,235
1786619589,2026-08-13T11:13:09Z,WMT3178,"36.776093,14.431",15000,286,234
1786619622,2026-08-13T11:13:42Z,WMT3178,"36.750595,14.387398",15000,287,234
1786619630,2026-08-13T11:13:50Z,WMT3178,"36.744553,14.375439",14975,288,243
1786619632,2026-08-13T11:13:52Z,WMT3178,"36.74345,14.372396",14975,287,246
1786619634,2026-08-13T11:13:54Z,WMT3178,"36.742355,14.368744",14975,286,250
1786619637,2026-08-13T11:13:57Z,WMT3178,"36.741623,14.36554",14975,285,254
1786619639,2026-08-13T11:13:59Z,WMT3178,"36.741028,14.362228",14975,284,259
1786619641,2026-08-13T11:14:01Z,WMT3178,"36.740608,14.358313",14975,283,263
1786619643,2026-08-13T11:14:03Z,WMT3178,"36.740433,14.354954",15000,283,267
1786619645,2026-08-13T11:14:05Z,WMT3178,"36.740479,14.350891",15000,282,271
1786619648,2026-08-13T11:14:08Z,WMT3178,"36.740799,14.347172",15000,281,277
1786619650,2026-08-13T11:14:10Z,WMT3178,"36.741211,14.34391",15000,281,280
1786619652,2026-08-13T11:14:12Z,WMT3178,"36.741867,14.340548",15000,279,284
1786619654,2026-08-13T11:14:14Z,WMT3178,"36.742493,14.337902",15000,279,288
1786619656,2026-08-13T11:14:16Z,WMT3178,"36.743587,14.334236",15000,278,291
1786619658,2026-08-13T11:14:18Z,WMT3178,"36.744781,14.331036",15000,277,294
1786619660,2026-08-13T11:14:20Z,WMT3178,"36.745964,14.328158",15000,276,298
1786619662,2026-08-13T11:14:22Z,WMT3178,"36.74736,14.325237",15000,276,301
1786619664,2026-08-13T11:14:24Z,WMT3178,"36.748894,14.322549",15000,276,304
1786619666,2026-08-13T11:14:26Z,WMT3178,"36.750107,14.320621",15000,274,308
1786619669,2026-08-13T11:14:29Z,WMT3178,"36.752247,14.317581",15000,274,311
1786619671,2026-08-13T11:14:31Z,WMT3178,"36.75444,14.314899",15000,273,316
1786619673,2026-08-13T11:14:33Z,WMT3178,"36.75618,14.312954",15000,273,319
1786619675,2026-08-13T11:14:35Z,WMT3178,"36.75853,14.310686",15000,272,322
1786619677,2026-08-13T11:14:37Z,WMT3178,"36.760391,14.309006",15000,272,325
1786619680,2026-08-13T11:14:40Z,WMT3178,"36.763138,14.306946",15000,271,330
1786619682,2026-08-13T11:14:42Z,WMT3178,"36.765793,14.305229",15000,271,333
1786619684,2026-08-13T11:14:44Z,WMT3178,"36.768215,14.303907",15000,271,336
1786619686,2026-08-13T11:14:46Z,WMT3178,"36.770782,14.302654",15000,270,339
1786619688,2026-08-13T11:14:48Z,WMT3178,"36.772915,14.301862",15000,269,342
1786619690,2026-08-13T11:14:50Z,WMT3178,"36.775757,14.300927",15000,269,346
1786619693,2026-08-13T11:14:53Z,WMT3178,"36.778152,14.300365",15000,269,350
1786619695,2026-08-13T11:14:55Z,WMT3178,"36.781342,14.299875",15000,268,353
1786619697,2026-08-13T11:14:57Z,WMT3178,"36.783783,14.299622",15000,268,357
1786619699,2026-08-13T11:14:59Z,WMT3178,"36.786163,14.299622",15000,269,358
1786619701,2026-08-13T11:15:01Z,WMT3178,"36.789303,14.299758",15000,268,3
1786619704,2026-08-13T11:15:04Z,WMT3178,"36.791721,14.30005",15000,268,7
1786619706,2026-08-13T11:15:06Z,WMT3178,"36.794861,14.300709",15000,268,9
1786619708,2026-08-13T11:15:08Z,WMT3178,"36.796844,14.301277",15000,268,14
1786619710,2026-08-13T11:15:10Z,WMT3178,"36.799484,14.302197",15000,268,17
1786619712,2026-08-13T11:15:12Z,WMT3178,"36.802002,14.303284",15000,268,20
1786619715,2026-08-13T11:15:15Z,WMT3178,"36.804886,14.304829",15000,269,25
1786619717,2026-08-13T11:15:17Z,WMT3178,"36.807724,14.306602",15000,269,28
1786619720,2026-08-13T11:15:20Z,WMT3178,"36.810562,14.308777",15000,269,31
1786619722,2026-08-13T11:15:22Z,WMT3178,"36.812576,14.310493",15000,270,34
1786619724,2026-08-13T11:15:24Z,WMT3178,"36.814911,14.312782",15000,269,39
1786619726,2026-08-13T11:15:26Z,WMT3178,"36.816628,14.314718",15000,270,42
1786619728,2026-08-13T11:15:28Z,WMT3178,"36.818398,14.31688",15000,271,46
1786619730,2026-08-13T11:15:30Z,WMT3178,"36.8204,14.319685",15000,270,49
1786619733,2026-08-13T11:15:33Z,WMT3178,"36.821983,14.322198",15000,271,52
1786619735,2026-08-13T11:15:35Z,WMT3178,"36.823658,14.325062",15000,271,54
1786619737,2026-08-13T11:15:37Z,WMT3178,"36.82515,14.327808",15025,272,55
1786619739,2026-08-13T11:15:39Z,WMT3178,"36.826683,14.330671",15025,272,56
1786619741,2026-08-13T11:15:41Z,WMT3178,"36.828175,14.333477",15025,272,56
1786619743,2026-08-13T11:15:43Z,WMT3178,"36.82988,14.3367",15000,272,56
1786619745,2026-08-13T11:15:45Z,WMT3178,"36.831291,14.33932",15000,272,56
1786619747,2026-08-13T11:15:47Z,WMT3178,"36.832672,14.34185",15000,272,56
1786619750,2026-08-13T11:15:50Z,WMT3178,"36.834179,14.344638",15000,272,55
1786619752,2026-08-13T11:15:52Z,WMT3178,"36.83606,14.34803",15000,272,55
1786619754,2026-08-13T11:15:54Z,WMT3178,"36.837578,14.350716",15000,272,55
1786619756,2026-08-13T11:15:56Z,WMT3178,"36.83902,14.353287",15000,272,55
1786619759,2026-08-13T11:15:59Z,WMT3178,"36.84079,14.356442",15000,271,54
1786619790,2026-08-13T11:16:30Z,WMT3178,"36.86412,14.39583",15000,272,53
1786619803,2026-08-13T11:16:43Z,WMT3178,"36.873047,14.413244",14975,275,65
1786619805,2026-08-13T11:16:45Z,WMT3178,"36.873871,14.415815",14975,276,68
1786619807,2026-08-13T11:16:47Z,WMT3178,"36.874969,14.419673",14975,276,72
1786619810,2026-08-13T11:16:50Z,WMT3178,"36.875565,14.422661",14975,277,75
1786619812,2026-08-13T11:16:52Z,WMT3178,"36.876167,14.426781",14975,278,79
1786619814,2026-08-13T11:16:54Z,WMT3178,"36.87645,14.430064",15000,279,85
1786619816,2026-08-13T11:16:56Z,WMT3178,"36.876572,14.433171",15000,280,88
1786619818,2026-08-13T11:16:58Z,WMT3178,"36.87648,14.437145",15000,280,92
1786619820,2026-08-13T11:17:00Z,WMT3178,"36.876205,14.440476",15000,280,96
1786619822,2026-08-13T11:17:02Z,WMT3178,"36.875751,14.443797",15000,281,99
1786619825,2026-08-13T11:17:05Z,WMT3178,"36.875286,14.446305",15000,281,103
1786619827,2026-08-13T11:17:07Z,WMT3178,"36.874466,14.449768",15000,281,107
1786619829,2026-08-13T11:17:09Z,WMT3178,"36.87347,14.453172",15000,282,112
1786619831,2026-08-13T11:17:11Z,WMT3178,"36.872074,14.456873",15000,282,116
1786619833,2026-08-13T11:17:13Z,WMT3178,"36.870804,14.459761",15000,281,119
1786619835,2026-08-13T11:17:15Z,WMT3178,"36.869568,14.462274",15000,281,123
1786619837,2026-08-13T11:17:17Z,WMT3178,"36.867744,14.465352",15000,282,126
1786619839,2026-08-13T11:17:19Z,WMT3178,"36.866207,14.46774",15000,282,129
1786619842,2026-08-13T11:17:22Z,WMT3178,"36.86412,14.470572",15000,283,133
1786619844,2026-08-13T11:17:24Z,WMT3178,"36.862061,14.472968",15000,283,137
1786619846,2026-08-13T11:17:26Z,WMT3178,"36.859955,14.475188",15000,284,139
1786619848,2026-08-13T11:17:28Z,WMT3178,"36.857735,14.477234",15000,286,144
1786619850,2026-08-13T11:17:30Z,WMT3178,"36.855011,14.479455",15000,286,147
1786619852,2026-08-13T11:17:32Z,WMT3178,"36.85252,14.481174",15000,287,151
1786619854,2026-08-13T11:17:34Z,WMT3178,"36.850285,14.482548",15000,288,154
1786619856,2026-08-13T11:17:36Z,WMT3178,"36.848145,14.483643",15000,288,157
1786619858,2026-08-13T11:17:38Z,WMT3178,"36.84549,14.484831",15000,288,161
1786619861,2026-08-13T11:17:41Z,WMT3178,"36.842186,14.485999",15000,289,164
1786619863,2026-08-13T11:17:43Z,WMT3178,"36.840046,14.486584",15000,290,169
1786619865,2026-08-13T11:17:45Z,WMT3178,"36.836426,14.487305",15000,291,172
1786619867,2026-08-13T11:17:47Z,WMT3178,"36.833668,14.487577",15000,291,176
1786619869,2026-08-13T11:17:49Z,WMT3178,"36.83107,14.487648",15000,291,179
1786619872,2026-08-13T11:17:52Z,WMT3178,"36.827568,14.48746",15000,291,183
1786619874,2026-08-13T11:17:54Z,WMT3178,"36.825073,14.487076",15000,290,186
1786619876,2026-08-13T11:17:56Z,WMT3178,"36.821655,14.486292",15000,291,191
1786619878,2026-08-13T11:17:58Z,WMT3178,"36.819561,14.485649",15000,291,195
1786619880,2026-08-13T11:18:00Z,WMT3178,"36.816147,14.484272",15000,291,198
1786619882,2026-08-13T11:18:02Z,WMT3178,"36.813583,14.483013",15000,291,202
1786619885,2026-08-13T11:18:05Z,WMT3178,"36.811043,14.4815",15000,290,205
1786619887,2026-08-13T11:18:07Z,WMT3178,"36.808388,14.47963",15000,290,209
1786619889,2026-08-13T11:18:09Z,WMT3178,"36.806015,14.477701",15000,290,212
1786619891,2026-08-13T11:18:11Z,WMT3178,"36.803921,14.475773",15000,289,218
1786619893,2026-08-13T11:18:13Z,WMT3178,"36.801872,14.473611",15000,288,221
1786619895,2026-08-13T11:18:15Z,WMT3178,"36.799484,14.470768",15000,288,225
1786619898,2026-08-13T11:18:18Z,WMT3178,"36.797729,14.468293",15000,287,228
1786619900,2026-08-13T11:18:20Z,WMT3178,"36.795868,14.465487",15000,287,231
1786619902,2026-08-13T11:18:22Z,WMT3178,"36.794003,14.462157",15025,286,235
1786619904,2026-08-13T11:18:24Z,WMT3178,"36.792526,14.459496",15025,286,236
1786619906,2026-08-13T11:18:26Z,WMT3178,"36.790787,14.456177",15025,285,236
1786619908,2026-08-13T11:18:28Z,WMT3178,"36.789303,14.453391",15025,284,237
1786619911,2026-08-13T11:18:31Z,WMT3178,"36.787811,14.450455",15025,284,237
1786619913,2026-08-13T11:18:33Z,WMT3178,"36.786072,14.447136",15025,285,236
1786619915,2026-08-13T11:18:35Z,WMT3178,"36.784695,14.444509",15000,285,236
1786619917,2026-08-13T11:18:37Z,WMT3178,"36.783417,14.442158",15025,284,236
1786619919,2026-08-13T11:18:39Z,WMT3178,"36.781906,14.439297",15025,284,236
1786619921,2026-08-13T11:18:41Z,WMT3178,"36.780132,14.436093",15000,284,235
1786619923,2026-08-13T11:18:43Z,WMT3178,"36.778595,14.433289",15000,284,235
1786619925,2026-08-13T11:18:45Z,WMT3178,"36.776733,14.42997",15000,285,235
1786619958,2026-08-13T11:19:18Z,WMT3178,"36.751511,14.387226",15000,289,233
1786619969,2026-08-13T11:19:29Z,WMT3178,"36.744141,14.371548",14975,287,246
1786619971,2026-08-13T11:19:31Z,WMT3178,"36.743179,14.368229",14975,286,249
1786619973,2026-08-13T11:19:33Z,WMT3178,"36.742424,14.364799",14975,284,255
1786619975,2026-08-13T11:19:35Z,WMT3178,"36.741959,14.362053",14975,284,259
1786619977,2026-08-13T11:19:37Z,WMT3178,"36.741577,14.358673",14975,283,263
1786619979,2026-08-13T11:19:39Z,WMT3178,"36.741394,14.355412",15000,283,267
1786619981,2026-08-13T11:19:41Z,WMT3178,"36.741402,14.351125",15000,282,271
1786619983,2026-08-13T11:19:43Z,WMT3178,"36.741577,14.347973",15000,282,275
1786619986,2026-08-13T11:19:46Z,WMT3178,"36.742081,14.344025",15000,281,278
1786619988,2026-08-13T11:19:48Z,WMT3178,"36.742519,14.341482",15000,279,284
1786619990,2026-08-13T11:19:50Z,WMT3178,"36.743362,14.337788",15000,279,287
1786619992,2026-08-13T11:19:52Z,WMT3178,"36.744461,14.334068",15000,278,291
1786619994,2026-08-13T11:19:54Z,WMT3178,"36.745312,14.331665",15000,278,294
1786619996,2026-08-13T11:19:56Z,WMT3178,"36.746845,14.327984",15000,277,297
1786619998,2026-08-13T11:19:58Z,WMT3178,"36.748215,14.325199",15000,277,301
1786620001,2026-08-13T11:20:01Z,WMT3178,"36.749733,14.322491",15000,276,304
1786620003,2026-08-13T11:20:03Z,WMT3178,"36.751236,14.320107",15000,274,309
1786620005,2026-08-13T11:20:05Z,WMT3178,"36.753113,14.317474",15000,275,312
1786620007,2026-08-13T11:20:07Z,WMT3178,"36.754852,14.315244",15000,274,314
1786620009,2026-08-13T11:20:09Z,WMT3178,"36.756821,14.313011",15000,274,317
1786620011,2026-08-13T11:20:11Z,WMT3178,"36.758835,14.311008",15000,273,322
1786620013,2026-08-13T11:20:13Z,WMT3178,"36.761139,14.308991",15000,272,325
1786620016,2026-08-13T11:20:16Z,WMT3178,"36.76384,14.306946",15000,271,329
1786620018,2026-08-13T11:20:18Z,WMT3178,"36.766071,14.305485",15000,271,333
1786620020,2026-08-13T11:20:20Z,WMT3178,"36.768726,14.304024",15000,270,336
1786620022,2026-08-13T11:20:22Z,WMT3178,"36.771744,14.302597",15000,271,340
1786620025,2026-08-13T11:20:25Z,WMT3178,"36.774033,14.301739",15000,270,343
1786620027,2026-08-13T11:20:27Z,WMT3178,"36.776546,14.300985",15000,269,348
1786620029,2026-08-13T11:20:29Z,WMT3178,"36.779434,14.300343",15000,270,351
1786620031,2026-08-13T11:20:31Z,WMT3178,"36.78204,14.299933",15000,269,354
1786620033,2026-08-13T11:20:33Z,WMT3178,"36.784649,14.299758",15000,269,357
1786620035,2026-08-13T11:20:35Z,WMT3178,"36.787216,14.299736",15000,269,359
1786620037,2026-08-13T11:20:37Z,WMT3178,"36.789581,14.299933",15000,269,3
1786620039,2026-08-13T11:20:39Z,WMT3178,"36.792004,14.300225",15000,269,7
1786620042,2026-08-13T11:20:42Z,WMT3178,"36.794983,14.300868",15000,269,10
1786620044,2026-08-13T11:20:44Z,WMT3178,"36.797401,14.30157",15000,269,15
1786620046,2026-08-13T11:20:46Z,WMT3178,"36.79985,14.302425",15000,268,18
1786620048,2026-08-13T11:20:48Z,WMT3178,"36.80246,14.30357",15000,268,21
1786620050,2026-08-13T11:20:50Z,WMT3178,"36.805271,14.305134",15000,269,24
1786620052,2026-08-13T11:20:52Z,WMT3178,"36.807541,14.306545",15000,269,27
1786620054,2026-08-13T11:20:54Z,WMT3178,"36.809692,14.308115",15000,269,31
1786620056,2026-08-13T11:20:56Z,WMT3178,"36.812019,14.310043",15000,269,34
1786620059,2026-08-13T11:20:59Z,WMT3178,"36.814224,14.312153",15000,269,37
1786620061,2026-08-13T11:21:01Z,WMT3178,"36.815689,14.313698",15000,270,40
1786620063,2026-08-13T11:21:03Z,WMT3178,"36.817657,14.315987",15000,271,45
1786620065,2026-08-13T11:21:05Z,WMT3178,"36.819443,14.31839",15000,271,47
1786620067,2026-08-13T11:21:07Z,WMT3178,"36.821503,14.32148",15000,272,50
1786620069,2026-08-13T11:21:09Z,WMT3178,"36.823006,14.323951",15000,271,53
1786620071,2026-08-13T11:21:11Z,WMT3178,"36.82431,14.326172",15025,271,54
1786620073,2026-08-13T11:21:13Z,WMT3178,"36.825985,14.32921",15025,272,55
1786620076,2026-08-13T11:21:16Z,WMT3178,"36.827866,14.332581",15025,271,55
1786620078,2026-08-13T11:21:18Z,WMT3178,"36.82933,14.335213",15000,272,55
1786620080,2026-08-13T11:21:20Z,WMT3178,"36.830887,14.338074",15000,272,55
1786620082,2026-08-13T11:21:22Z,WMT3178,"36.832222,14.340489",15000,271,55
1786620084,2026-08-13T11:21:24Z,WMT3178,"36.833668,14.34306",15000,272,55
1786620086,2026-08-13T11:21:26Z,WMT3178,"36.835342,14.346041",15000,271,55
1786620089,2026-08-13T11:21:29Z,WMT3178,"36.837067,14.349117",15000,271,54
1786620091,2026-08-13T11:21:31Z,WMT3178,"36.83865,14.351943",15000,271,54
1786620123,2026-08-13T11:22:03Z,WMT3178,"36.862621,14.392747",15000,272,53
1786620140,2026-08-13T11:22:20Z,WMT3178,"36.874008,14.414997",14975,275,67
1786620142,2026-08-13T11:22:22Z,WMT3178,"36.875004,14.418481",14975,275,71
1786620144,2026-08-13T11:22:24Z,WMT3178,"36.875793,14.421951",14975,276,75
1786620147,2026-08-13T11:22:27Z,WMT3178,"36.876354,14.425527",14975,276,78
1786620149,2026-08-13T11:22:29Z,WMT3178,"36.876663,14.428614",15000,278,84
1786620151,2026-08-13T11:22:31Z,WMT3178,"36.87682,14.431796",15000,279,88
1786620153,2026-08-13T11:22:33Z,WMT3178,"36.87682,14.43502",15000,279,92
1786620155,2026-08-13T11:22:35Z,WMT3178,"36.876587,14.438663",15000,280,95
1786620157,2026-08-13T11:22:37Z,WMT3178,"36.876251,14.44182",15000,282,97
1786620159,2026-08-13T11:22:39Z,WMT3178,"36.875702,14.44521",15000,281,102
1786620161,2026-08-13T11:22:41Z,WMT3178,"36.874821,14.449231",15000,281,106
1786620164,2026-08-13T11:22:44Z,WMT3178,"36.873871,14.452397",15000,282,111
1786620166,2026-08-13T11:22:46Z,WMT3178,"36.872818,14.455437",15000,282,115
1786620168,2026-08-13T11:22:48Z,WMT3178,"36.871628,14.4583",15000,282,118
1786620170,2026-08-13T11:22:50Z,WMT3178,"36.870026,14.461631",15000,283,122
1786620172,2026-08-13T11:22:52Z,WMT3178,"36.868286,14.464728",15000,283,125
1786620174,2026-08-13T11:22:54Z,WMT3178,"36.866501,14.467533",15000,285,128
1786620177,2026-08-13T11:22:57Z,WMT3178,"36.864624,14.470104",15000,285,132
1786620179,2026-08-13T11:22:59Z,WMT3178,"36.862621,14.472517",15000,284,135
1786620181,2026-08-13T11:23:01Z,WMT3178,"36.860641,14.474663",15000,285,139
1786620183,2026-08-13T11:23:03Z,WMT3178,"36.858154,14.476995",15000,286,144
1786620185,2026-08-13T11:23:05Z,WMT3178,"36.855965,14.478846",15000,286,147
1786620188,2026-08-13T11:23:08Z,WMT3178,"36.853317,14.480741",15000,287,150
1786620190,2026-08-13T11:23:10Z,WMT3178,"36.850613,14.482368",15000,287,155
1786620192,2026-08-13T11:23:12Z,WMT3178,"36.848145,14.483662",15000,287,157
1786620194,2026-08-13T11:23:14Z,WMT3178,"36.84581,14.48473",15000,288,162
1786620196,2026-08-13T11:23:16Z,WMT3178,"36.842651,14.48576",15000,288,165
1786620198,2026-08-13T11:23:18Z,WMT3178,"36.840408,14.486389",15000,288,167
1786620200,2026-08-13T11:23:20Z,WMT3178,"36.837158,14.486993",15000,289,172
1786620202,2026-08-13T11:23:22Z,WMT3178,"36.834595,14.487305",15000,289,175
1786620204,2026-08-13T11:23:24Z,WMT3178,"36.831116,14.487419",15000,290,179
1786620206,2026-08-13T11:23:26Z,WMT3178,"36.829147,14.487305",15000,289,182
1786620209,2026-08-13T11:23:29Z,WMT3178,"36.825806,14.486904",15000,289,186
1786620211,2026-08-13T11:23:31Z,WMT3178,"36.822968,14.486275",15000,289,191
1786620213,2026-08-13T11:23:33Z,WMT3178,"36.820084,14.485416",15000,289,194
1786620215,2026-08-13T11:23:35Z,WMT3178,"36.816788,14.484158",15000,290,198
1786620217,2026-08-13T11:23:37Z,WMT3178,"36.814362,14.482956",15000,290,201
1786620220,2026-08-13T11:23:40Z,WMT3178,"36.811974,14.481617",15000,290,206
1786620222,2026-08-13T11:23:42Z,WMT3178,"36.809601,14.47998",15000,290,210
1786620224,2026-08-13T11:23:44Z,WMT3178,"36.806671,14.477692",15000,290,212
1786620226,2026-08-13T11:23:46Z,WMT3178,"36.804432,14.475657",15000,289,217
1786620228,2026-08-13T11:23:48Z,WMT3178,"36.802292,14.473377",15000,290,220
1786620230,2026-08-13T11:23:50Z,WMT3178,"36.800262,14.471054",15000,289,224
1786620232,2026-08-13T11:23:52Z,WMT3178,"36.798477,14.468594",15000,288,227
1786620234,2026-08-13T11:23:54Z,WMT3178,"36.796799,14.466072",15000,287,231
1786620237,2026-08-13T11:23:57Z,WMT3178,"36.794937,14.463034",15025,287,233
1786620239,2026-08-13T11:23:59Z,WMT3178,"36.793167,14.459953",15025,287,234
1786620241,2026-08-13T11:24:01Z,WMT3178,"36.791721,14.457248",15025,287,235
1786620243,2026-08-13T11:24:03Z,WMT3178,"36.7901,14.454288",15025,286,236
1786620245,2026-08-13T11:24:05Z,WMT3178,"36.788818,14.451828",15025,286,236
1786620247,2026-08-13T11:24:07Z,WMT3178,"36.787308,14.449081",15025,286,236
1786620249,2026-08-13T11:24:09Z,WMT3178,"36.785484,14.445619",15025,286,236
1786620251,2026-08-13T11:24:11Z,WMT3178,"36.783951,14.442756",15000,286,236
1786620253,2026-08-13T11:24:13Z,WMT3178,"36.782455,14.440041",15000,285,235
1786620255,2026-08-13T11:24:15Z,WMT3178,"36.780945,14.437294",15000,285,235
1786620258,2026-08-13T11:24:18Z,WMT3178,"36.779388,14.434458",15000,286,235
1786620260,2026-08-13T11:24:20Z,WMT3178,"36.777943,14.431886",15000,285,235
1786620262,2026-08-13T11:24:22Z,WMT3178,"36.776314,14.429023",15000,285,234
1786620293,2026-08-13T11:24:53Z,WMT3178,"36.752106,14.387684",15000,286,233
1786620303,2026-08-13T11:25:03Z,WMT3178,"36.744659,14.372513",14975,285,244
1786620306,2026-08-13T11:25:06Z,WMT3178,"36.7435,14.368916",14975,285,248
1786620308,2026-08-13T11:25:08Z,WMT3178,"36.742767,14.36594",14975,285,252
1786620310,2026-08-13T11:25:10Z,WMT3178,"36.742172,14.36285",14975,284,258
1786620312,2026-08-13T11:25:12Z,WMT3178,"36.741623,14.358845",14975,283,262
1786620314,2026-08-13T11:25:14Z,WMT3178,"36.741402,14.355624",14975,283,266
1786620316,2026-08-13T11:25:16Z,WMT3178,"36.741348,14.35215",15000,283,270
1786620318,2026-08-13T11:25:18Z,WMT3178,"36.741486,14.348831",15000,281,273
1786620320,2026-08-13T11:25:20Z,WMT3178,"36.74176,14.346256",15000,281,277
1786620322,2026-08-13T11:25:22Z,WMT3178,"36.742264,14.342709",15000,281,281
1786620324,2026-08-13T11:25:24Z,WMT3178,"36.742905,14.339447",15000,280,285
1786620327,2026-08-13T11:25:27Z,WMT3178,"36.743683,14.336357",15000,279,290
1786620329,2026-08-13T11:25:29Z,WMT3178,"36.744938,14.332541",15000,278,294
1786620331,2026-08-13T11:25:31Z,WMT3178,"36.746101,14.329619",15000,279,295
1786620333,2026-08-13T11:25:33Z,WMT3178,"36.747391,14.326801",15000,277,300
1786620335,2026-08-13T11:25:35Z,WMT3178,"36.748764,14.324112",15000,276,304
1786620337,2026-08-13T11:25:37Z,WMT3178,"36.750687,14.320908",15000,276,307
1786620339,2026-08-13T11:25:39Z,WMT3178,"36.752434,14.318399",15000,275,311
1786620342,2026-08-13T11:25:42Z,WMT3178,"36.754204,14.316062",15000,274,314
1786620344,2026-08-13T11:25:44Z,WMT3178,"36.756531,14.313433",15000,274,317
1786620346,2026-08-13T11:25:46Z,WMT3178,"36.758423,14.311466",15000,273,322
1786620348,2026-08-13T11:25:48Z,WMT3178,"36.760532,14.309634",15000,274,325
1786620350,2026-08-13T11:25:50Z,WMT3178,"36.762768,14.307822",15000,272,328
1786620352,2026-08-13T11:25:52Z,WMT3178,"36.765003,14.306245",15000,272,331
1786620354,2026-08-13T11:25:54Z,WMT3178,"36.767563,14.304725",15000,271,334
1786620357,2026-08-13T11:25:57Z,WMT3178,"36.770401,14.303265",15000,271,339
1786620359,2026-08-13T11:25:59Z,WMT3178,"36.772591,14.302329",15000,270,342
1786620361,2026-08-13T11:26:01Z,WMT3178,"36.775085,14.301453",15000,270,344
1786620363,2026-08-13T11:26:03Z,WMT3178,"36.777805,14.300693",15000,270,348
1786620365,2026-08-13T11:26:05Z,WMT3178,"36.780441,14.300194",15000,269,352
1786620367,2026-08-13T11:26:07Z,WMT3178,"36.782833,14.299875",15000,269,355
1786620369,2026-08-13T11:26:09Z,WMT3178,"36.785858,14.299758",15000,269,358
1786620371,2026-08-13T11:26:11Z,WMT3178,"36.788635,14.299793",15000,269,1
1786620374,2026-08-13T11:26:14Z,WMT3178,"36.79097,14.300022",15000,268,6
1786620376,2026-08-13T11:26:16Z,WMT3178,"36.794003,14.300576",15000,268,9
1786620378,2026-08-13T11:26:18Z,WMT3178,"36.796738,14.301281",15000,268,12
1786620381,2026-08-13T11:26:21Z,WMT3178,"36.799393,14.302197",15000,268,16
1786620383,2026-08-13T11:26:23Z,WMT3178,"36.802185,14.303398",15000,269,19
1786620385,2026-08-13T11:26:25Z,WMT3178,"36.804478,14.304608",15000,269,22
1786620387,2026-08-13T11:26:27Z,WMT3178,"36.806854,14.306011",15000,268,27
1786620389,2026-08-13T11:26:29Z,WMT3178,"36.809273,14.307706",15000,268,30
1786620391,2026-08-13T11:26:31Z,WMT3178,"36.811203,14.309292",15000,269,33
1786620393,2026-08-13T11:26:33Z,WMT3178,"36.813354,14.31118",15000,270,36
1786620396,2026-08-13T11:26:36Z,WMT3178,"36.815838,14.313725",15000,269,41
1786620398,2026-08-13T11:26:38Z,WMT3178,"36.817749,14.316044",15000,270,45
1786620400,2026-08-13T11:26:40Z,WMT3178,"36.819656,14.318575",15000,270,48
1786620402,2026-08-13T11:26:42Z,WMT3178,"36.821457,14.321308",15000,271,51
1786620404,2026-08-13T11:26:44Z,WMT3178,"36.822868,14.323601",15000,270,53
1786620406,2026-08-13T11:26:46Z,WMT3178,"36.82457,14.32663",15025,272,55
1786620408,2026-08-13T11:26:48Z,WMT3178,"36.825989,14.329205",15025,272,55
1786620410,2026-08-13T11:26:50Z,WMT3178,"36.827522,14.332074",15025,271,56
1786620413,2026-08-13T11:26:53Z,WMT3178,"36.828873,14.334587",15025,271,56
1786620415,2026-08-13T11:26:55Z,WMT3178,"36.83041,14.33745",15000,271,56
1786620417,2026-08-13T11:26:57Z,WMT3178,"36.831665,14.339847",15000,271,56
1786620419,2026-08-13T11:26:59Z,WMT3178,"36.833435,14.34306",15000,271,55
1786620422,2026-08-13T11:27:02Z,WMT3178,"36.835052,14.346027",15000,271,55
1786620424,2026-08-13T11:27:04Z,WMT3178,"36.836369,14.348436",15000,271,55
1786620426,2026-08-13T11:27:06Z,WMT3178,"36.838276,14.351768",15000,271,54
1786620428,2026-08-13T11:27:08Z,WMT3178,"36.839813,14.354496",15000,271,54
1786620430,2026-08-13T11:27:10Z,WMT3178,"36.841396,14.357319",15000,271,54
1786620441,2026-08-13T11:27:21Z,WMT3178,"36.849747,14.370174",15000,272,45
1786620443,2026-08-13T11:27:23Z,WMT3178,"36.851624,14.372396",14975,271,41
1786620445,2026-08-13T11:27:25Z,WMT3178,"36.853916,14.374715",14975,270,38
1786620447,2026-08-13T11:27:27Z,WMT3178,"36.855965,14.376506",14975,270,34
1786620449,2026-08-13T11:27:29Z,WMT3178,"36.858574,14.378536",14975,270,30
1786620452,2026-08-13T11:27:32Z,WMT3178,"36.860687,14.379876",14975,270,27
1786620454,2026-08-13T11:27:34Z,WMT3178,"36.863693,14.381462",15000,269,21
1786620456,2026-08-13T11:27:36Z,WMT3178,"36.86602,14.382417",15000,270,17
1786620458,2026-08-13T11:27:38Z,WMT3178,"36.86858,14.383313",15000,270,16
1786620460,2026-08-13T11:27:40Z,WMT3178,"36.870987,14.383908",15000,270,10
1786620462,2026-08-13T11:27:42Z,WMT3178,"36.873516,14.384328",15000,269,6
1786620464,2026-08-13T11:27:44Z,WMT3178,"36.875931,14.384493",15000,269,2
1786620466,2026-08-13T11:27:46Z,WMT3178,"36.878494,14.384493",15000,269,359
1786620468,2026-08-13T11:27:48Z,WMT3178,"36.881149,14.384268",15000,269,355
1786620471,2026-08-13T11:27:51Z,WMT3178,"36.883759,14.38385",15000,269,351
1786620473,2026-08-13T11:27:53Z,WMT3178,"36.886734,14.383032",15000,268,346
1786620475,2026-08-13T11:27:55Z,WMT3178,"36.889114,14.382214",15000,269,342
1786620477,2026-08-13T11:27:57Z,WMT3178,"36.891392,14.381223",15000,270,340
1786620479,2026-08-13T11:27:59Z,WMT3178,"36.89386,14.379849",15000,269,334
1786620481,2026-08-13T11:28:01Z,WMT3178,"36.895981,14.378474",15000,269,331
1786620483,2026-08-13T11:28:03Z,WMT3178,"36.898544,14.376545",15000,269,327
1786620486,2026-08-13T11:28:06Z,WMT3178,"36.900982,14.374416",15000,269,324
1786620488,2026-08-13T11:28:08Z,WMT3178,"36.902935,14.372625",15000,269,322
1786620490,2026-08-13T11:28:10Z,WMT3178,"36.904984,14.370595",15025,269,321
1786620492,2026-08-13T11:28:12Z,WMT3178,"36.906738,14.36889",15025,270,321
1786620494,2026-08-13T11:28:14Z,WMT3178,"36.908802,14.366774",15025,270,319
1786620496,2026-08-13T11:28:16Z,WMT3178,"36.910618,14.364743",15025,270,317
1786620498,2026-08-13T11:28:18Z,WMT3178,"36.912525,14.362414",15000,271,314
1786620500,2026-08-13T11:28:20Z,WMT3178,"36.914017,14.360475",15000,272,311
1786620502,2026-08-13T11:28:22Z,WMT3178,"36.916157,14.357221",15000,273,308
1786620505,2026-08-13T11:28:25Z,WMT3178,"36.917648,14.354652",15000,272,305
1786620507,2026-08-13T11:28:27Z,WMT3178,"36.919464,14.351125",15000,273,301
1786620509,2026-08-13T11:28:29Z,WMT3178,"36.920673,14.348205",15000,274,296
1786620511,2026-08-13T11:28:31Z,WMT3178,"36.921696,14.345398",15000,275,292
1786620513,2026-08-13T11:28:33Z,WMT3178,"36.922676,14.342114",15000,276,289
1786620515,2026-08-13T11:28:35Z,WMT3178,"36.923607,14.338173",15000,276,285
1786620518,2026-08-13T11:28:38Z,WMT3178,"36.924133,14.335172",15000,277,282
1786620520,2026-08-13T11:28:40Z,WMT3178,"36.924538,14.331903",15000,278,278
1786620522,2026-08-13T11:28:42Z,WMT3178,"36.924774,14.328393",15000,279,273
1786620524,2026-08-13T11:28:44Z,WMT3178,"36.92482,14.32512",15000,280,271
1786620526,2026-08-13T11:28:46Z,WMT3178,"36.924683,14.32103",15000,281,266
1786620528,2026-08-13T11:28:48Z,WMT3178,"36.924408,14.317815",15000,282,263
1786620531,2026-08-13T11:28:51Z,WMT3178,"36.923859,14.313958",15000,283,259
1786620533,2026-08-13T11:28:53Z,WMT3178,"36.923279,14.310886",15000,285,254
1786620535,2026-08-13T11:28:55Z,WMT3178,"36.922302,14.307063",15000,285,252
1786620537,2026-08-13T11:28:57Z,WMT3178,"36.921326,14.30402",15000,287,247
1786620539,2026-08-13T11:28:59Z,WMT3178,"36.919975,14.300378",15000,288,244
1786620542,2026-08-13T11:29:02Z,WMT3178,"36.918766,14.297571",15000,289,240
1786620544,2026-08-13T11:29:04Z,WMT3178,"36.917274,14.294586",15000,289,237
1786620546,2026-08-13T11:29:06Z,WMT3178,"36.915207,14.291109",15000,290,233
1786620548,2026-08-13T11:29:08Z,WMT3178,"36.913513,14.288596",15000,291,229
1786620550,2026-08-13T11:29:10Z,WMT3178,"36.911728,14.286201",15000,291,225
1786620552,2026-08-13T11:29:12Z,WMT3178,"36.909222,14.283241",15000,292,222
1786620554,2026-08-13T11:29:14Z,WMT3178,"36.907127,14.281152",15000,292,218
1786620557,2026-08-13T11:29:17Z,WMT3178,"36.904751,14.279002",15000,292,215
1786620559,2026-08-13T11:29:19Z,WMT3178,"36.902344,14.277201",15000,292,212
1786620561,2026-08-13T11:29:21Z,WMT3178,"36.900101,14.275623",15000,293,208
1786620563,2026-08-13T11:29:23Z,WMT3178,"36.897171,14.273929",15000,292,203
1786620566,2026-08-13T11:29:26Z,WMT3178,"36.89415,14.272468",15000,293,200
1786620568,2026-08-13T11:29:28Z,WMT3178,"36.8909,14.27124",15000,293,195
1786620570,2026-08-13T11:29:30Z,WMT3178,"36.888153,14.270422",15000,293,191
1786620572,2026-08-13T11:29:32Z,WMT3178,"36.886002,14.269897",15000,294,190
1786620574,2026-08-13T11:29:34Z,WMT3178,"36.883072,14.269487",15000,293,185
1786620576,2026-08-13T11:29:36Z,WMT3178,"36.879475,14.26927",15000,294,181
1786620578,2026-08-13T11:29:38Z,WMT3178,"36.876663,14.269312",15000,293,178
1786620581,2026-08-13T11:29:41Z,WMT3178,"36.87426,14.269568",15000,292,175
1786620583,2026-08-13T11:29:43Z,WMT3178,"36.870861,14.270105",15000,292,171
1786620585,2026-08-13T11:29:45Z,WMT3178,"36.86816,14.270823",15000,292,166
1786620587,2026-08-13T11:29:47Z,WMT3178,"36.86499,14.271883",15000,291,163
1786620589,2026-08-13T11:29:49Z,WMT3178,"36.862518,14.272935",15000,292,160
1786620591,2026-08-13T11:29:51Z,WMT3178,"36.859634,14.274396",15000,292,157
1786620594,2026-08-13T11:29:54Z,WMT3178,"36.8573,14.275799",15000,291,153
1786620596,2026-08-13T11:29:56Z,WMT3178,"36.854187,14.278019",15000,291,150
1786620598,2026-08-13T11:29:58Z,WMT3178,"36.852009,14.279839",15000,290,145
1786620600,2026-08-13T11:30:00Z,WMT3178,"36.849884,14.281826",15000,289,142
1786620602,2026-08-13T11:30:02Z,WMT3178,"36.847366,14.284515",15000,288,138
1786620604,2026-08-13T11:30:04Z,WMT3178,"36.845818,14.286434",15000,288,135
1786620606,2026-08-13T11:30:06Z,WMT3178,"36.843582,14.289414",15000,286,131
1786620608,2026-08-13T11:30:08Z,WMT3178,"36.841862,14.292044",15000,286,128
1786620610,2026-08-13T11:30:10Z,WMT3178,"36.840408,14.294701",15000,285,125
1786620613,2026-08-13T11:30:13Z,WMT3178,"36.839172,14.297104",15000,284,121
1786620615,2026-08-13T11:30:15Z,WMT3178,"36.837482,14.301044",15000,283,116
1786620617,2026-08-13T11:30:17Z,WMT3178,"36.836655,14.303226",15000,282,113
1786620619,2026-08-13T11:30:19Z,WMT3178,"36.835434,14.307004",15000,281,110
1786620621,2026-08-13T11:30:21Z,WMT3178,"36.834641,14.310207",15000,280,106
1786620623,2026-08-13T11:30:23Z,WMT3178,"36.833954,14.313526",15000,279,103
1786620625,2026-08-13T11:30:25Z,WMT3178,"36.833435,14.316647",15000,279,100
1786620628,2026-08-13T11:30:28Z,WMT3178,"36.833038,14.320736",15000,278,97
1786620630,2026-08-13T11:30:30Z,WMT3178,"36.832855,14.323311",15000,277,93
1786620632,2026-08-13T11:30:32Z,WMT3178,"36.832855,14.327431",15000,278,88
1786620634,2026-08-13T11:30:34Z,WMT3178,"36.832993,14.330578",15000,276,85
1786620636,2026-08-13T11:30:36Z,WMT3178,"36.833267,14.333782",15000,276,82
1786620639,2026-08-13T11:30:39Z,WMT3178,"36.833759,14.337509",15000,275,79
1786620641,2026-08-13T11:30:41Z,WMT3178,"36.834412,14.340781",15000,276,76
1786620643,2026-08-13T11:30:43Z,WMT3178,"36.835201,14.344054",15000,275,71
1786620645,2026-08-13T11:30:45Z,WMT3178,"36.836151,14.347229",15000,274,69
1786620647,2026-08-13T11:30:47Z,WMT3178,"36.837299,14.350482",15000,274,65
1786620649,2026-08-13T11:30:49Z,WMT3178,"36.838413,14.353229",15000,274,61
1786620651,2026-08-13T11:30:51Z,WMT3178,"36.839722,14.355927",15000,274,58
1786620653,2026-08-13T11:30:53Z,WMT3178,"36.84116,14.358664",15000,274,55
1786620655,2026-08-13T11:30:55Z,WMT3178,"36.843071,14.361877",15000,273,52
1786620658,2026-08-13T11:30:58Z,WMT3178,"36.844666,14.364395",15000,273,51
1786620660,2026-08-13T11:31:00Z,WMT3178,"36.846313,14.366856",15000,272,50
1786620662,2026-08-13T11:31:02Z,WMT3178,"36.848007,14.369373",15025,272,49
1786620664,2026-08-13T11:31:04Z,WMT3178,"36.849773,14.371987",15000,272,49
1786620666,2026-08-13T11:31:06Z,WMT3178,"36.851402,14.374297",15000,273,49
1786620668,2026-08-13T11:31:08Z,WMT3178,"36.853546,14.377461",15000,273,49
1786620670,2026-08-13T11:31:10Z,WMT3178,"36.855286,14.380052",15000,272,49
1786620673,2026-08-13T11:31:13Z,WMT3178,"36.856613,14.38198",15000,273,49
1786620675,2026-08-13T11:31:15Z,WMT3178,"36.858292,14.384507",15000,272,50
1786620677,2026-08-13T11:31:17Z,WMT3178,"36.860249,14.387433",15000,273,50
1786620679,2026-08-13T11:31:19Z,WMT3178,"36.861877,14.389869",15000,273,50
1786620681,2026-08-13T11:31:21Z,WMT3178,"36.863434,14.392207",15000,273,50
1786620696,2026-08-13T11:31:36Z,WMT3178,"36.87645,14.409644",15000,268,38
1786620698,2026-08-13T11:31:38Z,WMT3178,"36.87854,14.41155",15000,268,35
1786620700,2026-08-13T11:31:40Z,WMT3178,"36.880451,14.413167",14975,268,32
1786620702,2026-08-13T11:31:42Z,WMT3178,"36.883011,14.415018",15000,268,28
1786620704,2026-08-13T11:31:44Z,WMT3178,"36.885201,14.416331",15000,267,25
1786620706,2026-08-13T11:31:46Z,WMT3178,"36.887375,14.417452",15000,267,21
1786620709,2026-08-13T11:31:49Z,WMT3178,"36.89032,14.418719",15000,268,18
1786620711,2026-08-13T11:31:51Z,WMT3178,"36.892776,14.419497",15000,268,14
1786620713,2026-08-13T11:31:53Z,WMT3178,"36.895813,14.420213",15000,269,9
1786620715,2026-08-13T11:31:55Z,WMT3178,"36.897724,14.42057",15000,269,6
1786620717,2026-08-13T11:31:57Z,WMT3178,"36.901016,14.420841",15000,270,2
1786620719,2026-08-13T11:31:59Z,WMT3178,"36.90345,14.420869",15000,271,359
1786620721,2026-08-13T11:32:01Z,WMT3178,"36.90596,14.420666",15000,271,356
1786620724,2026-08-13T11:32:04Z,WMT3178,"36.909256,14.420198",15000,272,353
1786620726,2026-08-13T11:32:06Z,WMT3178,"36.911591,14.419673",15000,272,350
1786620728,2026-08-13T11:32:08Z,WMT3178,"36.914108,14.418913",15000,272,345
1786620730,2026-08-13T11:32:10Z,WMT3178,"36.917088,14.417765",15000,272,341
1786620733,2026-08-13T11:32:13Z,WMT3178,"36.919415,14.41669",15000,272,338
1786620735,2026-08-13T11:32:15Z,WMT3178,"36.922165,14.415114",15000,272,333
1786620737,2026-08-13T11:32:17Z,WMT3178,"36.924351,14.413645",15000,272,329
1786620739,2026-08-13T11:32:19Z,WMT3178,"36.92688,14.411667",15000,272,326
1786620741,2026-08-13T11:32:21Z,WMT3178,"36.928867,14.409883",15000,272,323
1786620744,2026-08-13T11:32:24Z,WMT3178,"36.931286,14.407434",15000,272,320
1786620746,2026-08-13T11:32:26Z,WMT3178,"36.933197,14.405238",15000,272,316
1786620748,2026-08-13T11:32:28Z,WMT3178,"36.935429,14.40236",15000,273,312
1786620750,2026-08-13T11:32:30Z,WMT3178,"36.936905,14.400096",15000,273,308
1786620752,2026-08-13T11:32:32Z,WMT3178,"36.938873,14.396823",15000,274,305
1786620754,2026-08-13T11:32:34Z,WMT3178,"36.940247,14.394194",15000,275,302
1786620756,2026-08-13T11:32:36Z,WMT3178,"36.941528,14.39133",15000,276,299
1786620759,2026-08-13T11:32:39Z,WMT3178,"36.942692,14.388507",15000,277,294
1786620761,2026-08-13T11:32:41Z,WMT3178,"36.943954,14.38461",15000,278,291
1786620763,2026-08-13T11:32:43Z,WMT3178,"36.944824,14.381454",15000,278,287
1786620765,2026-08-13T11:32:45Z,WMT3178,"36.945465,14.378532",15000,279,284
1786620767,2026-08-13T11:32:47Z,WMT3178,"36.94606,14.375143",15000,280,281
1786620769,2026-08-13T11:32:49Z,WMT3178,"36.946472,14.371929",15000,280,277
1786620772,2026-08-13T11:32:52Z,WMT3178,"36.946747,14.367896",15000,280,274
1786620774,2026-08-13T11:32:54Z,WMT3178,"36.946789,14.364743",15000,282,271
1786620776,2026-08-13T11:32:56Z,WMT3178,"36.946701,14.36141",15000,282,266
1786620778,2026-08-13T11:32:58Z,WMT3178,"36.946426,14.358313",15000,283,262
1786620780,2026-08-13T11:33:00Z,WMT3178,"36.945877,14.354222",15000,284,259
1786620782,2026-08-13T11:33:02Z,WMT3178,"36.945328,14.3513",15000,283,255
1786620784,2026-08-13T11:33:04Z,WMT3178,"36.944881,14.349159",15000,284,252
1786620786,2026-08-13T11:33:06Z,WMT3178,"36.943634,14.344872",15000,284,248
1786620788,2026-08-13T11:33:08Z,WMT3178,"36.9426,14.341935",15000,284,245
1786620790,2026-08-13T11:33:10Z,WMT3178,"36.941254,14.338677",15000,285,241
1786620792,2026-08-13T11:33:12Z,WMT3178,"36.939972,14.335989",15000,285,238
1786620795,2026-08-13T11:33:15Z,WMT3178,"36.938049,14.332483",15000,287,235
1786620797,2026-08-13T11:33:17Z,WMT3178,"36.936722,14.330262",15000,287,232
1786620799,2026-08-13T11:33:19Z,WMT3178,"36.93457,14.32699",15025,287,231
1786620801,2026-08-13T11:33:21Z,WMT3178,"36.932968,14.324594",15025,288,229
1786620803,2026-08-13T11:33:23Z,WMT3178,"36.931183,14.322022",15025,288,229
1786620805,2026-08-13T11:33:25Z,WMT3178,"36.929123,14.318984",15025,289,229
1786620807,2026-08-13T11:33:27Z,WMT3178,"36.927654,14.316917",15025,289,229
1786620811,2026-08-13T11:33:31Z,WMT3178,"36.92395,14.311504",15000,289,229
1786620814,2026-08-13T11:33:34Z,WMT3178,"36.921791,14.308438",15000,290,229
1786620816,2026-08-13T11:33:36Z,WMT3178,"36.920532,14.306587",15000,289,229
1786620818,2026-08-13T11:33:38Z,WMT3178,"36.918686,14.303848",15000,290,229
1786620820,2026-08-13T11:33:40Z,WMT3178,"36.916298,14.300378",15000,290,229
1786620853,2026-08-13T11:34:13Z,WMT3178,"36.888504,14.258044",15000,289,231
1786620861,2026-08-13T11:34:21Z,WMT3178,"36.880371,14.247164",15000,290,222
1786620863,2026-08-13T11:34:23Z,WMT3178,"36.878216,14.244968",14975,290,219
1786620866,2026-08-13T11:34:26Z,WMT3178,"36.876122,14.243117",14975,291,215
1786620868,2026-08-13T11:34:28Z,WMT3178,"36.873917,14.241379",14975,292,209
1786620870,2026-08-13T11:34:30Z,WMT3178,"36.871124,14.239509",14975,291,206
1786620872,2026-08-13T11:34:32Z,WMT3178,"36.868561,14.238106",15000,291,202
1786620874,2026-08-13T11:34:34Z,WMT3178,"36.865555,14.236789",15000,292,198
1786620876,2026-08-13T11:34:36Z,WMT3178,"36.862656,14.235768",15000,292,194
1786620878,2026-08-13T11:34:38Z,WMT3178,"36.860138,14.235184",15000,293,190
1786620881,2026-08-13T11:34:41Z,WMT3178,"36.856613,14.234658",15000,293,186
1786620883,2026-08-13T11:34:43Z,WMT3178,"36.853825,14.23452",15000,293,181
1786620885,2026-08-13T11:34:45Z,WMT3178,"36.851257,14.234541",15000,292,177
1786620887,2026-08-13T11:34:47Z,WMT3178,"36.848099,14.234892",15000,292,173
1786620889,2026-08-13T11:34:49Z,WMT3178,"36.845585,14.235359",15000,292,170
1786620891,2026-08-13T11:34:51Z,WMT3178,"36.842422,14.236221",15000,291,166
1786620895,2026-08-13T11:34:55Z,WMT3178,"36.837391,14.238339",15000,291,159
1786620897,2026-08-13T11:34:57Z,WMT3178,"36.834961,14.239655",15000,290,156
1786620900,2026-08-13T11:35:00Z,WMT3178,"36.832455,14.241203",15000,290,152
1786620903,2026-08-13T11:35:03Z,WMT3178,"36.828453,14.2443",15000,289,145
1786620905,2026-08-13T11:35:05Z,WMT3178,"36.826172,14.246463",15000,288,142
1786620907,2026-08-13T11:35:07Z,WMT3178,"36.82402,14.248638",15000,287,138
1786620910,2026-08-13T11:35:10Z,WMT3178,"36.821548,14.251671",15000,287,135
1786620912,2026-08-13T11:35:12Z,WMT3178,"36.819809,14.254074",15000,286,130
1786620914,2026-08-13T11:35:14Z,WMT3178,"36.818207,14.256477",15000,286,127
1786620916,2026-08-13T11:35:16Z,WMT3178,"36.816677,14.259202",15000,285,123
1786620918,2026-08-13T11:35:18Z,WMT3178,"36.815048,14.262486",15000,284,120
1786620920,2026-08-13T11:35:20Z,WMT3178,"36.813812,14.265461",15000,283,117
1786620923,2026-08-13T11:35:23Z,WMT3178,"36.812531,14.268961",15000,282,111
1786620925,2026-08-13T11:35:25Z,WMT3178,"36.811462,14.272584",15000,282,110
1786620927,2026-08-13T11:35:27Z,WMT3178,"36.810715,14.275564",15000,280,105
1786620929,2026-08-13T11:35:29Z,WMT3178,"36.810104,14.278793",15000,280,101
1786620931,2026-08-13T11:35:31Z,WMT3178,"36.809692,14.281876",15000,279,98
1786620933,2026-08-13T11:35:33Z,WMT3178,"36.809319,14.28585",15000,278,95
1786620935,2026-08-13T11:35:35Z,WMT3178,"36.809227,14.288538",15000,277,92
1786620938,2026-08-13T11:35:38Z,WMT3178,"36.809273,14.293738",15000,276,86
1786620940,2026-08-13T11:35:40Z,WMT3178,"36.809555,14.297218",15000,275,83
1786620943,2026-08-13T11:35:43Z,WMT3178,"36.810066,14.30081",15000,274,80
1786620945,2026-08-13T11:35:45Z,WMT3178,"36.810654,14.30397",15000,273,75
1786620947,2026-08-13T11:35:47Z,WMT3178,"36.811367,14.307004",15000,273,72
1786620949,2026-08-13T11:35:49Z,WMT3178,"36.812485,14.310744",15000,272,68
1786620951,2026-08-13T11:35:51Z,WMT3178,"36.813309,14.313126",15000,272,65
1786620953,2026-08-13T11:35:53Z,WMT3178,"36.814499,14.316101",15000,271,62
1786620955,2026-08-13T11:35:55Z,WMT3178,"36.815838,14.318984",15000,271,59
1786620957,2026-08-13T11:35:57Z,WMT3178,"36.8172,14.321594",15000,270,55
1786620960,2026-08-13T11:36:00Z,WMT3178,"36.818665,14.324055",15000,270,53
1786620962,2026-08-13T11:36:02Z,WMT3178,"36.820496,14.326916",15000,270,51
1786620964,2026-08-13T11:36:04Z,WMT3178,"36.822403,14.329795",15000,271,49
1786620966,2026-08-13T11:36:06Z,WMT3178,"36.82375,14.331723",15000,270,49
1786620968,2026-08-13T11:36:08Z,WMT3178,"36.825577,14.334354",15000,270,49
1786620970,2026-08-13T11:36:10Z,WMT3178,"36.827477,14.3371",15000,271,49
1786620972,2026-08-13T11:36:12Z,WMT3178,"36.829239,14.339619",15000,272,49
1786620974,2026-08-13T11:36:14Z,WMT3178,"36.83075,14.34185",15000,272,49
1786620976,2026-08-13T11:36:16Z,WMT3178,"36.832409,14.344288",15000,272,49
1786620978,2026-08-13T11:36:18Z,WMT3178,"36.834412,14.347172",15000,272,49
1786620980,2026-08-13T11:36:20Z,WMT3178,"36.835667,14.349079",15000,272,50
1786620983,2026-08-13T11:36:23Z,WMT3178,"36.837616,14.351978",15000,272,50
1786620985,2026-08-13T11:36:25Z,WMT3178,"36.839127,14.354267",15000,272,50
1786621016,2026-08-13T11:36:56Z,WMT3178,"36.863525,14.392382",15000,272,51
1786621030,2026-08-13T11:37:10Z,WMT3178,"36.875519,14.409388",15000,268,41
1786621032,2026-08-13T11:37:12Z,WMT3178,"36.877945,14.411841",15000,268,37
1786621034,2026-08-13T11:37:14Z,WMT3178,"36.880005,14.413595",15000,267,34
1786621036,2026-08-13T11:37:16Z,WMT3178,"36.881607,14.414823",15000,267,30
1786621038,2026-08-13T11:37:18Z,WMT3178,"36.884354,14.416634",15000,267,27
1786621041,2026-08-13T11:37:21Z,WMT3178,"36.886734,14.417978",15000,268,23
1786621043,2026-08-13T11:37:23Z,WMT3178,"36.889065,14.419019",15000,268,18
1786621045,2026-08-13T11:37:25Z,WMT3178,"36.891632,14.419965",15000,268,14
1786621047,2026-08-13T11:37:27Z,WMT3178,"36.894562,14.420725",15000,268,10
1786621049,2026-08-13T11:37:29Z,WMT3178,"36.897118,14.421227",15000,269,7
1786621051,2026-08-13T11:37:31Z,WMT3178,"36.899723,14.421526",15000,268,4
1786621053,2026-08-13T11:37:33Z,WMT3178,"36.902481,14.421601",15000,269,2
1786621056,2026-08-13T11:37:36Z,WMT3178,"36.904678,14.421484",15000,269,357
1786621058,2026-08-13T11:37:38Z,WMT3178,"36.9077,14.421133",15000,270,352
1786621060,2026-08-13T11:37:40Z,WMT3178,"36.910061,14.420691",15000,271,349
1786621062,2026-08-13T11:37:42Z,WMT3178,"36.912689,14.419907",15000,272,345
1786621064,2026-08-13T11:37:44Z,WMT3178,"36.916077,14.418737",15000,273,342
1786621066,2026-08-13T11:37:46Z,WMT3178,"36.918018,14.417824",15000,274,339
1786621069,2026-08-13T11:37:49Z,WMT3178,"36.9207,14.4164",15000,274,336
1786621071,2026-08-13T11:37:51Z,WMT3178,"36.923538,14.414647",15000,275,333
1786621073,2026-08-13T11:37:53Z,WMT3178,"36.925747,14.412988",15000,277,329
1786621075,2026-08-13T11:37:55Z,WMT3178,"36.92775,14.411374",15000,277,325
1786621077,2026-08-13T11:37:57Z,WMT3178,"36.930267,14.408978",15000,278,322
1786621079,2026-08-13T11:37:59Z,WMT3178,"36.932266,14.406837",15000,277,318
1786621081,2026-08-13T11:38:01Z,WMT3178,"36.934078,14.404688",15000,278,315
1786621083,2026-08-13T11:38:03Z,WMT3178,"36.935894,14.40224",15000,278,312
1786621086,2026-08-13T11:38:06Z,WMT3178,"36.937851,14.399255",15000,279,308
1786621088,2026-08-13T11:38:08Z,WMT3178,"36.939388,14.396627",15000,279,305
1786621090,2026-08-13T11:38:10Z,WMT3178,"36.940739,14.393822",15000,279,302
1786621092,2026-08-13T11:38:12Z,WMT3178,"36.941994,14.391015",15000,279,298
1786621094,2026-08-13T11:38:14Z,WMT3178,"36.943268,14.387649",15000,279,293
1786621096,2026-08-13T11:38:16Z,WMT3178,"36.944321,14.384328",15000,280,290
1786621098,2026-08-13T11:38:18Z,WMT3178,"36.945099,14.381279",15000,280,287
1786621101,2026-08-13T11:38:21Z,WMT3178,"36.945877,14.377597",15000,281,283
1786621103,2026-08-13T11:38:23Z,WMT3178,"36.946289,14.37485",15000,281,278
1786621105,2026-08-13T11:38:25Z,WMT3178,"36.946701,14.370702",15000,282,275
1786621107,2026-08-13T11:38:27Z,WMT3178,"36.946884,14.367253",15000,282,272
1786621109,2026-08-13T11:38:29Z,WMT3178,"36.946884,14.363923",15000,283,268
1786621112,2026-08-13T11:38:32Z,WMT3178,"36.946743,14.360385",15000,283,265
1786621114,2026-08-13T11:38:34Z,WMT3178,"36.946198,14.355683",15000,283,260
1786621116,2026-08-13T11:38:36Z,WMT3178,"36.945694,14.352644",15000,284,257
1786621118,2026-08-13T11:38:38Z,WMT3178,"36.944927,14.34904",15000,284,253
1786621120,2026-08-13T11:38:40Z,WMT3178,"36.944134,14.346234",15000,284,250
1786621122,2026-08-13T11:38:42Z,WMT3178,"36.943176,14.343294",15000,284,246
1786621124,2026-08-13T11:38:44Z,WMT3178,"36.941849,14.339905",15000,285,243
1786621126,2026-08-13T11:38:46Z,WMT3178,"36.940338,14.336574",15000,285,239
1786621129,2026-08-13T11:38:49Z,WMT3178,"36.938919,14.333886",15000,286,236
1786621131,2026-08-13T11:38:51Z,WMT3178,"36.937244,14.331128",15000,286,232
1786621133,2026-08-13T11:38:53Z,WMT3178,"36.935246,14.327963",15000,285,230
1786621135,2026-08-13T11:38:55Z,WMT3178,"36.933563,14.325471",15025,286,230
1786621137,2026-08-13T11:38:57Z,WMT3178,"36.931732,14.322724",15025,286,229
1786621139,2026-08-13T11:38:59Z,WMT3178,"36.930218,14.32056",15025,287,229
1786621141,2026-08-13T11:39:01Z,WMT3178,"36.928528,14.318108",15000,287,229
1786621144,2026-08-13T11:39:04Z,WMT3178,"36.926605,14.315244",15000,288,229
1786621146,2026-08-13T11:39:06Z,WMT3178,"36.924225,14.311854",15000,288,229
1786621148,2026-08-13T11:39:08Z,WMT3178,"36.922489,14.309275",15000,288,229
1786621150,2026-08-13T11:39:10Z,WMT3178,"36.920765,14.306707",15000,289,229
1786621152,2026-08-13T11:39:12Z,WMT3178,"36.918594,14.303556",15000,290,229
1786621155,2026-08-13T11:39:15Z,WMT3178,"36.916809,14.300927",15000,289,230
1786621157,2026-08-13T11:39:17Z,WMT3178,"36.915115,14.298355",15000,288,230
1786621187,2026-08-13T11:39:47Z,WMT3178,"36.889297,14.258881",15000,290,231
1786621198,2026-08-13T11:39:58Z,WMT3178,"36.879288,14.245924",15000,292,220
1786621200,2026-08-13T11:40:00Z,WMT3178,"36.87735,14.244066",14975,291,215
1786621202,2026-08-13T11:40:02Z,WMT3178,"36.875099,14.242163",14975,292,211
1786621204,2026-08-13T11:40:04Z,WMT3178,"36.872166,14.240132",14975,292,207
1786621206,2026-08-13T11:40:06Z,WMT3178,"36.869751,14.238749",14975,292,204
1786621208,2026-08-13T11:40:08Z,WMT3178,"36.867092,14.237445",14975,292,200
1786621210,2026-08-13T11:40:10Z,WMT3178,"36.864395,14.236353",15000,292,196
1786621213,2026-08-13T11:40:13Z,WMT3178,"36.860962,14.235417",15000,292,192
1786621215,2026-08-13T11:40:15Z,WMT3178,"36.858307,14.234892",15000,293,188
1786621217,2026-08-13T11:40:17Z,WMT3178,"36.855175,14.234579",15000,293,182
1786621219,2026-08-13T11:40:19Z,WMT3178,"36.852493,14.234541",15000,294,179
1786621221,2026-08-13T11:40:21Z,WMT3178,"36.84996,14.234716",15000,293,175
1786621223,2026-08-13T11:40:23Z,WMT3178,"36.847229,14.235134",15000,293,172
1786621225,2026-08-13T11:40:25Z,WMT3178,"36.844391,14.235764",15000,292,168
1786621227,2026-08-13T11:40:27Z,WMT3178,"36.841141,14.236736",15000,293,164
1786621230,2026-08-13T11:40:30Z,WMT3178,"36.838531,14.237823",15000,292,159
1786621232,2026-08-13T11:40:32Z,WMT3178,"36.836105,14.239025",15000,292,157
1786621234,2026-08-13T11:40:34Z,WMT3178,"36.833107,14.240852",15000,291,154
1786621236,2026-08-13T11:40:36Z,WMT3178,"36.83075,14.242516",15000,290,149
1786621238,2026-08-13T11:40:38Z,WMT3178,"36.828552,14.244232",15000,290,145
1786621240,2026-08-13T11:40:40Z,WMT3178,"36.82608,14.246463",15000,290,142
1786621242,2026-08-13T11:40:42Z,WMT3178,"36.824032,14.248625",15000,290,138
1786621244,2026-08-13T11:40:44Z,WMT3178,"36.822353,14.250611",15000,288,135
1786621246,2026-08-13T11:40:46Z,WMT3178,"36.820313,14.253273",15000,287,132
1786621248,2026-08-13T11:40:48Z,WMT3178,"36.818676,14.255695",15000,288,128
1786621250,2026-08-13T11:40:50Z,WMT3178,"36.816925,14.258709",15000,286,125
1786621252,2026-08-13T11:40:52Z,WMT3178,"36.81546,14.261513",15000,285,121
1786621255,2026-08-13T11:40:55Z,WMT3178,"36.814041,14.264717",15000,284,116
1786621257,2026-08-13T11:40:57Z,WMT3178,"36.81258,14.268611",15000,283,113
1786621259,2026-08-13T11:40:59Z,WMT3178,"36.811615,14.271698",15000,282,110
1786621261,2026-08-13T11:41:01Z,WMT3178,"36.81102,14.274101",15000,280,106
1786621263,2026-08-13T11:41:03Z,WMT3178,"36.810242,14.277706",15000,280,103
1786621265,2026-08-13T11:41:05Z,WMT3178,"36.809738,14.280883",15000,279,100
1786621267,2026-08-13T11:41:07Z,WMT3178,"36.809372,14.284",15000,278,96
1786621269,2026-08-13T11:41:09Z,WMT3178,"36.809135,14.288187",15000,277,93
1786621272,2026-08-13T11:41:12Z,WMT3178,"36.809135,14.291226",15000,277,90
1786621274,2026-08-13T11:41:14Z,WMT3178,"36.809326,14.295044",15000,276,86
1786621276,2026-08-13T11:41:16Z,WMT3178,"36.809647,14.298181",15000,274,83
1786621278,2026-08-13T11:41:18Z,WMT3178,"36.810017,14.300868",15000,274,78
1786621280,2026-08-13T11:41:20Z,WMT3178,"36.810715,14.304433",15000,274,75
1786621282,2026-08-13T11:41:22Z,WMT3178,"36.811462,14.30753",15000,273,71
1786621285,2026-08-13T11:41:25Z,WMT3178,"36.812626,14.311445",15000,273,68
1786621287,2026-08-13T11:41:27Z,WMT3178,"36.813629,14.314098",15000,273,65
1786621289,2026-08-13T11:41:29Z,WMT3178,"36.814999,14.317348",15000,274,62
1786621291,2026-08-13T11:41:31Z,WMT3178,"36.816238,14.319878",15000,273,57
1786621293,2026-08-13T11:41:33Z,WMT3178,"36.817932,14.3229",15000,272,54
1786621295,2026-08-13T11:41:35Z,WMT3178,"36.819515,14.325529",15000,272,51
1786621297,2026-08-13T11:41:37Z,WMT3178,"36.821136,14.327946",15000,272,50
1786621300,2026-08-13T11:41:40Z,WMT3178,"36.823051,14.330789",15000,271,49
1786621302,2026-08-13T11:41:42Z,WMT3178,"36.824707,14.333153",15000,271,49
1786621304,2026-08-13T11:41:44Z,WMT3178,"36.826313,14.335522",15000,272,49
1786621306,2026-08-13T11:41:46Z,WMT3178,"36.828407,14.338561",15000,272,49
1786621308,2026-08-13T11:41:48Z,WMT3178,"36.830036,14.340899",15000,272,49
1786621310,2026-08-13T11:41:50Z,WMT3178,"36.831665,14.343236",15000,272,49
1786621312,2026-08-13T11:41:52Z,WMT3178,"36.83334,14.345749",15000,272,49
1786621314,2026-08-13T11:41:54Z,WMT3178,"36.835064,14.348262",15000,273,49
1786621317,2026-08-13T11:41:57Z,WMT3178,"36.837067,14.351242",15000,273,50
1786621348,2026-08-13T11:42:28Z,WMT3178,"36.862198,14.390044",15000,268,50
1786621355,2026-08-13T11:42:35Z,WMT3178,"36.867695,14.396926",15000,265,40
1786621357,2026-08-13T11:42:37Z,WMT3178,"36.86956,14.398837",15000,266,37
1786621359,2026-08-13T11:42:39Z,WMT3178,"36.872307,14.401166",15000,265,33
1786621361,2026-08-13T11:42:41Z,WMT3178,"36.874466,14.402725",15000,265,29
1786621364,2026-08-13T11:42:44Z,WMT3178,"36.877007,14.40427",15000,264,24
1786621366,2026-08-13T11:42:46Z,WMT3178,"36.879379,14.405464",15000,265,20
1786621368,2026-08-13T11:42:48Z,WMT3178,"36.88208,14.406599",15000,266,17
1786621370,2026-08-13T11:42:50Z,WMT3178,"36.883896,14.407196",15000,265,13
1786621372,2026-08-13T11:42:52Z,WMT3178,"36.887192,14.407985",15000,266,9
1786621374,2026-08-13T11:42:54Z,WMT3178,"36.889668,14.408271",15000,267,5
1786621377,2026-08-13T11:42:57Z,WMT3178,"36.892136,14.40845",15000,269,4
1786621379,2026-08-13T11:42:59Z,WMT3178,"36.895248,14.408336",15000,269,356
1786621381,2026-08-13T11:43:01Z,WMT3178,"36.897209,14.408092",15000,270,352
1786621383,2026-08-13T11:43:03Z,WMT3178,"36.899864,14.407614",15000,270,349
1786621385,2026-08-13T11:43:05Z,WMT3178,"36.902344,14.406933",15000,270,345
1786621387,2026-08-13T11:43:07Z,WMT3178,"36.905499,14.405763",15000,271,342
1786621390,2026-08-13T11:43:10Z,WMT3178,"36.907974,14.404537",15000,272,338
1786621392,2026-08-13T11:43:12Z,WMT3178,"36.910172,14.40331",15000,271,334
1786621394,2026-08-13T11:43:14Z,WMT3178,"36.91301,14.401381",15000,272,331
1786621396,2026-08-13T11:43:16Z,WMT3178,"36.915134,14.399613",15000,272,325
1786621398,2026-08-13T11:43:18Z,WMT3178,"36.917221,14.3977",15000,273,322
1786621400,2026-08-13T11:43:20Z,WMT3178,"36.919647,14.395128",15000,274,318
1786621403,2026-08-13T11:43:23Z,WMT3178,"36.921432,14.392966",15000,275,313
1786621405,2026-08-13T11:43:25Z,WMT3178,"36.923233,14.390418",15000,277,311
1786621407,2026-08-13T11:43:27Z,WMT3178,"36.924816,14.38791",15000,278,307
1786621409,2026-08-13T11:43:29Z,WMT3178,"36.926193,14.385369",15000,279,304
1786621411,2026-08-13T11:43:31Z,WMT3178,"36.927704,14.382214",15000,280,299
1786621413,2026-08-13T11:43:33Z,WMT3178,"36.928959,14.379193",15000,281,295
1786621415,2026-08-13T11:43:35Z,WMT3178,"36.930031,14.376147",15000,283,292
1786621417,2026-08-13T11:43:37Z,WMT3178,"36.930908,14.373097",15000,284,288
1786621419,2026-08-13T11:43:39Z,WMT3178,"36.93187,14.369123",15000,285,286
1786621422,2026-08-13T11:43:42Z,WMT3178,"36.932636,14.36546",15000,286,284
1786621424,2026-08-13T11:43:44Z,WMT3178,"36.933197,14.362228",15025,286,282
1786621426,2026-08-13T11:43:46Z,WMT3178,"36.933754,14.359012",15025,286,281
1786621428,2026-08-13T11:43:48Z,WMT3178,"36.934406,14.354773",15025,285,280
1786621430,2026-08-13T11:43:50Z,WMT3178,"36.934845,14.351592",15025,285,280
1786621433,2026-08-13T11:43:53Z,WMT3178,"36.935291,14.348503",15025,284,280
1786621435,2026-08-13T11:43:55Z,WMT3178,"36.935894,14.344442",15025,283,280
1786621437,2026-08-13T11:43:57Z,WMT3178,"36.936356,14.34119",15025,282,280
1786621439,2026-08-13T11:43:59Z,WMT3178,"36.936905,14.33745",15025,281,280
1786621441,2026-08-13T11:44:01Z,WMT3178,"36.937363,14.334236",15000,281,280
1786621443,2026-08-13T11:44:03Z,WMT3178,"36.937805,14.331008",15000,280,280
1786621445,2026-08-13T11:44:05Z,WMT3178,"36.938324,14.327633",15000,279,280
1786621476,2026-08-13T11:44:36Z,WMT3178,"36.945374,14.279714",15000,272,280
1786621508,2026-08-13T11:45:08Z,WMT3178,"36.952606,14.229691",15000,272,279
1786621539,2026-08-13T11:45:39Z,WMT3178,"36.959358,14.182693",15000,272,280
1786621554,2026-08-13T11:45:54Z,WMT3178,"36.963638,14.159974",15000,271,290
1786621556,2026-08-13T11:45:56Z,WMT3178,"36.964645,14.156994",15000,270,294
1786621558,2026-08-13T11:45:58Z,WMT3178,"36.965698,14.154306",15000,269,296
1786621560,2026-08-13T11:46:00Z,WMT3178,"36.96698,14.151443",15000,269,300
1786621562,2026-08-13T11:46:02Z,WMT3178,"36.968765,14.148053",15000,268,303
1786621564,2026-08-13T11:46:04Z,WMT3178,"36.96991,14.146008",15000,268,305
1786621566,2026-08-13T11:46:06Z,WMT3178,"36.9716,14.143166",15000,267,307
1786621568,2026-08-13T11:46:08Z,WMT3178,"36.973114,14.140807",15000,267,309
1786621570,2026-08-13T11:46:10Z,WMT3178,"36.975128,14.137827",15000,267,310
1786621573,2026-08-13T11:46:13Z,WMT3178,"36.97691,14.135345",15000,267,311
1786621575,2026-08-13T11:46:15Z,WMT3178,"36.978306,14.133433",15000,266,312
1786621577,2026-08-13T11:46:17Z,WMT3178,"36.980446,14.130628",15000,266,313
1786621579,2026-08-13T11:46:19Z,WMT3178,"36.982262,14.128239",15000,266,313
1786621581,2026-08-13T11:46:21Z,WMT3178,"36.98378,14.126256",15000,266,314
1786621584,2026-08-13T11:46:24Z,WMT3178,"36.986217,14.123163",15000,266,314
1786621586,2026-08-13T11:46:26Z,WMT3178,"36.987808,14.121113",15000,266,314
1786621588,2026-08-13T11:46:28Z,WMT3178,"36.989525,14.118984",15000,266,314
1786621590,2026-08-13T11:46:30Z,WMT3178,"36.991199,14.116835",15000,266,313
1786621592,2026-08-13T11:46:32Z,WMT3178,"36.993481,14.11379",15000,266,313
1786621594,2026-08-13T11:46:34Z,WMT3178,"36.995041,14.111763",15000,266,313
1786621626,2026-08-13T11:47:06Z,WMT3178,"37.020107,14.073666",15000,268,304
1786621628,2026-08-13T11:47:08Z,WMT3178,"37.021454,14.071091",15000,268,302
1786621630,2026-08-13T11:47:10Z,WMT3178,"37.022762,14.068292",15000,269,299
1786621632,2026-08-13T11:47:12Z,WMT3178,"37.023926,14.065485",15000,270,296
1786621634,2026-08-13T11:47:14Z,WMT3178,"37.025024,14.062383",15000,271,292
1786621636,2026-08-13T11:47:16Z,WMT3178,"37.025833,14.059574",14975,272,289
1786621638,2026-08-13T11:47:18Z,WMT3178,"37.026627,14.05617",14975,273,285
1786621640,2026-08-13T11:47:20Z,WMT3178,"37.027176,14.053208",14975,274,281
1786621643,2026-08-13T11:47:23Z,WMT3178,"37.027603,14.049902",15000,275,278
1786621645,2026-08-13T11:47:25Z,WMT3178,"37.027836,14.04596",15000,276,274
1786621647,2026-08-13T11:47:27Z,WMT3178,"37.027817,14.042748",15000,278,270
1786621649,2026-08-13T11:47:29Z,WMT3178,"37.027649,14.039094",15000,280,265
1786621651,2026-08-13T11:47:31Z,WMT3178,"37.02737,14.036288",15000,280,263
1786621653,2026-08-13T11:47:33Z,WMT3178,"37.026764,14.032405",15000,282,257
1786621655,2026-08-13T11:47:35Z,WMT3178,"37.025974,14.028705",15000,282,254
1786621658,2026-08-13T11:47:38Z,WMT3178,"37.025089,14.0256",15000,282,250
1786621660,2026-08-13T11:47:40Z,WMT3178,"37.023972,14.022376",15000,283,245
1786621662,2026-08-13T11:47:42Z,WMT3178,"37.022762,14.019391",15000,284,241
1786621664,2026-08-13T11:47:44Z,WMT3178,"37.021366,14.016405",15000,285,238
1786621666,2026-08-13T11:47:46Z,WMT3178,"37.019897,14.013587",15000,285,236
1786621668,2026-08-13T11:47:48Z,WMT3178,"37.018387,14.011091",15000,285,233
1786621670,2026-08-13T11:47:50Z,WMT3178,"37.01651,14.008387",15000,286,228
1786621672,2026-08-13T11:47:52Z,WMT3178,"37.014664,14.006016",15000,288,224
1786621674,2026-08-13T11:47:54Z,WMT3178,"37.012573,14.003594",15000,286,221
1786621676,2026-08-13T11:47:56Z,WMT3178,"37.010422,14.001432",15000,288,218
1786621678,2026-08-13T11:47:58Z,WMT3178,"37.00827,13.999562",15000,288,214
1786621681,2026-08-13T11:48:01Z,WMT3178,"37.005489,13.997358",15000,288,211
1786621683,2026-08-13T11:48:03Z,WMT3178,"37.003117,13.995806",15000,289,206
1786621685,2026-08-13T11:48:05Z,WMT3178,"37.000278,13.994194",15000,289,204
1786621687,2026-08-13T11:48:07Z,WMT3178,"36.997696,13.992959",15000,289,199
1786621689,2026-08-13T11:48:09Z,WMT3178,"36.994923,13.991925",15000,290,196
1786621691,2026-08-13T11:48:11Z,WMT3178,"36.992386,13.991147",15000,290,192
1786621693,2026-08-13T11:48:13Z,WMT3178,"36.989594,13.990563",15000,289,189
1786621695,2026-08-13T11:48:15Z,WMT3178,"36.986916,13.990133",15000,290,185
1786621697,2026-08-13T11:48:17Z,WMT3178,"36.984467,13.989979",15000,290,182
1786621700,2026-08-13T11:48:20Z,WMT3178,"36.980911,13.990074",15000,290,178
1786621702,2026-08-13T11:48:22Z,WMT3178,"36.978165,13.990373",15000,289,175
1786621704,2026-08-13T11:48:24Z,WMT3178,"36.975586,13.990797",15000,288,171
1786621706,2026-08-13T11:48:26Z,WMT3178,"36.97261,13.991614",15000,288,166
1786621708,2026-08-13T11:48:28Z,WMT3178,"36.969738,13.992581",15000,288,163
1786621710,2026-08-13T11:48:30Z,WMT3178,"36.967831,13.993418",15000,287,159
1786621712,2026-08-13T11:48:32Z,WMT3178,"36.964874,13.994946",15000,288,156
1786621714,2026-08-13T11:48:34Z,WMT3178,"36.962402,13.996465",15000,287,153
1786621716,2026-08-13T11:48:36Z,WMT3178,"36.960197,13.998015",15000,286,149
1786621719,2026-08-13T11:48:39Z,WMT3178,"36.957367,14.000322",15000,286,146
1786621721,2026-08-13T11:48:41Z,WMT3178,"36.955772,14.001837",15000,285,142
1786621723,2026-08-13T11:48:43Z,WMT3178,"36.953537,14.004165",15000,284,137
1786621725,2026-08-13T11:48:45Z,WMT3178,"36.951233,14.006984",15000,284,135
1786621727,2026-08-13T11:48:47Z,WMT3178,"36.949535,14.009359",15000,283,132
1786621729,2026-08-13T11:48:49Z,WMT3178,"36.947952,14.011807",15000,282,127
1786621731,2026-08-13T11:48:51Z,WMT3178,"36.946198,14.014874",15000,282,125
1786621733,2026-08-13T11:48:53Z,WMT3178,"36.944962,14.017445",15000,281,120
1786621735,2026-08-13T11:48:55Z,WMT3178,"36.943668,14.020465",15000,280,116
1786621737,2026-08-13T11:48:57Z,WMT3178,"36.942551,14.023511",15000,280,113
1786621739,2026-08-13T11:48:59Z,WMT3178,"36.941666,14.026385",15000,279,110
1786621741,2026-08-13T11:49:01Z,WMT3178,"36.940659,14.030301",15000,279,106
1786621743,2026-08-13T11:49:03Z,WMT3178,"36.940037,14.033542",15000,277,103
1786621746,2026-08-13T11:49:06Z,WMT3178,"36.93956,14.036671",15000,276,98
1786621748,2026-08-13T11:49:08Z,WMT3178,"36.93924,14.039709",15000,276,96
1786621750,2026-08-13T11:49:10Z,WMT3178,"36.939102,14.043741",15000,275,93
1786621752,2026-08-13T11:49:12Z,WMT3178,"36.939102,14.046663",15000,274,90
1786621754,2026-08-13T11:49:14Z,WMT3178,"36.939285,14.049994",15000,272,85
1786621756,2026-08-13T11:49:16Z,WMT3178,"36.93956,14.053033",15000,272,81
1786621758,2026-08-13T11:49:18Z,WMT3178,"36.940155,14.056831",15000,271,78
1786621760,2026-08-13T11:49:20Z,WMT3178,"36.940796,14.059871",15000,271,75
1786621763,2026-08-13T11:49:23Z,WMT3178,"36.941574,14.062859",15000,270,71
1786621765,2026-08-13T11:49:25Z,WMT3178,"36.94249,14.065772",15000,269,68
1786621767,2026-08-13T11:49:27Z,WMT3178,"36.943485,14.06859",15000,270,63
1786621769,2026-08-13T11:49:29Z,WMT3178,"36.944733,14.071558",15000,269,62
1786621771,2026-08-13T11:49:31Z,WMT3178,"36.945969,14.074012",15000,268,58
1786621773,2026-08-13T11:49:33Z,WMT3178,"36.947765,14.077308",15000,268,54
1786621775,2026-08-13T11:49:35Z,WMT3178,"36.94931,14.079856",15000,267,52
1786621777,2026-08-13T11:49:37Z,WMT3178,"36.950932,14.082383",15000,266,51
1786621780,2026-08-13T11:49:40Z,WMT3178,"36.952515,14.08495",15000,266,51
1786621782,2026-08-13T11:49:42Z,WMT3178,"36.954346,14.08792",15000,267,52
1786621784,2026-08-13T11:49:44Z,WMT3178,"36.955959,14.090861",15000,268,56
1786621786,2026-08-13T11:49:46Z,WMT3178,"36.957264,14.093429",15000,268,59
1786621788,2026-08-13T11:49:48Z,WMT3178,"36.958466,14.096219",15000,268,62
1786621791,2026-08-13T11:49:51Z,WMT3178,"36.959778,14.099877",15000,268,65
1786621793,2026-08-13T11:49:53Z,WMT3178,"36.960663,14.102822",15000,268,69
1786621795,2026-08-13T11:49:55Z,WMT3178,"36.961407,14.105848",15000,269,73
1786621797,2026-08-13T11:49:57Z,WMT3178,"36.961945,14.108783",15000,270,78
1786621799,2026-08-13T11:49:59Z,WMT3178,"36.962383,14.112596",15000,271,82
1786621801,2026-08-13T11:50:01Z,WMT3178,"36.962585,14.11562",15000,272,86
1786621803,2026-08-13T11:50:03Z,WMT3178,"36.962631,14.119302",15000,274,89
1786621806,2026-08-13T11:50:06Z,WMT3178,"36.962524,14.122686",15000,274,92
1786621808,2026-08-13T11:50:08Z,WMT3178,"36.962357,14.125963",15025,274,93
1786621810,2026-08-13T11:50:10Z,WMT3178,"36.962128,14.129412",15025,275,95
1786621812,2026-08-13T11:50:12Z,WMT3178,"36.961853,14.133327",15025,276,95
1786621814,2026-08-13T11:50:14Z,WMT3178,"36.961639,14.136061",15025,276,95
1786621817,2026-08-13T11:50:17Z,WMT3178,"36.961349,14.13993",15025,276,95
1786621819,2026-08-13T11:50:19Z,WMT3178,"36.961075,14.143378",15000,276,95
1786621821,2026-08-13T11:50:21Z,WMT3178,"36.9608,14.146884",15000,276,95
1786621823,2026-08-13T11:50:23Z,WMT3178,"36.960567,14.149854",15000,276,95
1786621825,2026-08-13T11:50:25Z,WMT3178,"36.960251,14.153838",15000,276,95
1786621827,2026-08-13T11:50:27Z,WMT3178,"36.960022,14.156994",15000,276,94
1786621829,2026-08-13T11:50:29Z,WMT3178,"36.959839,14.159974",15000,276,94
1786621831,2026-08-13T11:50:31Z,WMT3178,"36.959656,14.162954",15000,275,94
1786621864,2026-08-13T11:51:04Z,WMT3178,"36.957687,14.214263",15000,274,84
1786621866,2026-08-13T11:51:06Z,WMT3178,"36.958195,14.218219",14975,274,81
1786621868,2026-08-13T11:51:08Z,WMT3178,"36.958832,14.221684",14975,272,75
1786621870,2026-08-13T11:51:10Z,WMT3178,"36.959591,14.224728",14975,271,71
1786621872,2026-08-13T11:51:12Z,WMT3178,"36.96043,14.227474",14975,270,68
1786621874,2026-08-13T11:51:14Z,WMT3178,"36.961594,14.230699",14975,269,64
1786621876,2026-08-13T11:51:16Z,WMT3178,"36.962711,14.233266",15000,269,60
1786621879,2026-08-13T11:51:19Z,WMT3178,"36.964417,14.236587",15000,268,57
1786621881,2026-08-13T11:51:21Z,WMT3178,"36.965927,14.2391",15000,267,53
1786621883,2026-08-13T11:51:23Z,WMT3178,"36.967598,14.241565",15000,266,50
1786621885,2026-08-13T11:51:25Z,WMT3178,"36.969181,14.243595",15000,265,44
1786621887,2026-08-13T11:51:27Z,WMT3178,"36.970951,14.245685",15000,264,41
1786621889,2026-08-13T11:51:29Z,WMT3178,"36.973389,14.248158",15000,264,38
1786621891,2026-08-13T11:51:31Z,WMT3178,"36.975357,14.24991",15000,263,34
1786621893,2026-08-13T11:51:33Z,WMT3178,"36.977737,14.251839",15000,262,31
1786621896,2026-08-13T11:51:36Z,WMT3178,"36.979935,14.253327",15000,262,27
1786621898,2026-08-13T11:51:38Z,WMT3178,"36.982132,14.254643",15000,261,24
1786621900,2026-08-13T11:51:40Z,WMT3178,"36.984558,14.255871",15000,261,21
1786621902,2026-08-13T11:51:42Z,WMT3178,"36.987198,14.25703",15000,262,18
1786621904,2026-08-13T11:51:44Z,WMT3178,"36.989685,14.257916",15000,261,15
1786621906,2026-08-13T11:51:46Z,WMT3178,"36.991974,14.258559",15000,260,11
1786621908,2026-08-13T11:51:48Z,WMT3178,"36.994904,14.259144",15000,261,9
1786621911,2026-08-13T11:51:51Z,WMT3178,"36.997204,14.259478",15000,260,4
1786621913,2026-08-13T11:51:53Z,WMT3178,"36.999672,14.259657",15000,260,3
1786621915,2026-08-13T11:51:55Z,WMT3178,"37.002502,14.259611",15000,260,358
1786621917,2026-08-13T11:51:57Z,WMT3178,"37.004841,14.259418",15000,260,355
1786621919,2026-08-13T11:51:59Z,WMT3178,"37.007172,14.259085",15000,260,352
1786621921,2026-08-13T11:52:01Z,WMT3178,"37.010147,14.258463",15000,261,349
1786621923,2026-08-13T11:52:03Z,WMT3178,"37.012615,14.257746",15000,261,346
1786621925,2026-08-13T11:52:05Z,WMT3178,"37.014908,14.256923",15000,262,343
1786621928,2026-08-13T11:52:08Z,WMT3178,"37.017334,14.255813",15000,263,338
1786621930,2026-08-13T11:52:10Z,WMT3178,"37.019485,14.254703",15000,263,337
1786621932,2026-08-13T11:52:12Z,WMT3178,"37.022156,14.253029",15000,264,332
1786621934,2026-08-13T11:52:14Z,WMT3178,"37.024567,14.251313",15000,264,329
1786621936,2026-08-13T11:52:16Z,WMT3178,"37.026672,14.249626",15000,264,326
1786621938,2026-08-13T11:52:18Z,WMT3178,"37.029007,14.247456",15000,265,323
1786621941,2026-08-13T11:52:21Z,WMT3178,"37.030792,14.245645",15000,266,320
1786621943,2026-08-13T11:52:23Z,WMT3178,"37.032669,14.243483",15000,266,315
1786621945,2026-08-13T11:52:25Z,WMT3178,"37.034492,14.241088",15000,266,311
1786621947,2026-08-13T11:52:27Z,WMT3178,"37.036057,14.238749",15000,268,308
1786621949,2026-08-13T11:52:29Z,WMT3178,"37.037659,14.236119",15000,268,305
1786621951,2026-08-13T11:52:31Z,WMT3178,"37.039101,14.233385",15000,269,301
1786621953,2026-08-13T11:52:33Z,WMT3178,"37.040359,14.230626",15000,270,298
1786621955,2026-08-13T11:52:35Z,WMT3178,"37.04155,14.227704",15000,271,295
1786621957,2026-08-13T11:52:37Z,WMT3178,"37.042557,14.224782",15000,272,292
1786621959,2026-08-13T11:52:39Z,WMT3178,"37.043472,14.221744",15000,272,288
1786621962,2026-08-13T11:52:42Z,WMT3178,"37.044388,14.217711",15000,273,285
1786621964,2026-08-13T11:52:44Z,WMT3178,"37.044876,14.214875",15000,274,280
1786621966,2026-08-13T11:52:46Z,WMT3178,"37.045258,14.211867",15000,275,278
1786621968,2026-08-13T11:52:48Z,WMT3178,"37.045624,14.207893",15000,276,276
1786621970,2026-08-13T11:52:50Z,WMT3178,"37.045853,14.204068",15000,277,273
1786621972,2026-08-13T11:52:52Z,WMT3178,"37.04599,14.200881",15025,277,272
1786621974,2026-08-13T11:52:54Z,WMT3178,"37.046085,14.19756",15025,277,272
1786621977,2026-08-13T11:52:57Z,WMT3178,"37.046219,14.193576",15025,277,272
1786621979,2026-08-13T11:52:59Z,WMT3178,"37.046272,14.190634",15025,277,271
1786621981,2026-08-13T11:53:01Z,WMT3178,"37.046356,14.187674",15025,277,270
1786621983,2026-08-13T11:53:03Z,WMT3178,"37.046356,14.184343",15025,278,269
1786621985,2026-08-13T11:53:05Z,WMT3178,"37.046177,14.179767",15000,278,266
1786621987,2026-08-13T11:53:07Z,WMT3178,"37.045898,14.176571",15000,279,263
1786621989,2026-08-13T11:53:09Z,WMT3178,"37.045532,14.173415",15000,279,260
1786621992,2026-08-13T11:53:12Z,WMT3178,"37.044846,14.16985",15000,280,257
1786621994,2026-08-13T11:53:14Z,WMT3178,"37.04425,14.167104",15000,281,252
1786621996,2026-08-13T11:53:16Z,WMT3178,"37.043339,14.163885",15000,281,248
1786621998,2026-08-13T11:53:18Z,WMT3178,"37.042313,14.160661",14975,282,245
1786622000,2026-08-13T11:53:20Z,WMT3178,"37.040916,14.157257",14975,283,242
1786622002,2026-08-13T11:53:22Z,WMT3178,"37.039566,14.154331",14950,283,239
1786622004,2026-08-13T11:53:24Z,WMT3178,"37.038078,14.151465",14900,286,236
1786622007,2026-08-13T11:53:27Z,WMT3178,"37.036308,14.14842",14825,287,233
1786622009,2026-08-13T11:53:29Z,WMT3178,"37.034134,14.145248",14750,290,228
1786622011,2026-08-13T11:53:31Z,WMT3178,"37.032349,14.142911",14675,292,225
1786622013,2026-08-13T11:53:33Z,WMT3178,"37.030441,14.140658",14600,294,221
1786622015,2026-08-13T11:53:35Z,WMT3178,"37.027462,14.137613",14500,296,218
1786622018,2026-08-13T11:53:38Z,WMT3178,"37.025181,14.135583",14425,297,215
1786622020,2026-08-13T11:53:40Z,WMT3178,"37.022995,14.133732",14375,298,212
1786622022,2026-08-13T11:53:42Z,WMT3178,"37.02063,14.131983",14325,300,210
1786622024,2026-08-13T11:53:44Z,WMT3178,"37.017746,14.130054",14250,299,206
1786622026,2026-08-13T11:53:46Z,WMT3178,"37.015266,14.128656",14175,300,203
1786622028,2026-08-13T11:53:48Z,WMT3178,"37.012661,14.127403",14125,302,200
1786622030,2026-08-13T11:53:50Z,WMT3178,"37.009644,14.126139",14025,301,197
1786622032,2026-08-13T11:53:52Z,WMT3178,"37.006889,14.125194",13975,301,193
1786622034,2026-08-13T11:53:54Z,WMT3178,"37.003693,14.124444",13900,302,190
1786622036,2026-08-13T11:53:56Z,WMT3178,"37.000931,14.12394",13825,301,187
1786622038,2026-08-13T11:53:58Z,WMT3178,"36.998367,14.123701",13775,301,183
1786622041,2026-08-13T11:54:01Z,WMT3178,"36.995438,14.123641",13725,302,180
1786622043,2026-08-13T11:54:03Z,WMT3178,"36.992432,14.123743",13650,300,175
1786622045,2026-08-13T11:54:05Z,WMT3178,"36.989571,14.124119",13575,299,172
1786622047,2026-08-13T11:54:07Z,WMT3178,"36.98687,14.124657",13525,298,168
1786622049,2026-08-13T11:54:09Z,WMT3178,"36.983517,14.125671",13450,298,165
1786622051,2026-08-13T11:54:11Z,WMT3178,"36.981285,14.126448",13425,296,162
1786622053,2026-08-13T11:54:13Z,WMT3178,"36.978024,14.127881",13350,296,159
1786622055,2026-08-13T11:54:15Z,WMT3178,"36.975632,14.129061",13300,294,157
1786622058,2026-08-13T11:54:18Z,WMT3178,"36.972439,14.130806",13225,294,156
1786622060,2026-08-13T11:54:20Z,WMT3178,"36.969833,14.132299",13175,293,155
1786622062,2026-08-13T11:54:22Z,WMT3178,"36.96769,14.133553",13125,293,154
1786622064,2026-08-13T11:54:24Z,WMT3178,"36.965225,14.134986",13050,293,154
1786622066,2026-08-13T11:54:26Z,WMT3178,"36.962677,14.13654",12975,292,153
1786622068,2026-08-13T11:54:28Z,WMT3178,"36.95961,14.138528",12900,293,151
1786622070,2026-08-13T11:54:30Z,WMT3178,"36.957184,14.140339",12825,293,149
1786622073,2026-08-13T11:54:33Z,WMT3178,"36.954704,14.14227",12725,292,145
1786622075,2026-08-13T11:54:35Z,WMT3178,"36.952515,14.144255",12650,292,143
1786622077,2026-08-13T11:54:37Z,WMT3178,"36.95018,14.14665",12550,292,139
1786622079,2026-08-13T11:54:39Z,WMT3178,"36.948212,14.14893",12475,292,135
1786622081,2026-08-13T11:54:41Z,WMT3178,"36.945625,14.152361",12375,292,132
1786622083,2026-08-13T11:54:43Z,WMT3178,"36.943951,14.154988",12300,291,128
1786622086,2026-08-13T11:54:46Z,WMT3178,"36.942413,14.157675",12200,291,123
1786622088,2026-08-13T11:54:48Z,WMT3178,"36.940689,14.161198",12125,290,121
1786622090,2026-08-13T11:54:50Z,WMT3178,"36.939468,14.164182",12050,290,117
1786622092,2026-08-13T11:54:52Z,WMT3178,"36.938507,14.166812",12025,289,113
1786622094,2026-08-13T11:54:54Z,WMT3178,"36.937546,14.170259",11975,287,108
1786622096,2026-08-13T11:54:56Z,WMT3178,"36.936825,14.173438",11925,284,104
1786622098,2026-08-13T11:54:58Z,WMT3178,"36.936081,14.177796",11875,283,100
1786622101,2026-08-13T11:55:01Z,WMT3178,"36.935711,14.1812",11850,281,97
1786622103,2026-08-13T11:55:03Z,WMT3178,"36.93557,14.184126",11825,279,92
1786622105,2026-08-13T11:55:05Z,WMT3178,"36.935577,14.188083",11775,277,88
1786622107,2026-08-13T11:55:07Z,WMT3178,"36.935757,14.191231",11750,275,84
1786622110,2026-08-13T11:55:10Z,WMT3178,"36.936172,14.195154",11700,273,80
1786622112,2026-08-13T11:55:12Z,WMT3178,"36.936905,14.198953",11675,271,77
1786622114,2026-08-13T11:55:14Z,WMT3178,"36.937637,14.201933",11650,268,71
1786622116,2026-08-13T11:55:16Z,WMT3178,"36.938507,14.204913",11625,266,68
1786622118,2026-08-13T11:55:18Z,WMT3178,"36.939514,14.20766",11575,264,64
1786622120,2026-08-13T11:55:20Z,WMT3178,"36.940933,14.211049",11550,262,61
1786622123,2026-08-13T11:55:23Z,WMT3178,"36.942398,14.214087",11525,260,58
1786622125,2026-08-13T11:55:25Z,WMT3178,"36.943668,14.216607",11500,258,56
1786622127,2026-08-13T11:55:27Z,WMT3178,"36.944916,14.218997",11475,258,55
1786622129,2026-08-13T11:55:29Z,WMT3178,"36.946564,14.221919",11450,256,55
1786622131,2026-08-13T11:55:31Z,WMT3178,"36.947937,14.224373",11425,256,55
1786622133,2026-08-13T11:55:33Z,WMT3178,"36.949211,14.226638",11375,254,54
1786622135,2026-08-13T11:55:35Z,WMT3178,"36.9505,14.228931",11325,254,54
1786622137,2026-08-13T11:55:37Z,WMT3178,"36.952049,14.231653",11275,254,54
1786622140,2026-08-13T11:55:40Z,WMT3178,"36.953354,14.233923",11225,254,54
1786622142,2026-08-13T11:55:42Z,WMT3178,"36.95512,14.237027",11125,255,54
1786622144,2026-08-13T11:55:44Z,WMT3178,"36.956566,14.239475",11075,255,54
1786622146,2026-08-13T11:55:46Z,WMT3178,"36.957962,14.241864",11000,256,54
1786622148,2026-08-13T11:55:48Z,WMT3178,"36.959518,14.244593",10900,257,54
1786622161,2026-08-13T11:56:01Z,WMT3178,"36.968483,14.260075",10475,260,54
1786622174,2026-08-13T11:56:14Z,WMT3178,"36.978104,14.276909",10025,260,54
1786622187,2026-08-13T11:56:27Z,WMT3178,"36.987011,14.292556",9650,259,54
1786622200,2026-08-13T11:56:40Z,WMT3178,"36.995716,14.308081",9300,257,55
1786622215,2026-08-13T11:56:55Z,WMT3178,"37.005661,14.325763",8875,255,54
1786622228,2026-08-13T11:57:08Z,WMT3178,"37.014381,14.341218",8450,256,55
1786622242,2026-08-13T11:57:22Z,WMT3178,"37.024391,14.359071",8025,255,54
1786622255,2026-08-13T11:57:35Z,WMT3178,"37.033142,14.374655",7625,254,55
1786622268,2026-08-13T11:57:48Z,WMT3178,"37.041943,14.390418",7225,254,55
1786622276,2026-08-13T11:57:56Z,WMT3178,"37.046829,14.401344",6975,256,66
1786622279,2026-08-13T11:57:59Z,WMT3178,"37.047821,14.404654",6900,257,70
1786622281,2026-08-13T11:58:01Z,WMT3178,"37.048504,14.407315",6850,257,73
1786622283,2026-08-13T11:58:03Z,WMT3178,"37.04924,14.410731",6775,258,75
1786622285,2026-08-13T11:58:05Z,WMT3178,"37.049667,14.413465",6725,258,78
1786622287,2026-08-13T11:58:07Z,WMT3178,"37.050156,14.416809",6700,257,80
1786622289,2026-08-13T11:58:09Z,WMT3178,"37.050476,14.419673",6675,257,82
1786622292,2026-08-13T11:58:12Z,WMT3178,"37.050835,14.423139",6650,255,83
1786622294,2026-08-13T11:58:14Z,WMT3178,"37.051163,14.426919",6600,255,84
1786622296,2026-08-13T11:58:16Z,WMT3178,"37.051392,14.430243",6575,254,84
1786622299,2026-08-13T11:58:19Z,WMT3178,"37.051579,14.433349",6550,252,85
1786622301,2026-08-13T11:58:21Z,WMT3178,"37.051804,14.436211",6525,251,85
1786622303,2026-08-13T11:58:23Z,WMT3178,"37.051987,14.439191",6500,252,85
1786622305,2026-08-13T11:58:25Z,WMT3178,"37.052216,14.443048",6475,249,85
1786622307,2026-08-13T11:58:27Z,WMT3178,"37.052399,14.445852",6450,248,85
1786622309,2026-08-13T11:58:29Z,WMT3178,"37.052601,14.448992",6425,247,85
1786622311,2026-08-13T11:58:31Z,WMT3178,"37.052765,14.451814",6400,246,85
1786622314,2026-08-13T11:58:34Z,WMT3178,"37.052975,14.454783",6375,245,85
1786622326,2026-08-13T11:58:46Z,WMT3178,"37.05423,14.473293",6125,243,86
1786622333,2026-08-13T11:58:53Z,WMT3178,"37.053997,14.481712",6000,244,95
1786622335,2026-08-13T11:58:55Z,WMT3178,"37.053543,14.485123",5975,243,100
1786622337,2026-08-13T11:58:57Z,WMT3178,"37.053085,14.487811",5950,242,104
1786622339,2026-08-13T11:58:59Z,WMT3178,"37.052414,14.490668",5950,241,107
1786622342,2026-08-13T11:59:02Z,WMT3178,"37.051483,14.494012",5950,240,109
1786622344,2026-08-13T11:59:04Z,WMT3178,"37.050842,14.496168",5950,240,111
1786622346,2026-08-13T11:59:06Z,WMT3178,"37.0499,14.499027",5950,240,111
1786622348,2026-08-13T11:59:08Z,WMT3178,"37.048828,14.50242",5950,242,112
1786622350,2026-08-13T11:59:10Z,WMT3178,"37.048038,14.5047",5925,242,112
1786622352,2026-08-13T11:59:12Z,WMT3178,"37.04718,14.507329",5925,242,112
1786622354,2026-08-13T11:59:14Z,WMT3178,"37.046177,14.510372",5900,243,112
1786622356,2026-08-13T11:59:16Z,WMT3178,"37.045212,14.513115",5900,243,112
1786622358,2026-08-13T11:59:18Z,WMT3178,"37.044388,14.515511",5875,243,114
1786622361,2026-08-13T11:59:21Z,WMT3178,"37.043152,14.518724",5850,243,115
1786622363,2026-08-13T11:59:23Z,WMT3178,"37.041988,14.521239",5825,242,119
1786622365,2026-08-13T11:59:25Z,WMT3178,"37.041103,14.523149",5800,242,122
1786622367,2026-08-13T11:59:27Z,WMT3178,"37.039661,14.525836",5775,243,125
1786622369,2026-08-13T11:59:29Z,WMT3178,"37.038124,14.528344",5775,241,128
1786622371,2026-08-13T11:59:31Z,WMT3178,"37.03656,14.530588",5750,241,131
1786622374,2026-08-13T11:59:34Z,WMT3178,"37.035053,14.532583",5725,241,133
1786622376,2026-08-13T11:59:36Z,WMT3178,"37.033188,14.534972",5700,241,134
1786622378,2026-08-13T11:59:38Z,WMT3178,"37.031143,14.537479",5700,239,135
1786622380,2026-08-13T11:59:40Z,WMT3178,"37.029465,14.539471",5675,239,136
1786622382,2026-08-13T11:59:42Z,WMT3178,"37.028069,14.541062",5675,239,136
1786622384,2026-08-13T11:59:44Z,WMT3178,"37.026398,14.543035",5650,239,136
1786622386,2026-08-13T11:59:46Z,WMT3178,"37.024391,14.545421",5625,239,136
1786622388,2026-08-13T11:59:48Z,WMT3178,"37.022736,14.547359",5625,239,136
1786622391,2026-08-13T11:59:51Z,WMT3178,"37.021133,14.54923",5600,240,136
1786622393,2026-08-13T11:59:53Z,WMT3178,"37.019485,14.551158",5575,239,137
1786622395,2026-08-13T11:59:55Z,WMT3178,"37.017426,14.553495",5550,240,138
1786622397,2026-08-13T11:59:57Z,WMT3178,"37.015778,14.55519",5550,241,140
1786622399,2026-08-13T11:59:59Z,WMT3178,"37.013638,14.557302",5525,241,143
1786622402,2026-08-13T12:00:02Z,WMT3178,"37.01152,14.559047",5500,241,146
1786622404,2026-08-13T12:00:04Z,WMT3178,"37.009682,14.560348",5475,242,152
1786622406,2026-08-13T12:00:06Z,WMT3178,"37.007355,14.561677",5450,243,155
1786622408,2026-08-13T12:00:08Z,WMT3178,"37.004562,14.562845",5425,243,162
1786622411,2026-08-13T12:00:11Z,WMT3178,"37.001953,14.563605",5400,242,169
1786622413,2026-08-13T12:00:13Z,WMT3178,"36.999802,14.563955",5400,242,172
1786622415,2026-08-13T12:00:15Z,WMT3178,"36.997375,14.564073",5400,242,179
1786622417,2026-08-13T12:00:17Z,WMT3178,"36.995178,14.563955",5400,242,184
1786622419,2026-08-13T12:00:19Z,WMT3178,"36.992641,14.563572",5400,242,188
1786622422,2026-08-13T12:00:22Z,WMT3178,"36.99028,14.562903",5400,243,193
1786622424,2026-08-13T12:00:24Z,WMT3178,"36.988083,14.562086",5400,243,197
1786622426,2026-08-13T12:00:26Z,WMT3178,"36.985474,14.560741",5400,243,204
1786622428,2026-08-13T12:00:28Z,WMT3178,"36.983334,14.559393",5400,243,206
1786622430,2026-08-13T12:00:30Z,WMT3178,"36.981052,14.557661",5375,241,212
1786622432,2026-08-13T12:00:32Z,WMT3178,"36.979656,14.556407",5375,239,217
1786622434,2026-08-13T12:00:34Z,WMT3178,"36.977509,14.554138",5350,238,221
1786622437,2026-08-13T12:00:37Z,WMT3178,"36.975861,14.552093",5325,236,225
1786622439,2026-08-13T12:00:39Z,WMT3178,"36.974075,14.549405",5300,234,229
1786622441,2026-08-13T12:00:41Z,WMT3178,"36.972763,14.547092",5275,232,235
1786622443,2026-08-13T12:00:43Z,WMT3178,"36.971832,14.545182",5250,230,239
1786622445,2026-08-13T12:00:45Z,WMT3178,"36.970669,14.542436",5225,228,243
1786622448,2026-08-13T12:00:48Z,WMT3178,"36.969635,14.539412",5200,226,248
1786622450,2026-08-13T12:00:50Z,WMT3178,"36.968948,14.537062",5175,224,250
1786622452,2026-08-13T12:00:52Z,WMT3178,"36.968109,14.533837",5150,222,251
1786622454,2026-08-13T12:00:54Z,WMT3178,"36.967484,14.531405",5125,221,252
1786622456,2026-08-13T12:00:56Z,WMT3178,"36.9669,14.52906",5100,220,252
1786622459,2026-08-13T12:00:59Z,WMT3178,"36.966248,14.526612",5100,218,252
1786622461,2026-08-13T12:01:01Z,WMT3178,"36.965424,14.523225",5075,217,252
1786622463,2026-08-13T12:01:03Z,WMT3178,"36.964828,14.520887",5050,215,252
1786622465,2026-08-13T12:01:05Z,WMT3178,"36.964233,14.518433",5050,214,252
1786622467,2026-08-13T12:01:07Z,WMT3178,"36.963688,14.516223",5025,214,252
1786622469,2026-08-13T12:01:09Z,WMT3178,"36.963036,14.513716",5000,213,252
1786622471,2026-08-13T12:01:11Z,WMT3178,"36.962337,14.51073",4950,213,252
1786622474,2026-08-13T12:01:14Z,WMT3178,"36.961624,14.508031",4925,213,252
1786622483,2026-08-13T12:01:23Z,WMT3178,"36.959061,14.497921",4750,213,252
1786622489,2026-08-13T12:01:29Z,WMT3178,"36.957047,14.490207",4625,214,251
1786622496,2026-08-13T12:01:36Z,WMT3178,"36.954849,14.482318",4500,214,250
1786622504,2026-08-13T12:01:44Z,WMT3178,"36.952148,14.472501",4350,213,250
1786622513,2026-08-13T12:01:53Z,WMT3178,"36.949448,14.463034",4250,210,250
1786622521,2026-08-13T12:02:01Z,WMT3178,"36.946655,14.453216",4125,214,250
1786622530,2026-08-13T12:02:10Z,WMT3178,"36.943726,14.443223",4025,214,249
1786622536,2026-08-13T12:02:16Z,WMT3178,"36.94162,14.436095",3975,212,249
1786622545,2026-08-13T12:02:25Z,WMT3178,"36.938503,14.425646",3875,213,249
1786622553,2026-08-13T12:02:33Z,WMT3178,"36.935577,14.415757",3775,213,249
1786622560,2026-08-13T12:02:40Z,WMT3178,"36.93338,14.408511",3700,211,247
1786622562,2026-08-13T12:02:42Z,WMT3178,"36.932602,14.406641",3675,207,241
1786622564,2026-08-13T12:02:44Z,WMT3178,"36.931564,14.404389",3675,205,237
1786622566,2026-08-13T12:02:46Z,WMT3178,"36.930496,14.402433",3675,203,234
1786622568,2026-08-13T12:02:48Z,WMT3178,"36.929077,14.40033",3650,201,229
1786622570,2026-08-13T12:02:50Z,WMT3178,"36.927658,14.398577",3625,198,222
1786622572,2026-08-13T12:02:52Z,WMT3178,"36.926193,14.397116",3600,196,218
1786622574,2026-08-13T12:02:54Z,WMT3178,"36.925003,14.39603",3600,195,213
1786622576,2026-08-13T12:02:56Z,WMT3178,"36.923325,14.394836",3575,195,208
1786622578,2026-08-13T12:02:58Z,WMT3178,"36.921249,14.393667",3550,195,203
1786622580,2026-08-13T12:03:00Z,WMT3178,"36.91951,14.392966",3525,194,197
1786622582,2026-08-13T12:03:02Z,WMT3178,"36.918064,14.392508",3500,194,192
1786622585,2026-08-13T12:03:05Z,WMT3178,"36.91597,14.39215",3500,192,183
1786622587,2026-08-13T12:03:07Z,WMT3178,"36.914154,14.39209",3475,190,178
1786622589,2026-08-13T12:03:09Z,WMT3178,"36.912003,14.392265",3450,189,176
1786622591,2026-08-13T12:03:11Z,WMT3178,"36.910355,14.392615",3425,188,171
1786622593,2026-08-13T12:03:13Z,WMT3178,"36.908615,14.3932",3400,186,163
1786622595,2026-08-13T12:03:15Z,WMT3178,"36.906895,14.394",3375,186,157
1786622597,2026-08-13T12:03:17Z,WMT3178,"36.905216,14.395075",3375,186,152
1786622599,2026-08-13T12:03:19Z,WMT3178,"36.90382,14.39615",3350,187,146
1786622602,2026-08-13T12:03:22Z,WMT3178,"36.901958,14.397942",3325,187,141
1786622604,2026-08-13T12:03:24Z,WMT3178,"36.900742,14.399453",3300,186,133
1786622606,2026-08-13T12:03:26Z,WMT3178,"36.899632,14.401046",3275,186,128
1786622608,2026-08-13T12:03:28Z,WMT3178,"36.89859,14.402959",3275,186,122
1786622610,2026-08-13T12:03:30Z,WMT3178,"36.89772,14.404888",3250,187,117
1786622612,2026-08-13T12:03:32Z,WMT3178,"36.896976,14.406958",3225,187,112
1786622614,2026-08-13T12:03:34Z,WMT3178,"36.896374,14.409226",3200,189,106
1786622617,2026-08-13T12:03:37Z,WMT3178,"36.895954,14.411853",3175,188,101
1786622619,2026-08-13T12:03:39Z,WMT3178,"36.895752,14.413653",3175,189,94
1786622621,2026-08-13T12:03:41Z,WMT3178,"36.895676,14.416809",3150,190,91
1786622623,2026-08-13T12:03:43Z,WMT3178,"36.89566,14.418504",3125,190,90
1786622625,2026-08-13T12:03:45Z,WMT3178,"36.895626,14.421227",3100,190,90
1786622627,2026-08-13T12:03:47Z,WMT3178,"36.895615,14.423412",3075,190,91
1786622630,2026-08-13T12:03:50Z,WMT3178,"36.895523,14.426218",3050,190,92
1786622632,2026-08-13T12:03:52Z,WMT3178,"36.895393,14.428512",3050,189,93
1786622634,2026-08-13T12:03:54Z,WMT3178,"36.895294,14.4306",3025,188,94
1786622636,2026-08-13T12:03:56Z,WMT3178,"36.895115,14.433169",3000,187,95
1786622639,2026-08-13T12:03:59Z,WMT3178,"36.894928,14.435568",2975,187,95
1786622641,2026-08-13T12:04:01Z,WMT3178,"36.894791,14.437613",2975,186,94
1786622643,2026-08-13T12:04:03Z,WMT3178,"36.894695,14.440215",2950,185,90
1786622645,2026-08-13T12:04:05Z,WMT3178,"36.894695,14.442065",2925,183,87
1786622647,2026-08-13T12:04:07Z,WMT3178,"36.894928,14.444753",2925,180,83
1786622649,2026-08-13T12:04:09Z,WMT3178,"36.895203,14.446846",2925,178,80
1786622651,2026-08-13T12:04:11Z,WMT3178,"36.895432,14.448424",2925,175,78
1786622653,2026-08-13T12:04:13Z,WMT3178,"36.895908,14.451022",2925,173,77
1786622655,2026-08-13T12:04:15Z,WMT3178,"36.896347,14.45304",2900,171,75
1786622658,2026-08-13T12:04:18Z,WMT3178,"36.896744,14.454903",2900,168,73
1786622660,2026-08-13T12:04:20Z,WMT3178,"36.897217,14.456664",2900,167,70
1786622662,2026-08-13T12:04:22Z,WMT3178,"36.897907,14.458963",2900,166,68
1786622664,2026-08-13T12:04:24Z,WMT3178,"36.898514,14.460694",2900,166,65
1786622666,2026-08-13T12:04:26Z,WMT3178,"36.899368,14.462858",2900,167,62
1786622669,2026-08-13T12:04:29Z,WMT3178,"36.900284,14.464845",2900,167,60
1786622671,2026-08-13T12:04:31Z,WMT3178,"36.901402,14.467024",2900,168,56
1786622673,2026-08-13T12:04:33Z,WMT3178,"36.902344,14.468643",2900,169,54
1786622676,2026-08-13T12:04:36Z,WMT3178,"36.903355,14.470307",2900,169,52
1786622678,2026-08-13T12:04:38Z,WMT3178,"36.90424,14.471622",2900,169,50
1786622680,2026-08-13T12:04:40Z,WMT3178,"36.905266,14.473233",2900,170,50
1786622682,2026-08-13T12:04:42Z,WMT3178,"36.906521,14.475084",2875,171,49
1786622684,2026-08-13T12:04:44Z,WMT3178,"36.907471,14.476533",2875,171,49
1786622686,2026-08-13T12:04:46Z,WMT3178,"36.908661,14.478309",2850,170,50
1786622689,2026-08-13T12:04:49Z,WMT3178,"36.909668,14.479805",2825,169,50
1786622691,2026-08-13T12:04:51Z,WMT3178,"36.910858,14.481617",2800,168,51
1786622693,2026-08-13T12:04:53Z,WMT3178,"36.911911,14.483253",2775,165,51
1786622695,2026-08-13T12:04:55Z,WMT3178,"36.912735,14.484539",2750,163,51
1786622697,2026-08-13T12:04:57Z,WMT3178,"36.913876,14.486369",2725,162,51
1786622699,2026-08-13T12:04:59Z,WMT3178,"36.914841,14.487811",2700,159,50
1786622701,2026-08-13T12:05:01Z,WMT3178,"36.915802,14.489214",2675,159,50
1786622703,2026-08-13T12:05:03Z,WMT3178,"36.916763,14.490675",2650,157,50
1786622705,2026-08-13T12:05:05Z,WMT3178,"36.917587,14.491961",2625,156,49
1786622707,2026-08-13T12:05:07Z,WMT3178,"36.918533,14.493355",2600,155,49
1786622709,2026-08-13T12:05:09Z,WMT3178,"36.919743,14.495087",2575,153,49
1786622711,2026-08-13T12:05:11Z,WMT3178,"36.920441,14.496161",2550,151,50
1786622714,2026-08-13T12:05:14Z,WMT3178,"36.921432,14.497629",2500,149,50
1786622718,2026-08-13T12:05:18Z,WMT3178,"36.923447,14.500668",2425,146,49
1786622722,2026-08-13T12:05:22Z,WMT3178,"36.92519,14.503266",2375,143,50
1786622724,2026-08-13T12:05:24Z,WMT3178,"36.926071,14.50458",2350,142,50
1786622727,2026-08-13T12:05:27Z,WMT3178,"36.926971,14.505927",2325,141,50
1786622733,2026-08-13T12:05:33Z,WMT3178,"36.929798,14.510193",2250,144,50
1786622742,2026-08-13T12:05:42Z,WMT3178,"36.93338,14.515569",2175,146,49
1786622749,2026-08-13T12:05:49Z,WMT3178,"36.936447,14.520127",2075,146,50
1786622755,2026-08-13T12:05:55Z,WMT3178,"36.939388,14.524583",2000,144,50
1786622764,2026-08-13T12:06:04Z,WMT3178,"36.942879,14.529717",1900,144,50
1786622770,2026-08-13T12:06:10Z,WMT3178,"36.945484,14.533658",1825,144,50
1786622778,2026-08-13T12:06:18Z,WMT3178,"36.949173,14.539178",1725,144,50
1786622787,2026-08-13T12:06:27Z,WMT3178,"36.952888,14.544704",1625,142,50
1786622795,2026-08-13T12:06:35Z,WMT3178,"36.956268,14.549755",1525,139,49
1786622803,2026-08-13T12:06:43Z,WMT3178,"36.959747,14.554956",1425,138,49
1786622810,2026-08-13T12:06:50Z,WMT3178,"36.962311,14.558755",1350,137,50
1786622818,2026-08-13T12:06:58Z,WMT3178,"36.965881,14.564131",1250,136,50
1786622825,2026-08-13T12:07:05Z,WMT3178,"36.968437,14.567871",1175,136,49
1786622834,2026-08-13T12:07:14Z,WMT3178,"36.97216,14.573364",1075,136,50
1786622842,2026-08-13T12:07:22Z,WMT3178,"36.975632,14.578624",975,137,50
1786622849,2026-08-13T12:07:29Z,WMT3178,"36.97821,14.5825",900,137,50
1786622858,2026-08-13T12:07:38Z,WMT3178,"36.981766,14.587857",800,138,49
1786622867,2026-08-13T12:07:47Z,WMT3178,"36.985291,14.593116",700,137,50
1786622873,2026-08-13T12:07:53Z,WMT3178,"36.988083,14.597265",625,132,50
1786622880,2026-08-13T12:08:00Z,WMT3178,"36.99078,14.601308",575,128,50
1786622885,2026-08-13T12:08:05Z,WMT3178,"36.992409,14.603696",575,114,49
1786622887,2026-08-13T12:08:07Z,WMT3178,"36.993118,14.604746",575,107,50
1786622889,2026-08-13T12:08:09Z,WMT3178,"36.993855,14.605845",575,100,50
1786622896,2026-08-13T12:08:16Z,WMT3178,"36.995632,14.608533",0,76,50
1786622904,2026-08-13T12:08:24Z,WMT3178,"36.997181,14.610831",0,57,50
1786622910,2026-08-13T12:08:30Z,WMT3178,"36.998051,14.612123",0,40,50
1786622917,2026-08-13T12:08:37Z,WMT3178,"36.998749,14.613116",0,23,47
1786622921,2026-08-13T12:08:41Z,WMT3178,"36.999023,14.613423",0,22,42
1786622923,2026-08-13T12:08:43Z,WMT3178,"36.999241,14.613623",0,22,36
1786622927,2026-08-13T12:08:47Z,WMT3178,"36.999496,14.613847",0,21,33
1786622930,2026-08-13T12:08:50Z,WMT3178,"36.999729,14.614011",0,21,30
1786622933,2026-08-13T12:08:53Z,WMT3178,"37.000031,14.614198",0,20,28
1786622936,2026-08-13T12:08:56Z,WMT3178,"37.000305,14.614344",0,20,25
1786622938,2026-08-13T12:08:58Z,WMT3178,"37.000511,14.614444",0,18,22
1786622942,2026-08-13T12:09:02Z,WMT3178,"37.000767,14.614563",0,14,19
1786622945,2026-08-13T12:09:05Z,WMT3178,"37.000969,14.614621",0,12,14
1786622951,2026-08-13T12:09:11Z,WMT3178,"37.001244,14.614518",0,12,343
1786622956,2026-08-13T12:09:16Z,WMT3178,"37.001396,14.614249",0,12,306
1786622959,2026-08-13T12:09:19Z,WMT3178,"37.001396,14.614011",0,12,278
1786622964,2026-08-13T12:09:24Z,WMT3178,"37.001266,14.613745",0,13,244
1786622968,2026-08-13T12:09:28Z,WMT3178,"37.00106,14.613467",0,14,230
1786622972,2026-08-13T12:09:32Z,WMT3178,"37.000931,14.613264",0,15,230
1786622977,2026-08-13T12:09:37Z,WMT3178,"37.000671,14.612862",0,18,230
1786622979,2026-08-13T12:09:39Z,WMT3178,"37.000534,14.612653",0,19,230
1786622981,2026-08-13T12:09:41Z,WMT3178,"37.000397,14.612445",0,19,230
1786622984,2026-08-13T12:09:44Z,WMT3178,"37.000248,14.61224",0,21,230
1786622992,2026-08-13T12:09:52Z,WMT3178,"36.99971,14.611422",0,24,230
1786622999,2026-08-13T12:09:59Z,WMT3178,"36.999241,14.610726",0,20,230
1786623007,2026-08-13T12:10:07Z,WMT3178,"36.998783,14.610048",0,18,230
1786623013,2026-08-13T12:10:13Z,WMT3178,"36.99844,14.609537",0,18,230
1786623020,2026-08-13T12:10:20Z,WMT3178,"36.9981,14.60901",0,16,230
1786623027,2026-08-13T12:10:27Z,WMT3178,"36.997765,14.608515",0,15,230
1786623035,2026-08-13T12:10:35Z,WMT3178,"36.997437,14.608025",0,13,230
1786623041,2026-08-13T12:10:41Z,WMT3178,"36.997192,14.607667",0,11,230
1786623049,2026-08-13T12:10:49Z,WMT3178,"36.997017,14.607413",0,5,230
1786623057,2026-08-13T12:10:57Z,WMT3178,"36.997112,14.6072",0,6,284
1786623069,2026-08-13T12:11:09Z,WMT3178,"36.997318,14.607024",0,4,317
1786623089,2026-08-13T12:11:29Z,WMT3178,"36.99752,14.606965",0,1,340
